:020000040800F2
:100000000020002019120008210E0008230E00080D
:1000100000000000000000000000000000000000E0
:10002000000000000000000000000000250E000895
:100030000000000000000000270E0008290E000844
:1000400069120008691200086912000869120008A4
:10005000691200082B0E0008691200083B0E000808
:1000600000000000450E0008550E00086D0E000847
:100070007D0E000869120008691200086912000864
:100080006912000869120008691200086912000864
:1000900000000000691200088D0E000869120008B7
:1000A0006912000869120008691200086912000844
:0C00B0009D0E000869120008000000000E
:1000BC0010B5064C2378002B07D1054B002B02D032
:1000CC00044800E000BF0123237010BD98000020FD
:1000DC0000000000DCC20008044B10B5002B03D05C
:1000EC000349044800E000BF10BDC04600000000FA
:1000FC009C000020DCC200080023C25C0133002AF3
:10010C00FBD1581E7047000002B4714649084900E3
:10011C00095649008E4402BC7047C04602B4714671
:10012C0049084900095C49008E4402BC7047C0462E
:10013C0003B47146490840004900095E49008E44E9
:10014C0003BC7047002243088B4274D303098B42D3
:10015C005FD3030A8B4244D3030B8B4228D3030C8B
:10016C008B420DD3FF22090212BA030C8B4202D32D
:10017C001212090265D0030B8B4219D300E0090A55
:10018C00C30B8B4201D3CB03C01A5241830B8B425E
:10019C0001D38B03C01A5241430B8B4201D34B0347
:1001AC00C01A5241030B8B4201D30B03C01A5241AC
:1001BC00C30A8B4201D3CB02C01A5241830A8B4231
:1001CC0001D38B02C01A5241430A8B4201D34B021A
:1001DC00C01A5241030A8B4201D30B02C01A52417E
:1001EC00CDD2C3098B4201D3CB01C01A5241830932
:1001FC008B4201D38B01C01A524143098B4201D36C
:10020C004B01C01A524103098B4201D30B01C01A96
:10021C005241C3088B4201D3CB00C01A5241830810
:10022C008B4201D38B00C01A524143088B4201D33D
:10023C004B00C01A5241411A00D20146524110469D
:10024C007047FFE701B5002000F0F0F802BDC04692
:10025C000029F7D076E7704703460B437FD4002282
:10026C0043088B4274D303098B425FD3030A8B423E
:10027C0044D3030B8B4228D3030C8B420DD3FF22A8
:10028C00090212BA030C8B4202D31212090265D076
:10029C00030B8B4219D300E0090AC30B8B4201D329
:1002AC00CB03C01A5241830B8B4201D38B03C01A70
:1002BC005241430B8B4201D34B03C01A5241030BE7
:1002CC008B4201D30B03C01A5241C30A8B4201D398
:1002DC00CB02C01A5241830A8B4201D38B02C01A43
:1002EC005241430A8B4201D34B02C01A5241030ABA
:1002FC008B4201D30B02C01A5241CDD2C3098B429F
:10030C0001D3CB01C01A524183098B4201D38B011B
:10031C00C01A524143098B4201D34B01C01A5241BE
:10032C0003098B4201D30B01C01A5241C3088B4203
:10033C0001D3CB00C01A524183088B4201D38B00EE
:10034C00C01A524143088B4201D34B00C01A524190
:10035C00411A00D201465241104670475DE0CA0F67
:10036C0000D04942031000D34042534000229C4627
:10037C0003098B422DD3030A8B4212D3FC22890131
:10038C0012BA030A8B420CD3890192118B4208D307
:10039C00890192118B4204D389013AD0921100E069
:1003AC008909C3098B4201D3CB01C01A524183097D
:1003BC008B4201D38B01C01A524143098B4201D3AA
:1003CC004B01C01A524103098B4201D30B01C01AD5
:1003DC005241C3088B4201D3CB00C01A524183084F
:1003EC008B4201D38B00C01A5241D9D243088B42A5
:1003FC0001D34B00C01A5241411A00D20146634648
:10040C0052415B10104601D34042002B00D54942AB
:10041C00704763465B1000D3404201B5002000F0EA
:10042C0005F802BD0029F8D016E770477047C046A2
:10043C00002B11D1002A0FD1002900D1002802D0A5
:10044C000021C943080007B4024802A140180290D9
:10045C0003BDC046D9FFFFFF03B4684601B502983F
:10046C0000F006F8019B9E4602B00CBC7047C046DB
:10047C00F0B557464E464546DE46E0B504000D0045
:10048C009246994683B08B4230D82DD0494650467F
:10049C0000F0D8F829000600200000F0D3F8331A39
:1004AC009846203B34D49B4653465A46934042468A
:1004BC001F00534693401E00AF423BD8AF4200D1C1
:1004CC0079E05B46A41BBD41002B00DA76E00022EC
:1004DC0000230092019301235A4693400193012378
:1004EC0042469340009329E08242CFD90022002358
:1004FC00009201930C9B002B01D01C605D60009856
:10050C00019903B0F0BCBB46B246A946A046F0BD6B
:10051C0042469B4620239B1A5246DA404146130022
:10052C004A468A40170042461F43534693401E00DA
:10053C00AF42C3D900220023009201934346002B03
:10054C00D8D0FB0772081A4346467B080EE0AB4234
:10055C0001D1A2420CD8A41A9D41012024196D414D
:10056C000021013E24184D41002E06D0AB42EED99D
:10057C00013E24196D41002EF8D1009801995B467B
:10058C0000196941002B24DB2B005A464446D3400A
:10059C002A00E2401C005B461500002B2ADB2600DB
:1005AC009E40330026004746BE403200801A9941D7
:1005BC00009001919EE7A342BCD882E742462023DB
:1005CC0000219B1A0022009101920122DA40019233
:1005DC0085E7424620239B1A2A0046469A40230070
:1005EC00F340444613432A00E2401C005B461500CE
:1005FC00002BD4DA42462F002023260097409B1A6A
:10060C00DE403B003343CDE71C2101231B04984201
:10061C0001D3000C10391B0A984201D3000A083987
:10062C001B09984201D30009043902A2105C40183E
:10063C007047C046040302020101010100000000E2
:10064C000000000010B5002903D1FFF7DDFF2030BA
:10065C0002E00800FFF7D8FF10BDC0461FB50C2202
:10066C00002101A80BF061FA1D4C1E4B08222360DF
:10067C008023DB05636000236261073AA118CB7706
:10068C0021002C310A7005216163A1632100A36054
:10069C00E360236123836362A3622363A3648023E7
:1006AC003C31A276E2610A701B3222649B056432F3
:1006BC0020006264E36400F00FFE002801D000F01B
:1006CC00CBFA094B20000193002301A90293039359
:1006DC0001F018F8002801D000F0BEFA1FBDC0468A
:1006EC0010010020002401400001002030B505005D
:1006FC0089B01422002103A80BF017FA224B2A68A8
:10070C009A423ED18021214B49031A6C20480A435E
:10071C001A641A6C0A4002210192019A5A6B0A431C
:10072C005A635B6B0B400293029B012303935B1890
:10073C0003A9049301F076FD164C174B200023609F
:10074C00052363600023A360E3608033236180335F
:10075C0063618023DB00A3612023E36180235B01C1
:10076C00236201F0B1FB002801D000F075FA0C20D7
:10077C00002202212C65A56201F026FB0C2001F061
:10078C004DFB09B030BDC0460024014000100240B2
:10079C0000040050B4000020300002400A4B0268F4
:1007AC0010B504009A420ED1084A0949136C094845
:1007BC000B401364012101F0E7FD206D01F0DEFB1D
:1007CC000C2001F037FB10BD00240140001002404A
:1007DC00FFFFEFFF0004005013B50124104B032161
:1007EC009A6B092022439A639B6B0022234001934E
:1007FC00019B01F0E9FA092001F010FB0022032112
:10080C000A2001F0E1FA0A2001F008FB0022210085
:10081C000B2001F0D9FA0B2001F000FB13BDC046F0
:10082C0000100240F0B504278BB01422002105A85B
:10083C000BF07BF9202101250226484B80245A6BB2
:10084C0024023A435A635A6B45483A400192019A42
:10085C005A6B0A435A635A6B0A400292029A5A6BB9
:10086C0021002A435A635A6B2A400392039A5A6B0B
:10087C0032435A635B6B002233400493049B01F0B8
:10088C00FBFDA02000223749C00501F0F5FD002238
:10089C001021354801F0F0FD0594002405A93048DD
:1008AC0006950794089401F0BDFC032305A92F4875
:1008BC00069305970794842701F0B4FCA020BF038E
:1008CC0005A9C00506970595079401F0ABFCA0207F
:1008DC00122305A9C00505930694079501F0A2FC07
:1008EC00A020204A05A9C0050592069507940894F6
:1008FC0001F098FC22230697402705A91A48059376
:10090C00079501F08FFC05A91548059706940795E6
:10091C0001F088FC102305A913480593069507944C
:10092C00089401F07FFC032305A90F480693059753
:10093C00079401F077FC22003100052001F044FA05
:10094C00052001F06BFA22003100072001F03CFA7F
:10095C00072001F063FA0BB0F0BDC0460010024056
:10096C00000800506080000000040050001400508B
:10097C0010B5134B134C01222360134B2000636002
:10098C000023E260A36023616361A361E3612362DE
:10099C0001F06AFF002801D000F05EF90021200070
:1009AC0002F0F0FA002801D000F056F900212000E6
:1009BC0002F00EFB002801D000F04EF910BDC0462D
:1009CC0000540040C00100205B3D300010B5134BBB
:1009DC00134C01222360134B200063600023E26060
:1009EC00A36023616361A361E361236201F03CFFB7
:1009FC00002801D000F030F90021200002F0C2FAEA
:100A0C00002801D000F028F90021200002F0E0FAC3
:100A1C00002801D000F020F910BDC046005800405D
:100A2C00740100205B3D300010B504008CB0142222
:100A3C00002107A80BF079F82368324A93423ED183
:100A4C00314B324C1A780223002A1BD0626B30488F
:100A5C001A436263626B07A913400193019BC02385
:100A6C000793AE3B08930C3B0B9301F0DBFB80220E
:100A7C00E36B92031343E363E36B13400293029B18
:100A8C000CB010BD626B22481A436263626B07A9FB
:100A9C0013400393039BC0235B0007936F3BFF3B07
:100AAC0008930C3B0B9301F0BDFB8022E36B92038C
:100ABC001343E363E36B13400493049BE0E7154A91
:100ACC009342DDD10122114CA020636B07A9134383
:100ADC006363636BC00513400593059BC0235B01E7
:100AEC000793122308930C3B0B9301F09BFB802282
:100AFC00E36BD2031343E363E36B13400693069B50
:100B0C00BEE7C046005400403C05002000100240E7
:100B1C0000040050005800400368134A10B593427B
:100B2C000ED1124A1249D36B12480B40D363802169
:100B3C0001F02AFC80210F48490001F025FC10BD72
:100B4C000D4A9342FBD1094A0C49D36BA0200B40B0
:100B5C008021C0050901D36301F016FC8021A0207F
:100B6C004901C005E9E7C0460054004000100240AE
:100B7C00FFFFDFFF0004005000580040FFFFBFFFE5
:100B8C0000B59DB0382200210EA80AF0CEFF10222D
:100B9C00002168460AF0C9FF0021282204A80AF0A7
:100BAC00C4FF8020800002F059FA02230E93FE331A
:100BBC004022119300230EA812931392159302F066
:100BCC0079FA011E01D072B6FEE70723019002905C
:100BDC0003906846009302F0D5FC002801D072B651
:100BEC00FEE7074B07900B900C9004A8049302F0BF
:100BFC00A5FD002801D072B6FEE71DB000BDC046B1
:100C0C002040200010B500F02BFBFFF7B9FFFFF7D9
:100C1C0009FE00F04FFAFFF7DFFD00F01FF8FFF7B9
:100C2C00D5FEFFF7A5FEFFF719FD00F0C9F907F097
:100C3C0007FF08F029FE08F06FFEFCE710B5FFF780
:100C4C0097FE10BD034B026810B59A4201D100F01B
:100C5C001BFB10BD0048014072B6FEE7E0221148B4
:100C6C00114B10B503608223D200C26080225B005E
:100C7C004360002392008261F13AFF3A8360036182
:100C8C004361C261036243628362093A03630833BE
:100C9C00C262436302F01EFF002801D0FFF7DCFFA5
:100CAC0010BDC0460C0200200030014010B50400FD
:100CBC0088B01422002103A80AF037FF194B2268D0
:100CCC009A422CD18021184B49011A6C02240A43F8
:100CDC001A641A6CA0200A4001210092009A5A6BE7
:100CEC00C0050A435A635A6B0A400192019A5A6B27
:100CFC0003A922435A635B6B049423400293029B27
:100D0C008023039301F08EFA0823039300230748F2
:100D1C0003A9049405930693079301F083FA08B092
:100D2C0010BDC046003001400010024000040050CD
:100D3C00094B026810B59A420DD1A020074A084908
:100D4C00136CC0050B401364802101F01DFB0821BE
:100D5C00044801F019FB10BD0030014000100240A6
:100D6C00FFEFFFFF0004005001210A4B82B01A6C08
:100D7C000A431A641A6C0A4080210092009ADA6BBA
:100D8C0049050A43DA63DB6B0B400193019B02B00C
:100D9C007047C0460010024010B5010086B000221A
:100DAC00162001F011F8162001F038F88021144BB0
:100DBC00C9021A6C02A80A431A641B6C0B400193FB
:100DCC006946019B02F0A0FC02F08AFC0D4C0E4B14
:100DDC000E4923600E4BE360FFF7B4F90023013892
:100DEC00606020002361A36003F08CFA03000120F3
:100DFC00002B02D1200003F0D1F806B010BDC04684
:100E0C0000100240700200200048014040420F00D8
:100E1C00E7030000FEE7FEE770477047704710B528
:100E2C00012001F031FB022001F02EFB10BD10B5AA
:100E3C00202001F029FB10BD10B5024801F09EF9ED
:100E4C0010BDC046C403002010B5034801F096F94C
:100E5C00024801F093F910BD68030020B400002093
:100E6C0010B5024801F08AF910BDC046C00200203E
:100E7C0010B5024800F098FB10BDC04610010020D0
:100E8C0010B5024803F012F910BDC04670020020E4
:100E9C0010B5024803F0ACFF10BDC0462004002082
:100EAC000120704710B50AF0A3FE16230360012041
:100EBC00404210BD10B50AF09BFE16230360FEE7FE
:100ECC000B490C4A0300521A0B4910B5086800284C
:100EDC0001D10A4808600868C318934206D90AF081
:100EEC0087FE0C2303600120404210BD0B60FCE721
:100EFC000004000000200020BC020020A00C0020F8
:100F0C007047000037B5164B026805009A4226D18F
:100F1C008021144B09011A6C134C0A431A641B6C84
:100F2C0080220B400193019B104B22612360142300
:100F3C006360043BA3600023E360A3612033E3619F
:100F4C0080238132FF329B0120006261236200F01A
:100F5C00BBFF002801D0FFF77FFE6C62A56237BD96
:100F6C00002C014000100240C0020020440002404E
:100F7C0010B5040086B01422002101A80AF0D5FD9A
:100F8C000D4B22689A4214D101210C4BA0205A6BB4
:100F9C00C0050A435A635B6B0B400093009B802394
:100FAC005B00019301A9FE3B02930393059301F0AF
:100FBC0039F906B010BDC046002C014000100240AB
:100FCC0030B59DB01022002104A80AF0AEFD0C2211
:100FDC00002101A80AF0A9FD1C22002108A80AF092
:100FEC00A4FD342200210FA80AF09FFD2F4D304B99
:100FFC0013222B60002328006B60AB60EA602B612E
:10100C006B61AB6103F07EF9002801D0FFF724FE81
:10101C00802328005B0104A9049303F095FA0028AF
:10102C0001D0FFF719FE280003F096F9002801D033
:10103C00FFF712FE0023280001A9019302930393EA
:10104C0003F0AEFC002801D0FFF706FE002460235D
:10105C002200280008A9089309940A940B940C9474
:10106C000D940E9403F0DEF9A04201D0FFF7F4FDCD
:10107C0080239B011493802328009B040FA90F94B9
:10108C001094119412941394159416941794189315
:10109C0019941A941B9403F0B7FC002801D0FFF7A5
:1010AC00DBFD2800FFF764FF1DB030BD1C030020E2
:1010BC00002C01400C480D4B10B50360E1235B0282
:1010CC000C224360002342618360C360036183612F
:1010DC00C36103624362836204F0DCFC002801D02C
:1010EC00FFF7BAFD10BDC0462004002000440040AC
:1010FC0030B5050089B01422002103A80AF015FDB3
:10110C002C4B2A689A4252D180212B4B8902DA6BE4
:10111C00A0200A43DA63DA6BC0050A400192019AF7
:10112C000122596B114359635B6B03A91340029362
:10113C00029B0C2303930A3B0493079201F072F871
:10114C001E4C1F4B8022236034236360002320003D
:10115C00A360E36022616361A361E361236200F039
:10116C00B3FE002801D0FFF777FD164BEC67A562A4
:10117C00154C8022236035236360253BA36000233C
:10118C002000E36022616361A361E361236200F0EC
:10119C009BFE002801D0FFF75FFD1C2000220221DE
:1011AC00AC67A56200F010FE1C2000F037FE09B001
:1011BC0030BDC0460044004000100240C403002073
:1011CC00080002401C000240680300200C4B02681F
:1011DC0010B504009A4212D1A0200A4A0A49D36BD6
:1011EC00C0050B40D3630C2101F0CEF8E06F00F08A
:1011FC00C5FEA06F00F0C2FE1C2000F01BFE10BD4F
:10120C000044004000100240FFFFFDFF0D488546E2
:10121C00FFF776FE0C480D490D4A002302E0D45826
:10122C00C4500433C4188C42F9D30A4A0A4C002324
:10123C0001E013600432A242FBD30AF0DFFCFFF79B
:10124C00E1FCFEE7002000200000002094000020BC
:10125C0084E1000898000020A00C0020FEE70000AC
:10126C008023084A5B00116810B50B430320136000
:10127C00FFF792FD041E03D1FFF776FD200010BD91
:10128C000124FBE700200240034A044B11681B7841
:10129C005B1813607047C046B004002004000020A7
:1012AC00014B18687047C046B004002070B50400AC
:1012BC00FFF7F6FF0500631C02D0044B1B78E41803
:1012CC00FFF7EEFF401BA042FAD370BD04000020D4
:1012DC0080684007C00F70470023F0B585B004004C
:1012EC000393984200D1F0E0856D9D4205D1FFF744
:1012FC00FDF923005433E5651D70802325685B05DB
:10130C00AA681A4200D1A7E00022AB680192DB0068
:10131C0008D410230126A26D01961343A365E36D37
:10132C003343E3652800FFF7D3FF1022A36D13406E
:10133C00034300D0CCE0A26D674B20691A40063302
:10134C00FF331343A365AB68DB0761D4276BE168FC
:10135C007B1E9F41A368A27E0B43217E3F03890322
:10136C000B43617EC9030B4351030B439C4600287E
:10137C0000DB86E041004908230066462C331B78CD
:10138C005B0033433B430B43611CC97F012905D1EF
:10139C00002A00D078E0802252021343626A002AAD
:1013AC0005D0E02149000A40A16A0A431343EA68C8
:1013BC004A490A401343EB60230062683C33E16CFA
:1013CC001B78970FBF079C463943012B08D1236C20
:1013DC00666C33430B43A16C0B4361463B4319438F
:1013EC002B693F4F3B400B4380212B6153005B0823
:1013FC00C9058B420CD080231B069A4208D0394970
:10140C00394F0B683B40F027BF033A4013430B6046
:10141C00072170276B69626B8B4313436B6169699E
:10142C00A36BB9431B010B436B61002834D1102310
:10143C00A96A5B420B43AB6207216B690B409A4272
:10144C0039D10023E365A26D03339A43023B134366
:10145C00A365019805B0F0BDAA6824490A4013435E
:10146C00AB60234B23491868FEF76CFE013040003B
:10147C000390039B002B00D146E7039B013B039396
:10148C00F7E78021890377E72022A76D3A43A2650D
:10149C00E26D1143E16581E780239B039842CBD138
:1014AC001C21AB6AE369013B9B000B402C39994032
:1014BC000B00216EBEE71223A26D9A43023B13432D
:1014CC00A3650123E26D1343E36501230193C0E798
:1014DC00A36D1A43A265F8E7FDFEFFFF0102FEFFB4
:1014EC0002FCFF1F08270140FFFFC3FFE8FFFF6F4F
:1014FC0000000020400D03007047704710B5806A53
:10150C00FFF7FBFF10BD704770474023806A10B592
:10151C00826D134383650423C26D1343C365FFF7C8
:10152C00F3FF10BD502370B5846AA26D1A422DD101
:10153C00A26DB133FF331343A365C02325681B0190
:10154C00EA681A4215D1A37E002B12D12B681B0717
:10155C000FD52800FFF7BCFE00280ED10C226B68BB
:10156C0093436B60A26D0F4B1A400433FF3313434C
:10157C00A3652000FFF7C0FF70BD2023A26D1343AD
:10158C00A3650123E26D1343E365F2E7A36DDB066C
:10159C0003D52000FFF7B8FFEEE7236D5B6B984790
:1015AC00EAE7C046FEFEFFFFF8B5036804001E68BC
:1015BC005D6802231E420FD01D420DD0836DDB06E9
:1015CC0004D48023826D1B0113438365200000F03B
:1015DC00F9FB022223681A6004231E4201D01D422B
:1015EC0004D108231E422BD01D4229D0A36DDB064B
:1015FC0004D48023A26D9B001343A365C0232768EA
:10160C001B01FA681A4215D1A37E002B12D13B683C
:10161C001B070FD53800FFF75BFE002866D10C22A4
:10162C007B6893437B60A26D354B1A400433FF33C8
:10163C001343A3652000FFF75FFF0C2223681A6099
:10164C0080273E420BD03D4209D08023A26D5B0225
:10165C001343A3652000FFF756FF23681F60802704
:10166C007F003E420BD03D4209D08023A26D9B02ED
:10167C001343A365200000F0A3FB23681F608027A1
:10168C00BF003E420BD03D4209D08023A26DDB024D
:10169C001343A365200000F094FB23681F60102304
:1016AC001E4217D01D4215D0236B002B03D023688C
:1016BC00DB689B070BD08023A26DDB001343A36573
:1016CC000223E26D20001343E365FFF71DFF102298
:1016DC0023681A608027BF013E4206D03D4204D0E9
:1016EC00200000F070FB23681F60F8BD2023A26D62
:1016FC001343A3650123E26D1343E3659AE7C046E8
:10170C00FEFEFFFF0023F0B585B0039303000091AC
:10171C0054331A7804000220012A4CD00122276984
:10172C001A7025682800FFF7D3FD002800D0E9E0E7
:10173C00009B04225B6880219C4697436246009B79
:10174C0009061B68022A00D1B0E05A03520B8F42E3
:10175C0033D1A96A0A43AA62009A6869926819028D
:10176C006B4E0A403240884302436A61002B1EDAFA
:10177C00E021684A6848156849042940834200D032
:10178C007EE080200004054211D11368634D2B408C
:10179C000B431843624B106018686249FEF7D2FC89
:1017AC00431C0C2058430390039B002B64D1002056
:1017BC0000235434237005B0F0BD1F2167460F4041
:1017CC001039B940CE430196266E8E433100002A63
:1017DC0012D1980E1F321040B8406246084392084E
:1017EC00E169013220668A42B6D8A96A01989A004A
:1017FC00120FBA400140ADE701221342ECD192180E
:10180C0001201342E8D1100002321342E4D101301E
:10181C001A07E1D40130DA06DED401309A06DBD4A3
:10182C0001305A06D8D401301A06D5D40130DA0565
:10183C00D2D401309A05CFD401305A05CCD4013022
:10184C001A05C9D40130DA04C6D401309A04C3D4C1
:10185C0001305A04C0D401301A04BDD40130DA036B
:10186C00BAD401309A03B7D480221800D2021040A7
:10187C001342B1D01220AFE7039B013B039393E7D4
:10188C00294883420BD180204004054200D08EE7CA
:10189C001368224D2B400B431843106087E72348F5
:1018AC00834200D083E78020C003EEE78F4204D14F
:1018BC00AA6A5903490B8A43AA62002B00DB76E71C
:1018CC00144A15481168834208D1A02310685B04A0
:1018DC000B40124901400B43136068E712488342E6
:1018EC0003D1C02310681B04F2E71048834200D0D8
:1018FC005DE7C020400413680140084803401943C9
:10190C00116054E72023A26D01201343A3654FE718
:10191C0000FFFF0708270140001000B0FFFF3FFE4B
:10192C0000000020400D0300004000B8002000B46F
:10193C0070B5056804002800FFF7CAFC002801D127
:10194C00002070BDAB689B0705D4AA680F4B1A40EA
:10195C0010231343AB60FFF7A3FC04260500236898
:10196C009B683342ECD0FFF79BFC401B0228F6D956
:10197C0023689B683342F2D010230120A26D1343DD
:10198C00A365E36D0343E365DBE7C046E8FFFF7F38
:10199C000023F7B5026801939168013304001942E2
:1019AC0001D00020FEBD90682249084208D01022C8
:1019BC00A16D0A43A265E26D13430120E365F1E7D3
:1019CC0091681D4F39400B4393601C4B1B681B02E5
:1019DC0021D4637E012BE4D0FFF762FC01250600C5
:1019EC00226813682B42DCD193682B4203D1936895
:1019FC003B402B439360FFF753FC801B0228EFD92D
:101A0C0023681B682B42EBD11023A26D1343A365F3
:101A1C00E36D2B43D1E70A4B0A491868FEF792FB9A
:101A2C0001300190019B002BD3D0019B013B019312
:101A3C00F8E7C04617000080E8FFFF7F0827014049
:101A4C0000000020400D0300F7B5056804002800D5
:101A5C000E000192FFF73CFC022300283FD1270027
:101A6C0054373A78012A3AD0013B3B70EA681A4263
:101A7C000CD1AA681A4205D0AA681A4B1A40022344
:101A8C001343AB600123EA681343EB602000FFF7BC
:101A9C007FFF031E23D1A16D134A114080225200F7
:101AAC000A43A265E065114A206D2168C262104AA2
:101ABC000263104A42631C220A603B704A6810336E
:101ACC0013434B603200019B403100F09BFA030042
:101ADC002068044A8168114004220A43826018007D
:101AEC00FEBDC046E8FFFF7FFEF0FFFF311500088A
:101AFC0009150008171500080122036870B50400C9
:101B0C0098689968114201D1002070BD02210842E9
:101B1C00FAD105209D680540012D1ED19A68134805
:101B2C0002401143032299601A60FFF7B9FB0600CB
:101B3C0023689B682B42E7D0FFF7B2FB801B02287F
:101B4C00F6D923689B682B42F2D01023A26D134365
:101B5C00A365E36D2B43E36506E01023A16D0B43F6
:101B6C00A365E36D1A43E2650120CEE7E8FFFF7F32
:101B7C0070B504000125002840D00223826D134368
:101B8C008365FFF7D5FE051E0BD12000FFF7B4FFD0
:101B9C00051E01D10123A3652268194993680B40E6
:101BAC009360236817495A6800260A405A60164AFF
:101BBC0016491A60DA6820000A400721DA601A69AF
:101BCC005434920092081A615A698A435A611A6A0B
:101BDC000F490A401A625A6A0A405A62DA6A0A4083
:101BEC00DA629A6A0B4A9E6213680B490B401360C7
:101BFC00FEF7D4FDA660E66066602670280070BD16
:101C0C00E8FFFF6F60FCFFFF9F03000000023E83B4
:101C1C0000F000F008270140FFFF03FE70B506003E
:101C2C005436337804000225012B26D0012333705F
:101C3C00FFF77EFE051E1ED1206D831DDB7F022B60
:101C4C0008D100F027FA002804D040230500A26D2B
:101C5C001343A36510212268200053688B43536003
:101C6C00002D0CD1FFF748FF051E0BD00121226877
:101C7C00D3688B43D36000233370280070BDFFF70B
:101C8C003BFFF3E7A26D034B1A400433FF331343BE
:101C9C00A365EBE7FEFEFFFF0023F0B585B00393D1
:101CAC00030054331A7804000225012A3DD0012682
:101CBC001E70FFF721FF2368050099680A00324067
:101CCC00314207D01023A26D1343A3650023543473
:101CDC0023702AE008267F27A06D3449084006317E
:101CEC00FF310143A165D868314908400190D9689A
:101CFC0030480140D96098682F4908401831084392
:101D0C0098609868002813DA0398013003900399BF
:101D1C002A488142F5D91223A26D54349A43023BCE
:101D2C0013436360002323700125280005B0F0BD28
:101D3C001800B4300168013E39408C466244002ED4
:101D4C00D9D19E681C49D2080E40B4460126614682
:101D5C00314399600168B9430A4302609A68164995
:101D6C00114002220A439A60FFF79AFA070023688F
:101D7C009A68324208D1DA6801990A43DA60032280
:101D8C00A36D93433343A0E7FFF78AFAC01B0228E5
:101D9C00EDD923689B683342E9D01023A26D13431D
:101DAC00A365E36D3343E365BEE7C046FDFEFFFF6D
:101DBC0003800000FC7FFFFFE8FFFF7FFFF10200C4
:101DCC00704770477047704710B5FF2403220B0013
:101DDC0021000240D20091409B012340C943934013
:101DEC0000280ADBC0240B4A800880008018A4005D
:101DFC0002590A401343035110BD0F2210400838FA
:101E0C00054A800880008018C26911401943C161DD
:101E1C00F2E7C04600E100E000ED00E0002805DB41
:101E2C001F2318401E3B8340014A13607047C04675
:101E3C0000E100E0002809DB1F2318401E3B834013
:101E4C00034AD367BFF34F8FBFF36F8F7047C04602
:101E5C0004E100E0F0B5846CC56C6560046D002C89
:101E6C0002D0446D856D65601C24056C084E2540C0
:101E7C001B3CAC4077683C437460046863608368C7
:101E8C00102B02D1A260E160F0BDA160E260FBE723
:101E9C000000024010B50400036C094A9B089B1813
:101EAC009B00436400681421C0B20838FEF74AF95D
:101EBC00044BA3641F2318401E3B8340E36410BDF6
:101ECC000082001080080240F8B504000120002CAC
:101EDC0046D02568254B1421E818FEF733F9022368
:101EEC008000A61D2064F3772B68214AA768134055
:101EFC002B60E36821693B430B4361692A680B4300
:101F0C00A16920000B43E1690B43216A0B43134386
:101F1C002B60FFF7BFFF8023DB019F4201D1002321
:101F2C0063603F236268616C13400B60E06CA16CD2
:101F3C00013A4860032A14D80E4A0F489918012216
:101F4C00013B9A40A265130000228900216560655F
:101F5C000A60436000200123E0630534F377E077E7
:101F6C00F8BD002323656365A365F3E7F8FFFDBFA8
:101F7C000F80FFFF3F82001040090240F8B5012599
:101F8C0004002800002C34D0276814213B6800265C
:101F9C00AB433B60174BF818FEF7D4F81C238000BA
:101FAC00206418402B008340134A3E605168200087
:101FBC000B435360FFF76EFF636CE26C1E60A36C07
:101FCC005A6063685A1E032A06D895400B495B1861
:101FDC009B001E600A4B5D600020A31D20656065A0
:101FEC00A065E06220636063A063E0630534D8778A
:101FFC00E077F8BDF8FFFDBF000002403F82001003
:10200C0040090240F7B5451D0193EE7F0400022004
:10201C00012E33D00138E877A71DFE7FB446634606
:10202C00F6B200960026834230D10130F87725684D
:10203C00E6632868009B98432860019B2000FFF70B
:10204C0009FF236BB3421AD00E232A6813432B606B
:10205C00636C1A68D20304D58022196852000A43B3
:10206C001A60236D002B04D08022196852000A4399
:10207C001A60012300202A6813432B60FEBD042242
:10208C002B6893432B602A680A23DFE78023E363E2
:10209C00EE77F3E7F0B5002808D0841DE37F411DEF
:1020AC00022B05D00423C3630023CB770120F0BDA2
:1020BC000E250268466C1368AB4313603368104DF1
:1020CC002B403360012316689E431660026C1B3351
:1020DC001A401B3B93400B4E77683B437360C26CBA
:1020EC00836C5A60036D002B05D01A682A401A6065
:1020FC00436D826D5A6001230020E377C877D6E7E1
:10210C00FFFEFFFF00000240F8B5811DCB7F022BC4
:10211C0003D00423C3630120F8BD0E2402681C27DE
:10212C001368456CA3431360012314689C4314602B
:10213C002A68104C22402A60026C0F4D3A409340A2
:10214C006E6833436B60C26C836C5A60036D002BFA
:10215C0005D01A6822401A60436D826D5A600123C3
:10216C000022CB77431DDA77836B934200D09847DC
:10217C000020D1E7FFFEFFFF00000240F8B51C2451
:10218C000427016C264A21403C008C4016680368E9
:10219C001D6826420FD03D420DD01968890602D425
:1021AC001968B943196053681C43036B5460002BC6
:1021BC001BD0984719E002273C008C40264215D0D2
:1021CC003D4213D01968890606D40A251968A9431B
:1021DC0019600121831DD97753681C435460002278
:1021EC00431DDA77C36A9342E3D1F8BD0824270074
:1021FC008F403E42F9D02542F7D00E251C68AC43E7
:10220C001C6001231D008D4029005468214351603E
:10221C00821DC363D3770022431DDA77436BE2E759
:10222C00000002400023F0B585B00A681400DC40C1
:10223C0001D105B0F0BD012514009D402C40009447
:10224C002A4200D191E04A685F009446032264461A
:10225C0022400324BC40E4430194541E012C2ED88C
:10226C008668019C2640CC68BC403443846044683A
:10227C000126AC4325006446240934409C402C4381
:10228C004460C568019C25408C68BC402C43C460EC
:10229C00022A16D107250F261D40AD00AE40DC08E2
:1022AC00A40004190294246A03962600039CA643F6
:1022BC0034000E69AE402643029C266201E0032ADC
:1022CC00DFD1BA400468019D25402A43C024026036
:1022DC006246A402224248D0254A03259C08A40049
:1022EC00A4180F221D40ED00AA40A027266EFF0562
:1022FC0096430022B8420CD01E4F0132B84208D08F
:10230C001D4F0132B84204D01C4F0332B84200D1E9
:10231C00023AAA40674632432266154C009A266858
:10232C00009DD2433543FF0201D43500154067466A
:10233C0025606668009D3543BF0201D43500154009
:10234C00674665600E4C009DE66F3543BF0301D4B4
:10235C00350015406746E5670A4C009EE56F2E4335
:10236C00FF0301D415402E00E66701335DE7C0463C
:10237C00001802400004005000080050000C0050EF
:10238C000818024004180240F0B500230F0085B075
:10239C003A00DA4001D105B0F0BD01229A40140098
:1023AC0001923C40174253D02A4903259A089200C7
:1023BC0052180F211D40ED00A940166E02910E40DF
:1023CC000396A0260021F605B0420FD022498C4678
:1023DC00012160450AD021498C460221604505D077
:1023EC001F498C460321604500D00231A940039D52
:1023FC00A94212D11B4E1749F56FA543F5671A4E2A
:10240C00F56FA543F5674D68A5434D600D68A54371
:10241C000D60116E029CA1431166032459008C407F
:10242C0007210F26194089008E400268019922432A
:10243C000260DA0892008218156AB5431562826848
:10244C00A243826042688A434260C268A243C2606F
:10245C0001339DE7001802400004005000080050B2
:10246C00000C005004180240081802400069084093
:10247C00431E9841C0B27047002A01D08161704759
:10248C008162FCE77047000070B5084D0400EB68F2
:10249C00184202D0E860FFF7F5FF2B69234203D006
:1024AC0020002C6107F00EF970BDC04600180240E8
:1024BC0003689A69920701D500229A6201229969F0
:1024CC00114202D199690A439A61704730B5039C55
:1024DC0000682343120489051A43890D054B45688E
:1024EC000A43640D234352009D4352082A43426021
:1024FC0030BDC046FF63FF03F0B51500026885B020
:10250C000191916910230E0004001E400020194215
:10251C000AD00700D361236820219A690A426ED140
:10252C00002F2FD004260120802225685200AB6991
:10253C00134202D00120EA6106438022D2001342EA
:10254C0003D0082101200E43EA618022920013423D
:10255C005AD00223EA611E432000FFF7A9FF6B68E3
:10256C002B4A012013406B60636C2022334363645D
:10257C00230041331A70220000234232403413707E
:10258C00237043E0019A0132C6D0FEF789FE019B0D
:10259C00401B984201D8002BBDD122002368423247
:1025AC000292586811789A69C9B212040BD580222C
:1025BC00D201104207D1202905D059680A435A602C
:1025CC00FEF76EFE0500202611E0FEF769FE401BAB
:1025DC0019280CD9636C039A334363642300413389
:1025EC001E70029B01271A70230040331A70236857
:1025FC009B691A00324003923342E6D08BE7002FDE
:10260C0090D12022DA618DE70028A5D105B0F0BD6C
:10261C0000E800FEF8B504000D0016000227236840
:10262C009B693B4201D000201DE0320029002000B4
:10263C00FFF762FF002815D16B1CF0D0FEF730FEBF
:10264C00801BA84201D8002DE9D12022636C1343D2
:10265C006364230041331A70220000234232403459
:10266C00137023700120F8BDF8B504000D0016009E
:10267C00202723689B693B4201D000201BE03200DD
:10268C0029002000FFF738FF002813D1FEF708FEC1
:10269C00801BA84201D8002DEBD12022636C134380
:1026AC006364230041331A70220000234232403409
:1026BC00137023700120F8BDF8B504000D0016004E
:1026CC00042723689B693B4211D13200290020006A
:1026DC00FFF712FF002824D1202123689A690A42AF
:1026EC0023D09A693A4204D0228D002A01D00020CE
:1026FC00F8BD9969102208001040114213D0DA611C
:10270C000C3A62642021D9615A68104802405A6020
:10271C0023002200413319700023423213704034DD
:10272C0023700120E4E76064ECE7FEF7B9FD801B41
:10273C00A84201D8002DC4D12022636C13436364DA
:10274C00230041331A7040340023E9E700E800FE0F
:10275C00F8B504000E0017001D0022689369334081
:10276C009B1B59424B41BB4201D0002017E06B1C14
:10277C00F4D0FEF795FD069BC01AA84201D8002D97
:10278C00EBD12022636C012013436364230041339B
:10279C001A70220000234232403413702370F8BDAB
:1027AC00F7B514001E00DAB2154B05000093802318
:1027BC00099F5B04FFF78AFE3A0028000899FFF78F
:1027CC0029FF002801D00120FEBD2B68012E0CD161
:1027DC00E4B29C62089B0022802128000097FFF73E
:1027EC00B7FF431E9841C0B2EEE7220A9A62280056
:1027FC003A000899FFF70EFF0028E4D12B68E7E7B1
:10280C0000200080F7B5050014001E00DAB2154B4D
:10281C00099F00930023FFF759FE3A0028000899FE
:10282C00FFF7F8FE002801D00120FEBD2B68012E19
:10283C000CD1E4B29C62089B002240212800009736
:10284C00FFF786FF431E9841C0B2EEE7220A9A6258
:10285C0028003A000899FFF7DDFE0028E4D12B6828
:10286C00E7E7C0460020008070B504000120002C72
:10287C003FD0250041352B78DAB2002B05D123004F
:10288C00403320001A70FEF7CFF8242301212B705F
:10289C002368E0681A68A6688A431A601A49626855
:1028AC000A401A619A6819490A409A60012821D194
:1028BC008022120232439A605868154A02435A60C9
:1028CC00DA6800200A40DA60616922690A43A1696A
:1028DC0009020A43DA60216AE2690A431A6001229A
:1028EC0019680A431A60202360642B7020634234F9
:1028FC00207070BD8422120232439A600228DBD110
:10290C00802212015A60D7E7FFFFFFF0FF7FFFFF25
:10291C000080000270B504000120002C13D02500AB
:10292C00242341352B7022681368834313602000E5
:10293C00FEF7F2F800202300606442332870206315
:10294C0040341870207070BDF0B5060085B002924E
:10295C0003934136337804000F000220202B14D14E
:10296C00230040331A78012A0FD001221A70FEF787
:10297C0097FC8021050000901923012220000902F8
:10298C00FFF7E6FE002802D0012005B0F0BD2123A0
:10299C0033702600113B42363370029B60646362D5
:1029AC00039B60636385628D2B4BFF2A20D9FF222A
:1029BC002285009380235B0439002000FFF786FDFD
:1029CC00638D2A0020000A99002B19D1FFF74CFEC9
:1029DC000028D9D120212368204DD9615A682A407A
:1029EC005A60230040344133197030702070CCE7AA
:1029FC00628D92B22285D2B2009380239B04DBE7D6
:102A0C00FFF708FE0028BFD1636A226819780133EA
:102A1C0091626362638D228D013B9BB26385013AA7
:102A2C00638D92B22285002BCAD0002AC8D1802196
:102A3C0020000A9B0095FFF78BFE0028A4D1638D24
:102A4C00FF2B03D9FF2222850090B3E7628D92B24F
:102A5C002285D2B20090D0E70020008000E800FE72
:102A6C00F0B5060085B0029203934136337804002A
:102A7C000F000220202B14D1230040331A78012A96
:102A8C000FD001221A70FEF70BFC8021050000907C
:102A9C001923012220000902FFF75AFE002802D058
:102AAC00012005B0F0BD222333702600123B4236C4
:102ABC003370029B60646362039B60636385628D09
:102ACC002C4BFF2A20D9FF222285009380235B0404
:102ADC0039002000FFF7FAFC638D2A0020000A99C8
:102AEC00002B19D1FFF7C0FD0028D9D12021236874
:102AFC00214DD9615A682A405A6023004034413331
:102B0C00197030702070CCE7628D92B22285D2B2EF
:102B1C00009380239B04DBE7FFF7CEFD0028BFD199
:102B2C0023685A6A636A1A70636A228D013363627E
:102B3C00638D013A013B9BB26385638D92B2228512
:102B4C00002BC9D0002AC7D1802120000A9B0095F8
:102B5C00FFF7FEFD0028A3D1638DFF2B03D9FF22C5
:102B6C0022850090B2E7628D92B22285D2B200909B
:102B7C00CFE7C0460024008000E800FEF0B5070057
:102B8C0089B007930EAB069204CB02911B8804927A
:102B9C00059341373B7804000220202B08D1002AF2
:102BAC0002D0059B002B05D180239B006364012080
:102BBC0009B0F0BD2300403303931B780220012B96
:102BCC00F6D00126039B1E70FEF76AFB80213200B3
:102BDC0000900500192320000902FFF7B9FD061E1D
:102BEC00E5D121233B7027001F3342373B70049BF8
:102BFC0060646362059B60636385109B2000009397
:102C0C00069A079B02990195FFF7CAFD002802D08E
:102C1C00039B1E70CBE7638DFF2B4FD9FF228023C4
:102C2C0022855B04009020000299FFF74FFC2A00DC
:102C3C0020001099FFF7EEFC0028B8D1636A2268D7
:102C4C001978013391626362638D228D013B9BB2D3
:102C5C006385013A638D92B22285002B15D0002A30
:102C6C0013D180212000109B0095FFF771FD0028E7
:102C7C009DD1638DFF2B29D9FF22802322855B04F4
:102C8C00009020000299FFF721FC638D002BCED120
:102C9C002A0020001099FFF7E7FC002800D086E7F7
:102CAC00202123680D4DD9615A682A405A602300AF
:102CBC004034413319703870207079E78023628D6D
:102CCC009B0492B22285D2B20090ACE78023628D35
:102CDC009B0492B22285D2B20090D2E700E800FEAB
:102CEC00F0B5070089B007930EAB069204CB0291A6
:102CFC001B880492059341373B7804000220202B5B
:102D0C0008D1002A02D0059B002B05D180239B0003
:102D1C006364012009B0F0BD2300403303931B789A
:102D2C000220012BF6D00126039B1E70FEF7B8FA89
:102D3C008021320000900500192320000902FFF7C2
:102D4C0007FD061EE5D122233B7027001E334237B8
:102D5C003B70049B60646362059B60636385109B9E
:102D6C0020000093069A079B02990195FFF74AFDF4
:102D7C00002802D0039B1E70CBE7628D334BFF2AD9
:102D8C0053D9FF222285009380235B0420000299F3
:102D9C00FFF79CFB002204212000109B0095FFF7FD
:102DAC00D7FC0028B5D123685A6A636A1A70636A23
:102DBC00228D01336362638D013A013B9BB26385C3
:102DCC00638D92B22285002B16D0002A14D180215B
:102DDC002000109B0095FFF7BBFC002800D098E763
:102DEC00638DFF2B29D9FF22802322855B04009061
:102DFC0020000299FFF76AFB638D002BCAD12A00D1
:102E0C0020001099FFF730FC002800D081E720212A
:102E1C0023680F4DD9615A682A405A602300403408
:102E2C00413319703870207074E7628D92B222852C
:102E3C0000938023D2B29B04A8E78023628D9B046D
:102E4C0092B22285D2B20090D2E7C0460024008014
:102E5C0000E800FEF0B51D00002389B007930300C5
:102E6C004133059203931B7804000220202B59D187
:102E7C0023689E69802332001B021A401E4251D1E6
:102E8C00230040331E78012E4CD001261E702423C3
:102E9C000398890503708B0D62640493E368012B1E
:102EAC0029D1374B049A134322685360FEF7F8F983
:102EBC0002902268936992695B091209334032408F
:102ECC0013431BD0236810279B691A003A403B42DE
:102EDC002AD1029B2021009320002B00FFF738FC05
:102EEC0000281ED120232268D361220040344132B5
:102EFC001370207016E0A0239B01D3E76B1CD8D075
:102F0C00FEF7CEF9029BC01AA84201D8002DD0D1F1
:102F1C002023039A403413706268134363600023C8
:102F2C002370012009B0F0BD029B002200932021E8
:102F3C002B002000FFF70CFC021EF2D12368059831
:102F4C00DF612027DF61079981420FD1802158680A
:102F5C00C90101435960029B3900009320002B00EA
:102F6C00FFF7F6FB0028DCD12368DF61079B059A8D
:102F7C0001330793079B934200D28FE7C8E7C04603
:102F8C0000200002F0B504004134227803000F0049
:102F9C000220D6B2202A18D11D0040352A78012AE9
:102FAC0013D0242222701B68233A196807489143D6
:102FBC0019601968014000201960196839431960BB
:102FCC0019680A431A6026702870F0BDFFEFFFFFE6
:102FDC000200F0B5413214780300E5B20220202C37
:102FEC0017D11C0040342678012E12D022301070DC
:102FFC001B6823381E68074F86431E601E68090233
:10300C003E40314319601968084318600020157060
:10301C002070F0BDFFF0FFFF10B50E4B0724002809
:10302C0011D001221868A04302431A6004220A4BF3
:10303C00186902431A61012908D130BF04211A69A9
:10304C008A431A6110BD1A68A243EEE740BF20BF45
:10305C0020BFF3E70070004000ED00E010B5114C0C
:10306C001149236802000B40034323608023002096
:10307C009B009A420ED10D4B0D49186806235843FC
:10308C00FDF760F88022431CD200616908001040F3
:10309C00114200D110BD002B01D0013BF5E70320FC
:1030AC00F8E7C04600700040FFF9FFFF0000002069
:1030BC0040420F00F0B5040085B0002802D1012079
:1030CC0005B0F0BD0368DB0710D423689B075CD404
:1030DC0023681B0700D5C1E023685B0700D5F2E02D
:1030EC00E369002B00D079E10020E9E73822AF4DED
:1030FC00AB681340EA68102B09D1D3439B0708D166
:10310C002B689B03E1D56368002BDED1D7E7082B36
:10311C00F6D0802263685202934211D12A6813437D
:10312C002B60FEF7BDF880270600BF022B683B42E0
:10313C00CBD1FEF7B5F8801B6428F7D90320BFE785
:10314C00A021C9028B4208D180232968DB020B43E2
:10315C002B602B681A432A60E3E72A6894490A40DB
:10316C002A602A6893490A402A60002BD9D1FEF7BD
:10317C0097F880270600BF022B683B42A5D0FEF7CC
:10318C008FF8801B6428F7D9D8E73822874DAB68B5
:10319C001340EA68102B28D103210A40022A26D1B9
:1031AC002A68520503D5E268002A00D187E76968CE
:1031BC0062698148120201400A436A60002B0CD1FB
:1031CC002B687E4A7E491340226913432B602B687F
:1031DC007C4A9B045B0FDA400A607B4B1868FDF756
:1031EC00DBFD002800D173E769E7002BD8D0E3683A
:1031FC00002B20D02B68714A802713402269FF00D6
:10320C0013432B6080232A685B0013432B60FEF76B
:10321C0047F806002B683B4207D06A686369664929
:10322C001B020A4013436B6052E7FEF739F8801B10
:10323C000228EFD982E72B68644A802713402B6061
:10324C00FEF72EF80600FF002B683B4200D13FE74B
:10325C00FEF726F8801B0228F6D96FE73822534D6B
:10326C00AB681340182B08D12B6E9B0700D433E7A7
:10327C00A369002B00D02FE721E7A2690123002AC4
:10328C0010D02A6E022713432B66FEF709F80600AE
:10329C002B6E3B4200D01FE7FEF702F8801B022882
:1032AC00F6D94BE72A6E02279A432A66FDF7F8FFF8
:1032BC0006002B6E3B4200D10EE7FDF7F1FF801BA1
:1032CC000228F6D93AE73822384DAB681340202B48
:1032DC0008D1EB6D9B0700D402E7A368002B00D04C
:1032EC00FEE6ECE680220021EB6B520500911342C6
:1032FC0008D1EB6B1343EB63EB6B13400393039B12
:10330C00012300938027324E7F0033683B4215D057
:10331C00A368012B22D1EA6D1343EB65FDF7C0FFC7
:10332C0002270600EB6D3B4238D0009B012B00D0EE
:10333C00D6E6EB6B274A1340EB63D1E633683B438D
:10334C003360FDF7ADFF019033683B42E0D1FDF7F0
:10335C00A7FF019BC01A0228F6D9EFE6EA6D052BF0
:10336C0005D1013B1343EB65EA6D0123D4E7012141
:10337C008A43EA65EA6D03318A43EA65002BCDD1B5
:10338C00FDF78EFF02270600EB6D3B42CDD0FDF71B
:10339C0087FF114B801B9842F6D9CFE6FDF780FFD3
:1033AC000D4B801B9842BDD9C8E6C04600100240A8
:1033BC00FFFFFEFFFFFFFBFFFF80FFFFFFC7FFFFCD
:1033CC00000000200024F40008000020FFFEFFFF96
:1033DC0000700040FFFFFFEF881300003821434DC1
:1033EC00AA680A40102A53D0414A022B3AD12B68C2
:1033FC00802713402B60FDF753FF0600BF042B689A
:10340C003B4229D1616A236AEA680B433949802619
:10341C000A401343E26AB6041343226B1343626BF4
:10342C001343A26A12021343EB6080232A685B04E5
:10343C0013432B608023EA685B051343EB60FDF7B5
:10344C002FFF04002B68334200D04DE6FDF728FF18
:10345C00001B0228F6D971E6FDF722FF801B02281B
:10346C00CDD96BE62B68802613402B60FDF718FF37
:10347C000400B6042B68334204D1EB681E4A134097
:10348C00EB6031E6FDF70CFF001B0228F2D955E684
:10349C00012B00D113E60322E868216A02408A421C
:1034AC0000D00CE67022616A02408A4200D006E627
:1034BC00FE21A26AC90101401202914200D0FEE530
:1034CC00F822E16A920302408A4200D0F7E5E0223A
:1034DC00216B120502408A4200D0F0E5636B400F6D
:1034EC004007C01A431E9841C0B2E9E500100240E3
:1034FC00FFFFFFFE8C80C111FCFFFEEE382370B580
:10350C001D4CA2681A4205D123681C489B045B0F12
:10351C00D84070BDA2681A40082A27D0A2681A4069
:10352C00102A17D1E368E168DB43E5684906490FC7
:10353C006F322D0A013115409B0709D11048FCF759
:10354C0001FEE1686843490F0131FCF7FBFDE0E740
:10355C000A48F4E7A2681A40202A09D0A268002081
:10356C001340182BD5D1FA20C001D2E70448D0E77C
:10357C0080200002CDE7C046001002400024F40079
:10358C0000127A00F7B504000D00002801D10120CB
:10359C00FEBD07274A4E33683B408B422AD3226834
:1035AC0093073BD4D20748D4072733683B40AB4240
:1035BC000AD93368BB432B433360FDF771FE01908E
:1035CC0033683B40AB426BD123683E4D5B076FD4F5
:1035DC00FFF794FFAB683C491B051B0F9B005B5826
:1035EC001F210B40D840394A394B10601868FDF741
:1035FC00D3FBCDE73368BB430B433360FDF750FE81
:10360C00019033683B40AB42C9D0FDF749FE019BAA
:10361C00C01A304B9842F4D90320B9E72949530713
:10362C0004D5E0238868DB0103438B608B682A4850
:10363C000340A06803438B60B4E76268214F012A02
:10364C0019D13B689B03A2D50721BB688B4313435D
:10365C00BB60FDF725FE01903823BA681A406368F9
:10366C00DB009A42A0D0FDF71BFE019BC01A194B40
:10367C009842F1D9D0E7022A03D13B689B01E3D4ED
:10368C0085E7002A03D13B685B05DDD47FE7022385
:10369C00032A03D1396E1942D6D178E7F96DFAE7CE
:1036AC00FDF7FEFD019BC01A0A4B984288D9B3E77F
:1036BC00AB680A4A1340E2681343AB6088E7C04624
:1036CC00002002400010024014C30008000000203B
:1036DC000800002088130000FFF0FFFFFF8FFFFFA2
:1036EC00064B07499B68074A5B045B0F9B005B58C2
:1036FC001F2110680B40D8407047C0460010024094
:10370C00F4C2000800000020072230B5F025094B58
:10371C0002609C682D01144044609C682C408460BD
:10372C00E0249B68E4012340C360034B1B681340F7
:10373C000B6030BD0010024000200240F0B5036861
:10374C00050085B000209B0352D580225F4C5205AA
:10375C00E36B0090134208D1E36B1343E363E36B19
:10376C0013400393039B012300938027584E7F0043
:10377C0033683B433360FDF793FD019033683B4264
:10378C0028D0E16DC022080092006B6A10401142F3
:10379C0018D098420CD0E36D4E4AE16D1340802254
:1037AC0052020A43E265E26D4B490A40E265E36569
:1037BC00DB0707D5FDF774FD02270600E36D3B42DE
:1037CC0000D17BE0E36D434A002013406A6A134347
:1037DC00E36506E0FDF764FD019BC01A0228CDD914
:1037EC000320009B012B03D1E36B3C4A1340E363A2
:1037FC002B68DA0706D5032434494A6DA2436C685A
:10380C0022434A65DA0606D53049354C4A6D2240CA
:10381C00AC6822434A659A0506D52C49314C4A6D51
:10382C0022406C6922434A655A0506D527492E4C1D
:10383C004A6D2240AC6922434A659A0606D5234953
:10384C002A4C4A6D2240EC6822434A655A040FD533
:10385C001E49EC694A6D9200920822434A65802207
:10386C00D205944204D18022CC6852022243CA6011
:10387C009A020FD515491E4E4A6D2C6A32402243CE
:10388C004A658022D203944204D18022CC6852042F
:10389C002243CA601B050FD50C4A164C536D29697F
:1038AC0023400B4353658023DB01994204D18023D1
:1038BC00D1685B020B43D36005B0F0BDFDF7F0FCA3
:1038CC000D4B801B984200D878E789E70010024026
:1038DC0000700040FFFCFFFFFFFFFEFFFFFFFFEF4C
:1038EC00FFF3FFFFFFFFF3FFFFFFCFFFFFCFFFFF54
:1038FC00FFFFBFFFFF3FFFFF88130000F0B50E0076
:10390C0085B015000400FDF7CBFCAD192D1AFDF7A1
:10391C00C7FC8027254B01901B685B011B0D6B437B
:10392C00039322689368180038403B4232D0731CD2
:10393C00F8D0FDF7B5FC019BC01AA8422CD3E021AE
:10394C0023685A688A435A60822261685200914205
:10395C000CD18021A26809028A4203D08021C900BF
:10396C008A4203D140211A688A431A608021A26AD4
:10397C0089018A4206D119680D48014019601968FD
:10398C000A431A60230001225D331A7000230320BE
:10399C005C34237005B0F0BD039B002B00D02B00D2
:1039AC00039A1D00013A0392BBE7C04600000020B9
:1039BC00FFDFFFFFF0B51700002285B01D0002AB42
:1039CC00DA7004000E00FDF76BFCED192D1AFDF7F3
:1039DC0067FC23222368009001932A4B1B685343F6
:1039EC001B0D6B43039302AB2168DA1C8B68180028
:1039FC00304033423BD0C023DB009E4204D1019BBC
:103A0C001B7BDBB2137013787B1CEFD0FDF748FCEB
:103A1C00009BC01AA8422CD3E02123685A688A4321
:103A2C005A6082226168520091420CD18021A268B6
:103A3C0009028A4203D08021C9008A4203D1402165
:103A4C001A688A431A608021A26A89018A4206D1C7
:103A5C0019680D480140196019680A431A6023005F
:103A6C0001225D331A70002303205C34237005B0EF
:103A7C00F0BD039B002B00D02B00039A1D00013AD4
:103A8C000392B0E700000020FFDFFFFF70B51300CA
:103A9C000D0016000A00C02149010400FFF78AFF3F
:103AAC00002805D020230320226E1343236670BD0B
:103ABC00320029002000FFF721FF0028F2D1C0219D
:103ACC0033002A002000C900FFF774FF0028EED055
:103ADC00E8E70000F8B504000120002C67D0636A09
:103AEC00002B65D1822261685200914200D0E361C3
:103AFC0000232500A3625D352B78DAB2002B05D1AB
:103B0C0023005C3320001A70FDF7D0F8022340220A
:103B1C002B702168E6680B689343E0220B60D2009F
:103B2C000023964248D9F02218001201964200D088
:103B3C00A36282228427636852001340A2683F026A
:103B4C003A40022713432269A5693A4013430122E4
:103B5C00676917403B438027BF002F403B43E76911
:103B6C00373217403B43276A4832174080223B4389
:103B7C00A76A920117403B43102708220B60636A27
:103B8C002D0C3B40676B17403B43F0273F013E40F9
:103B9C003343042635402B4303434B60CB69084821
:103BAC0003400020CB61012320665D342370F8BDF7
:103BBC000023236163619BE780204001B6E7C04688
:103BCC00FFF7FFFF70B504000120002C10D025007A
:103BDC00022340215D352B702268200013685C3471
:103BEC008B431360FDF7A4F80020606028702070F0
:103BFC0070BDF0B51E00030085B05C3301931B78DB
:103C0C0004000D0017000220012B00D17DE00123E0
:103C1C00019A1370FDF744FB230000905D331A7872
:103C2C00D0B2012A00D09FE0002D68D0002F66D0C2
:103C3C0002321A700023A21D23662364A563A78792
:103C4C00E78702329387D3872365E3648023A168D7
:103C5C0022681B02994208D1402113688B431360E0
:103C6C0080231168DB010B43136040231168194258
:103C7C0002D111680B431360E021E0686368C9004E
:103C8C00884244D9002B01D0012F07D12B88023553
:103C9C00D360E38FA563013B9BB2E38702250CE065
:103CAC00226893682B4221D0A36B19880233D16010
:103CBC00A363E38F013B9BB2E387E38F002BEFD130
:103CCC0031002000009AFFF7E1FE002849D1A368DB
:103CDC00002B06D103932368DA6803929B68039345
:103CEC00039B206E431E9841C0B208E0FDF7D8FA42
:103CFC00009BC01AB042E0D3731CDED0032001231A
:103D0C005D3423700023019A137005B0F0BD002BB5
:103D1C0001D0012F08D12B781373A36B0133A3634C
:103D2C00E38F013B9BB2E38702250DE023689A6881
:103D3C002A420DD0A26B12781A73A36B0133A363C2
:103D4C00E38F013B9BB2E387E38F002BEED1B7E708
:103D5C00FDF7A6FA009BC01AB042F5D3731CF3D042
:103D6C00CCE720232366B2E70220C8E70122036ACE
:103D7C0070B593430362036A164A4468856915401B
:103D8C000A681543022293438A681343124A9042ED
:103D9C0005D0124EB04202D0114EB04213D10826BB
:103DAC00B343CE6833430426B343904205D00B4A49
:103DBC00904202D00A4A904205D10A4A8E692240AA
:103DCC004C69344314434A6844608561426303621E
:103DDC0070BDC0468CFFFEFF002C0140004401402A
:103DEC0000480140FFFCFFFF036A174A70B51340FF
:103DFC000362056A154B4268C4691C400B681C437E
:103E0C00134B1D408B681B022B43124DA8420ED145
:103E1C00114D1D40CB681B022B43104D2B40104DF8
:103E2C004E6915408A69324312012A4305E00D4D53
:103E3C00A842F4D00C4DA842F1D042604A68C4614B
:103E4C00C263036270BDC046FFFEFFFF8CFFFEFF26
:103E5C00FFFDFFFF002C0140FFF7FFFFFFFBFFFF03
:103E6C00FFCFFFFF0044014000480140036A124AA3
:103E7C0030B513400362046A104D4368C2692A408E
:103E8C000D682D0215430E4A14408A681203224312
:103E9C000C4CA04205D00C4CA04202D00B4CA042C2
:103EAC0004D10B4C1C404B699B01234343604B6872
:103EBC00C5610364026230BDFFEFFFFFFF8CFFFEA4
:103ECC00FFDFFFFF002C014000440140004801408F
:103EDC00FFBFFFFF036A70B5104C114A2340036209
:103EEC00066A4368456D15400A6815430D4A16402D
:103EFC008A68120432430C4EB04205D00B4EB042CD
:103F0C0002D00B4EB04203D11C404B691B02234321
:103F1C0043604B6845658365026270BDFFFFFEFF21
:103F2C008FFFFEFFFFFFFDFF002C0140004401400E
:103F3C0000480140036A124A30B513400362046A18
:103F4C00104D4368426D2A400D682D0215430E4AF0
:103F5C0014408A68120522430C4CA04205D00C4C2C
:103F6C00A04202D00B4CA04204D10B4C1C404B691C
:103F7C009B02234343604B684565C365026230BDB9
:103F8C00FFFFEFFFFF8FFFFEFFFFDFFF002C014065
:103F9C000044014000480140FFFFFBFF010003000B
:103FAC00012010B53D310C78E2B284421CD10018CE
:103FBC0008701B68D9681143D9600D498B4206D033
:103FCC008021C9058B4202D00A498B420DD19A68D7
:103FDC0009490A40062A06D007398A4203D0012231
:103FEC0019680A431A60002010BD1968F9E7C04629
:103FFC00002C01400004004007000100704770478E
:10400C00704710B5846A626A82420DD1012323770E
:10401C00D269002A02D122003E321370200003F034
:10402C00C7F90023237710BDA36A834209D102226A
:10403C002277DB69002BF1D12300013A3F331A7050
:10404C00ECE7E36A834208D104222277DB69002B78
:10405C00E4D12300033A4033F1E7236B8342DDD1F3
:10406C0008222277DB69002BD8D12300073A413391
:10407C00E5E710B5846A636A834207D1012323778D
:10408C00200003F051F90023237710BDA36A83426B
:10409C0001D10223F3E7E36A834201D10423EEE763
:1040AC00236B8342ECD10823E9E7704702220368B3
:1040BC0010B51969040011420ED0D96811420BD009
:1040CC00053A1A61043202779B699B0700D186E09E
:1040DC00FFF796FF00232377042223681969114206
:1040EC0011D0D96811420ED0093A1A6107322277E1
:1040FC009A69C0239B0020001A4200D175E0FFF79B
:10410C007FFF0023237708222368196911420ED000
:10411C00D96811420BD0113A1A610D322277DB6942
:10412C0020009B0767D0FFF76BFF0023237710223B
:10413C0023681969114210D0D96811420DD0213A67
:10414C001A6119322277DA69C0239B0020001A42C7
:10415C0057D0FFF755FF00232377012223681969F5
:10416C00114207D0D968114204D0033A20001A61D9
:10417C00FCF768FD802223681969114208D0D968C0
:10418C00114205D0023AFF3A20001A6100F09BFC64
:10419C0023681A69D20507D5DA68120604D51C4AB9
:1041AC0020001A6100F090FC40222368196911422A
:1041BC0007D0D968114204D0813A20001A61FFF768
:1041CC0074FF202223681969114207D0D968114263
:1041DC0004D0413A20001A6100F074FC10BDFFF7C6
:1041EC000EFF200003F0E4F874E7FFF708FF20004F
:1041FC0003F0DEF885E7FFF702FF200003F0D8F8A4
:10420C0093E7FFF7FCFE200003F0D2F8A3E7C046CB
:10421C00FFFEFFFF704710B5846A636A834205D1C5
:10422C000123220023773E32137008E0A36A8342F5
:10423C000BD102232377230001223F331A70200075
:10424C00FFF7E8FF0023237710BDE26A01238242C7
:10425C0004D10422227722004032E5E7226B82420D
:10426C0004D10822227722004132DDE722003D32C0
:10427C00DAE700001D4A10B50368904206D080248E
:10428C00E405A04202D01A4CA0420CD17024A343E6
:10429C004C68234390420FD08024E405A0420BD0FD
:1042AC00134CA04208D0134CA04205D0124CA04293
:1042BC0002D0124CA04203D1114C1C40CB682343BA
:1042CC008024A3434C69234303608B68C3620B684F
:1042DC008362904205D0084B984202D0074B98421B
:1042EC0001D10B6903630123436110BD002C014014
:1042FC000004004000200040004401400048014000
:10430C00FFFCFFFF70B504000120002C23D025001A
:10431C003D352B78DAB2002B05D123003C3320003D
:10432C001A70FCF7EFFD02232B702068211DFFF79C
:10433C00A1FF2200012300204832137047340A3AAF
:10434C00137053709370D370137153719371D37145
:10435C00137223702B7070BD70B504000120002CFB
:10436C0023D025003D352B78DAB2002B05D1230064
:10437C003C3320001A70FFF741FE02232B7020689B
:10438C00211DFFF777FF2200012300204832137014
:10439C0047340A3A137053709370D370137153717E
:1043AC009371D371137223702B7070BD1022036A3A
:1043BC0070B593430362056A154C426883692340C8
:1043CC000C6824021C4320239D438B681B012B4348
:1043DC00104DA8420FD18025AB431E00CB68403D49
:1043EC001B013343AB430C4D4E6915408A69324374
:1043FC0092002A4305E0094DA842F4D0084DA8428A
:10440C00F1D042604A6884618263036270BDC04629
:10441C00FF8CFFFE002C0140FFF3FFFF0044014026
:10442C0000480140F8B507003C3715003A78030006
:10443C000C000220012A0CD0013838700C2D51D000
:10444C0008D8042D2DD0082D3CD0002D17D00023DA
:10445C003B70F8BD102D58D0142DF8D11D682800D4
:10446C00FFF768FD80236A6D1B0113436B656B6D51
:10447C002E4A13406B6523696A6D1B0253E01D685D
:10448C002800FFF773FC0823AA6913430422AB61CD
:10449C00AB699343AB61AB6922691343AB610020F9
:1044AC00D5E71D682800FFF781FF8023AA691B014F
:1044BC001343AB61AB691D4A1340AB612369AA6915
:1044CC001B02EAE71E683000FFF78EFC0422F3693A
:1044DC001D43F561F3699343F361F3692269134357
:1044EC00F361DCE71D682800FFF7C0FC8023EA6954
:1044FC001B011343EB61EB690C4A1340EB6123691D
:10450C00EA691B021343EB61C9E71D682800FFF73A
:10451C00E1FC08236A6D134304226B656B6D9343B6
:10452C006B656B6D226913436B65B8E7FFFBFFFF8F
:10453C0030B58468034D0A431B022C4013432343BC
:10454C00836030BDFF00FFFFF8B5050002223C354B
:10455C002C7803001000012C1BD01E0001383D36B6
:10456C00287032701C68414AA3681340A3600B6822
:10457C00602B4ED02DD8402B62D013D8202B0BD0D3
:10458C0008D810221900914306D001233370002360
:10459C002B70F8BD302BF8D1A26835490A40134373
:1045AC00072228E0502BF0D14A68CB68216A276A91
:1045BC001B0187432762F027A069B84303430A20F5
:1045CC0081430A43A3612262294BA2681A405723F4
:1045DC0011E08022520193420FD08022920193422B
:1045EC000DD0702BD1D1CB684A6820008968FFF7B9
:1045FC009FFF7723A2681343A3600020C5E7CB6815
:10460C004A6820008968FFF793FF8023A268DB01CA
:10461C00F1E710204B68CA68216A164F814321626A
:10462C00A069120338400243A020216A1B01814378
:10463C000B43A2612362A2680D4B1A406723DAE791
:10464C004A68CB68216A276A1B0187432762F027D7
:10465C00A069B84303430A2081430A43A361226241
:10466C00034BA2681A404723C5E7C0468800CEFF1B
:10467C008FFFCFFFFF0FFFFF1F2310B50124194041
:10468C008C408A40036AA3430362036A1A430262A2
:10469C0010BD000070B50E0005001100082E1CD0D6
:1046AC0006D8002E0BD0042E14D02A00433208E07A
:1046BC000C2E15D0102EF8D10200423201E002006F
:1046CC003E3214780220023C62425441E4B2002C87
:1046DC0009D070BD02003F32F3E702004032F0E730
:1046EC0002004132EDE7082E30D01AD8002E1FD030
:1046FC00042E28D02A0043321278012A21D1002915
:10470C001FD0002B1DD00222082E71D024D8002ED1
:10471C0029D0042E57D0280043300270042E10D11B
:10472C0054E00C2E15D0102EE4D12A00423201E0B8
:10473C002A003E321278013A50424241D2B2002A4B
:10474C00DDD10120C5E72A003F32F3E72A004032D1
:10475C00F0E72A004132EDE70C2E5ED0102EDAD1B4
:10476C0042352A70EDE728003E300270686A404AF4
:10477C00C262404A0263404A42632A683432FDF7FF
:10478C0041FC0028DDD180232A689B00D1682C686D
:10479C000B43D360310001222000FFF76DFF374A35
:1047AC0094424FD0364B9C424CD0364B9C4249D015
:1047BC008023DB059C424DD1A368334A1340062B62
:1047CC0050D1002085E728003F300270A86A284AA3
:1047DC00C262284A0263284A42632A683832FDF7CB
:1047EC0011FC0028ADD180232A68DB00D168CEE70C
:1047FC00280040300270E86A1D4AC2621D4A0263FA
:10480C001D4A42632A683C32FDF7FCFB002898D114
:10481C0080232A681B01D168B9E728004130027057
:10482C00286B134AC262134A0263134A42632A6812
:10483C004032FDF7E7FB002883D180232A685B0117
:10484C00D168A4E78023616C1B020B436364944220
:10485C00B2D0ADE70D4B9C42AED00123226813437E
:10486C002360AEE7802252029342F6D1A9E7C046FC
:10487C000F4000087F40000823420008002C014034
:10488C0000440140004801400700010000040040C2
:10489C0010B5FFF7FFFE10BD70B504000D00082920
:1048AC004BD005D800290CD004293FD0012070BD75
:1048BC000C29FBD102682E49D368006B0B40D360E6
:1048CC0005E002682B49D368406A0B40D360FDF7C2
:1048DC001BFC2668002229003000FFF7CDFE264B7A
:1048EC00264A9E4205D0264B9E4202D0254B9E4224
:1048FC000AD1336A134207D1316A234B194203D1CF
:10490C00736C22490B407364336A134207D1326AC9
:10491C001D4B1A4203D101223368934333600123A8
:10492C00002D11D13E3400202370C0E702681849D5
:10493C00D368806A0B40D360C9E702681549D36815
:10494C00C06A0B40D360C2E70C2D0ED005D8042DE5
:10495C0007D0082D07D04334E5E7102DFBD14234A6
:10496C00E1E73F34DFE74034DDE74134DBE7C046C5
:10497C00FFEFFFFFFFFDFFFF002C014011110000B6
:10498C00004401400048014044040000FF7FFFFF49
:10499C00FFFBFFFFFFF7FFFF10B5FFF77DFF10BD1B
:1049AC00F0B5040002223C34257803001000012DE0
:1049BC0023D01D003D352A701A68104E536890683C
:1049CC00B24203D10E4F3B404F683B437027BB4371
:1049DC000F683B435360B24206D08023DB059A42FA
:1049EC0002D0084B9A4204D1802398438B68184319
:1049FC009060012300202B702070F0BD002C014032
:104A0C00FFFF0FFF0004004010B504003C34237876
:104A1C0002000220012B39D01D48CB6812680340DC
:104A2C00886803431B480340486803431A48034003
:104A3C0008680343194803400869034318480340B6
:104A4C004869034317480340086B03431648034067
:104A5C008869000403431548824214D11448184055
:104A6C00CB691843134B18408B6A1B050343124840
:104A7C000340086A034311480340486AC96A034368
:104A8C000F4803400B4300205364207010BDC046F8
:104A9C00FFFCFFFFFFFBFFFFFFF7FFFFFFEFFFFF39
:104AAC00FFDFFFFFFFBFFFFFFFFFF0FF002C014008
:104ABC00FFFFFFEFFFFF0FFFFFFFFFFEFFFFFFFDFD
:104ACC00FFFFFFDF704770477047000030B5EFF312
:104ADC001084012282F310880168134D0B682B405F
:104AEC000B6084F31088EFF3108182F31088026856
:104AFC000E4C93682340936081F31088C36E012B96
:104B0C000AD1EFF3108183F3108810240268136824
:104B1C00A343136081F310880300202288331A60AA
:104B2C000023C366036730BDDFFEFFFFFEFFFFEF10
:104B3C0030B5EFF31084012282F3108880250168D0
:104B4C000B68AB430B6084F31088EFF3108182F396
:104B5C0010884023026810680343136081F31088A7
:104B6C0030BD03000833DB6F10B5212B06D10200DA
:104B7C0056321388002B02D1FFF7DAFF10BD036DFC
:104B8C0001681C7801338C6203651388013B9BB26E
:104B9C001380F3E703000833DB6F10B5212B06D12C
:104BAC00010056310B88002B02D1FFF7C1FF10BD5D
:104BBC00026D046813880232DB05DB0DA36202650B
:104BCC000B88013B9BB20B80F1E70000030008331C
:104BDC00DB6F70B5212B21D10300010080246A33D7
:104BEC001B885631002B19D00A88002A17D1EFF3F5
:104BFC001084013282F310880168114D8B682B40B0
:104C0C008B6084F31088EFF3108182F310884023BB
:104C1C00026810680343136081F3108870BD056847
:104C2C00EA69224208D0026D16780132AE62026542
:104C3C000A88013A92B20A80013B9BB2D2E7C04685
:104C4C00FFFF7FFF03000833DB6F70B5212B21D1F1
:104C5C000300010080246A331B885631002B19D0C5
:104C6C000A88002A17D1EFF31084013282F31088DE
:104C7C000168124D8B682B408B6084F31088EFF326
:104C8C00108182F31088402302681068034313607C
:104C9C0081F3108870BD0668F26922420AD0056D56
:104CAC002A880235D205D20DB26205650A88013A0E
:104CBC0092B20A80013B9BB2D0E7C046FFFF7FFF58
:104CCC0070B505000120002D18D02E0024230024DF
:104CDC000836F3672B681A6882431A6028001C6038
:104CEC005C609C60FCF772FA2B0020008C331C601B
:104CFC00043BF4671C60EC6680352C7070BD0000C2
:104D0C00F0B506000836F46F03000220202C42D1C7
:104D1C00013800293FD0002A3DD080209D684001F9
:104D2C00854206D11869002803D11F3C200021427E
:104D3C0031D11C00803427780220012F2BD0013870
:104D4C0020701965190054310A804A801A0000211C
:104D5C008C32116021228021F2678022586E9205DC
:104D6C004901904218D1174A8D4203D11969002983
:104D7C0000D1154A5A6700222270EFF310810132DC
:104D8C0082F310881A68802390681B040343936095
:104D9C0081F310880020F0BD0C4A8D4203D11969B3
:104DAC00002900D10A4A5A6700222270EFF31081C1
:104DBC00013282F310881A68802310680343136051
:104DCC00E6E7C046D94B0008514C00086F4B000871
:104DDC00A14B00087047806A0023020010B55E32B8
:104DEC001380083A1380FFF7F5FF10BD70470000E1
:104DFC00F7B50668C24BF16904003068B768194210
:104E0C0010D12023194200D19AE080225205034090
:104E1C003A40134300D193E0236F2000002B00D0C5
:104E2C0084E084E0B74B3B400093B74B009A0340BF
:104E3C00134300D184E0250001238C35194205D0A1
:104E4C00C20503D533622A6813432B60022319422F
:104E5C000CD0FA070AD5220033628C321368019207
:104E6C009C46042362461343019A1360042319429F
:104E7C000CD0FA070AD5220033628C3213680192E7
:104E8C009C46022362461343019A136008239C46F6
:104E9C00194209D02022009B02401A4304D06346D9
:104EAC0033622A6813432B6080231B01194206D0FE
:104EBC00420104D5336220232A6813432B602B68EC
:104ECC00002B34D0202319420AD0802252050340F3
:104EDC003A40134304D0236F002B01D02000984795
:104EEC0022682B684027966828223E4013402000F9
:104EFC001E4321D0FFF7EAFD23689B683B4217D085
:104F0C00EFF31081012383F3108822689368BB436D
:104F1C00936081F31088E06F002809D07B4B83638A
:104F2C00FDF7F2F8002802D0E06F836B9847F7BDCD
:104F3C002000FFF74FFFFAE7FFF74CFF2E60F6E774
:104F4C00E36E012B00D098E01022114200D194E0C6
:104F5C00104200D191E03262B16840200D00054052
:104F6C00014252D0E16F0D68696889B20029DED028
:104F7C0026005C3636888E42D9D926005E363180C2
:104F8C002D6820212E000E4000960D4231D1EFF3FA
:104F9C00108783F3108826685D4A356815403560A4
:104FAC0087F31088EFF3108783F310882668B568B1
:104FBC009D43B56087F31088EFF3108683F3108858
:104FCC002568AF688743AF6086F310882000009A8D
:104FDC0088300160E266EFF3108083F310881022B2
:104FEC0021680B6893430B6080F31088E06FFDF72A
:104FFC0051F8230022005E335C321B881188C91AD9
:10500C0089B22000FFF7F2FE91E7260021005E3600
:10501C00308836885C31098880B2002E00D186E752
:10502C00091A89B2002900D181E7EFF3108783F3C5
:10503C0010882668374A30681040306087F3108833
:10504C00EFF3108783F310882668334AB06810405A
:10505C00B06087F310882000202688300660E56653
:10506C002567EFF3108583F31088102220680368FE
:10507C009343036085F31088C3E780235B031942D5
:10508C0006D07A0204D52000336200F00FFE4EE702
:10509C008023194207D080221204034017403B435F
:1050AC0001D0636FB9E64022114216D0104214D0E1
:1050BC00EFF31080012383F3108821680B6893436E
:1050CC000B6080F310882300203A0833DA67002342
:1050DC002000636704F0BCFA29E70B0205D54300F6
:1050EC0003D5200000F0E4FD21E7C90100D41EE740
:1050FC00002800DB1BE7200000F0D9FD17E7C046B5
:10510C000F0800000100001020010004E34D00080E
:10511C00FFFEFFFFDFFEFFFFFEFFFFEF0100F8B514
:10512C00030088310C6860331A880368222C46D13E
:10513C005B6A846D134002002370836D5E32013311
:10514C0083651388013B9BB2138013889CB2002BA0
:10515C0031D1EFF31086012282F3108805681A4FC3
:10516C002B683B402B6086F31088EFF3108682F39C
:10517C0010880568AB689343AB6086F310882023D6
:10518C000B60C36E0467934216D1C466EFF31084B0
:10519C0083F31088102301680A689A430A6084F329
:1051AC0010880268D169194200D0136203005C3385
:1051BC001988FFF71BFEF8BD04F050FAFBE7082234
:1051CC0099690A439A61F6E7DFFEFFFF0200F8B522
:1051DC0003008832116860331C880368222945D18A
:1051EC00596A836D214019800100023383655E3159
:1051FC000B88013B9BB20B800B889CB2002B31D1EE
:10520C00EFF31086012181F3108805681A4F2B6883
:10521C003B402B6086F31088EFF3108681F31088E7
:10522C000568AB688B43AB6086F310882023136052
:10523C00C36E04678B4216D1C466EFF3108483F3FC
:10524C001088102301680A689A430A6084F3108856
:10525C000268D169194200D0136203005C331988CB
:10526C00FFF7C4FDF8BD04F0F9F9FBE708229969D2
:10527C000A439A61F6E7C046DFFEFFFF0300F0B574
:10528C0060331B8885B0029303680400DD691A68DB
:10529C0003929A680192020088321268222A00D086
:1052AC00B1E0030068331B88002B02D020231D4281
:1052BC0025D123005E331B889AB2002B1DD023000E
:1052CC0068331B88934218D9EFF31080012282F3C4
:1052DC00108821684E4D8B682B408B6080F31088B2
:1052EC004C4B2367EFF3108182F310882023226844
:1052FC0010680343136081F3108805B0F0BD2600DD
:10530C00236802995B6AA26D0B401370A36D5E3625
:10531C000133A36533882268013B9BB2338007239A
:10532C00D5691D422FD0063B1D4208D00399C905F3
:10533C0005D5210013628C31086803430B600223EE
:10534C001D4209D00199C90706D5210013628C3181
:10535C000868DB1803430B6004231D4209D0019934
:10536C00C90706D5136222008C321168023B0B432D
:10537C00136027008C373B68002B04D02000FFF70C
:10538C0029FD00233B6033889AB2002B00D08DE7B7
:10539C00EFF31086012181F3108820681E4F0368FB
:1053AC003B40036086F31088EFF3108081F3108884
:1053BC0021681A4E8B6833408B6080F31088230071
:1053CC00202188331960E36E2267012B17D1E26626
:1053DC00EFF3108083F3108821680F330A689A4327
:1053EC000A6080F310882268D169194200D01362D8
:1053FC0023005C3320001988FFF7F8FC56E72000E7
:10540C0004F02CF952E7082299690A439A6174E76F
:10541C00FFFFFFEF29510008FFFEFFFFFEFFFFEF2C
:10542C000300F0B560331B8885B002930368040059
:10543C00DD691A6803929A68019202008832126838
:10544C00222A00D0AFE0030068331B88002B02D067
:10545C0020231D4225D123005E331B889AB2002BDA
:10546C001DD0230068331B88934218D9EFF31080AA
:10547C00012282F3108821684D4D8B682B408B6084
:10548C0080F310884B4B2367EFF3108182F3108865
:10549C002023226810680343136081F3108805B041
:1054AC00F0BD260023680298596AA26D0140118054
:1054BC000232A2655E363288013A92B232800722FD
:1054CC00DD6915422FD0063A154208D00399C9055B
:1054DC0005D521001A628C31086802430A60022249
:1054EC00154209D00199C90706D521001A628C31E1
:1054FC000868921802430A600422154209D00199E7
:10550C00C90706D51A62220002238C3211680B439C
:10551C00136027008C373B68002B04D02000FFF76A
:10552C0059FC00233B6033889AB2002B00D08FE7E4
:10553C00EFF31086012181F3108820681E4F036859
:10554C003B40036086F31088EFF3108081F31088E2
:10555C0021681A4E8B6833408B6080F310882300CF
:10556C00202188331960E36E2267012B17D1E26684
:10557C00EFF3108083F3108821680F330A689A4385
:10558C000A6080F310882268D169194200D0136236
:10559C0023005C3320001988FFF728FC58E7200013
:1055AC0004F05CF854E7082299690A439A6176E79B
:1055BC00FFFFFFEFD9510008FFFEFFFFFEFFFFEFDB
:1055CC00F8B504002569A26803682A43656919685F
:1055DC00C0692A43674D024329400A431A605A683E
:1055EC006549A5690A40E1680A4364495A608B42DF
:1055FC0001D0226A15439A68614E32402A430F2526
:10560C009A60DA6AAA43656A2A43DA625D4A93426F
:10561C0013D15D4B5A6D03231A4080231B02022ABF
:10562C0000D198E0032A00D1A0E0012A00D098E034
:10563C0098425AD0FDF762FF7BE0544A934200D166
:10564C008DE08B420FD1C02280214F4B12015B6D3C
:10565C00090113408B421BD007D8002B15D0802298
:10566C00D200934206D0012009E09342FBD1802660
:10567C0036020EE0FDF742FF061E0AD10020444B15
:10568C00A366002323676367F8BDFEF729F8F3E7E9
:10569C00404E626A404B5200D75A30003900FAF73C
:1056AC0051FD032365686B438342DCD82B03834293
:1056BC00D9D300233A0030001900FAF7B9FE0027BD
:1056CC00060E0B02334302026E0892197B41100046
:1056DC0019002A003B00FAF7ABFE304BC218304BD6
:1056EC009A42C0D82368D860C8E7FDF707FF0028A6
:1056FC00C4D0626A284B5200D15AFAF723FD656870
:10570C0040006B08C0182900FAF71CFD0200254B5D
:10571C00103A9A42A7D80F23020000079A4393B27B
:10572C00400F22680343D360A8E71A48E1E7FDF76E
:10573C00D7FF0028A2D0626A174B5200D15AFAF751
:10574C0001FD65686B08C0182900FAF7FBFC020024
:10575C00144B103AC4E79842E7D00E48EBE780238D
:10576C001B029842E3D1FDF7BBFFC0E79842C0D0C3
:10577C001800E0E7F369FFCFFFCFFFFF0080004088
:10578C00FFF4FF11003801400010024000440040BB
:10579C00010001000024F40054C3000800FDFFFFC9
:1057AC00FFFC0F00EFFF0000836A30B5DA0706D567
:1057BC000168284C4A682240C46A22434A609A070E
:1057CC0006D50168244C4A682240046B22434A6087
:1057DC005A0706D50168214C4A682240446B224383
:1057EC004A601A0706D501681D4C4A682240846B32
:1057FC0022434A60DA0606D501681A4C8A682240B0
:10580C00C46B22438A609A0606D50168164C8A68D6
:10581C002240046C22438A605A0610D50168134D4D
:10582C004A68446C2A4022434A60802252039442C4
:10583C0005D14A680E4C2240846C22434A601B06F8
:10584C0006D502680B4953680B40C16C0B4353607F
:10585C0030BDC046FFFFFDFFFFFFFEFFFFFFFBFF5C
:10586C00FF7FFFFFFFEFFFFFFFDFFFFFFFFFEFFFFC
:10587C00FFFF9FFFFFFFF7FFF8B504000D001700B7
:10588C001E002268D3692B405B1B59424B41BB4223
:10589C0001D000202AE0069B0133F3D0FBF700FD7A
:1058AC00069B801B984201D8002B20D1EFF310806F
:1058BC00012282F310882168214D0B682B400B606C
:1058CC0080F31088EFF3108082F3108821688B68C6
:1058DC0093438B6080F3108823001F320833DA6700
:1058EC0080331A600023032080342370F8BD2368B2
:1058FC001A685207C5D58022D96912011142C0D04D
:10590C001A62EFF31080012282F3108821680C4D8B
:10591C000B682B400B6080F31088EFF3108082F340
:10592C00108821688B6893438B6080F31088220069
:10593C0020230832D367803213605360D2E7C0460D
:10594C005FFEFFFFF0B51600020087B0083205932A
:10595C00D36F04000D000220202B50D101380029F8
:10596C004DD0002E4BD08023A1685B01994204D10D
:10597C002369002B01D1054241D1270080373B78A8
:10598C000220012B3BD001233B70230000218C33E0
:10599C0019602123D367FBF783FC230054331E804B
:1059AC0002331E8003938023A268002604905B01BF
:1059BC009A4204D12369B34201D12E001D00002369
:1059CC003B70230056331B889AB2002B0CD1059BDD
:1059DC00402100932000049BFFF74EFF00280DD1BF
:1059EC0020230834E3670AE0059B00220093802102
:1059FC002000049BFFF740FF002802D0032007B0D3
:105A0C00F0BD2268002D0BD133880236DB05DB0D8F
:105A1C009362039B039A1B88013B9BB21380D0E7D4
:105A2C002B7801359362F4E7030073B5002604006C
:105A3C008C331E60FBF734FC236805001B681B07C6
:105A4C0019D423681B685B070AD58021104B0022F0
:105A5C00009320002B00C903FFF70EFF002815D17F
:105A6C002200202300200832D36780321360E066C6
:105A7C00803420700BE08021054B320000938903A9
:105A8C0003002000FFF7F8FE0028DAD0032076BDD3
:105A9C00FFFFFF0170B5041E01D1012070BD050090
:105AAC000835EB6F002B04D1020080321370FBF72A
:105ABC001FFB242301212268EB67136820008B4312
:105ACC001360FFF77DFD0128E7D0A36A002B02D0FD
:105ADC002000FFF769FE236807495A6820000A4036
:105AEC002A215A609A688A439A60012219680A43EB
:105AFC001A60FFF799FFD1E7FFB7FFFF03005C3394
:105B0C00F0B5816580241A805A8000238168036770
:105B1C006401A14252D10369591E8B41FF215B42A2
:105B2C008B433F495B18010060310B80030000215F
:105B3C008C3319602231043B1960EFF3108401237C
:105B4C0083F3108801688D682B438B6084F3108875
:105B5C00802680240100476E85680369B6056401C0
:105B6C008031B7423CD1060068363688964237D829
:105B7C002C4AA54202D1002B00D12B4A02670022ED
:105B8C000A7093420BD0EFF31081012383F310883A
:105B9C000268FF3314682343136081F31088EFF31A
:105BAC001081012383F31088802302685B059068C1
:105BBC000343936081F310880020F0BD002905D1C8
:105BCC0001697F230029AED18033ACE780246405C2
:105BDC00A142A8D101693F230029A4D14033A2E7F7
:105BEC00124AA54202D1002B00D1114A02670022B1
:105BFC000A700132002B0AD0EFF3108182F3108867
:105C0C00902302685B00106803431360D2E7EFF344
:105C1C00108182F31088026820231068F4E7C046D4
:105C2C00FF010000895200082D540008295100087A
:105C3C00D95100080300883070B504680220202C6C
:105C4C0030D1013800292DD0002A2BD080209C681F
:105C5C004001844206D11869002803D10124200098
:105C6C0021421FD11C00803425780220012D19D02F
:105C7C000138207000240C4DDC661C68AC420ED040
:105C8C00646824020BD5EFF3108580F31088802014
:105C9C001C68C00426683043206085F31088180007
:105CAC00FFF72CFF70BDC046008000407047704766
:105CBC00704738230371002301608360C360037451
:105CCC007047000070B50C4D280005F08BFD0B4C97
:105CDC00002805D0FBF7E4FA2060280005F08FFDC2
:105CEC00FBF7DEFA2368C31A0120502B03D9FBF70C
:105CFC00D7FA2060022070BDBC040020C004002034
:105D0C0070B50C00017915000723220000684900CA
:105D1C0000F05FFA002805D0237803202B705BB2CB
:105D2C00002B00DA002070BD80687047C068704797
:105D3C00F0B5FF2000243126A34204DC401A434274
:105D4C005841C0B2F0BD155D6840082547B240000F
:105D5C00C0B2002F00DA7040013D002DF6D10134A5
:105D6C00EAE770B50C0016000623220089790500BD
:105D7C00FFF7DEFF00281FD0A37862781B021343C5
:105D8C005BBAE2789BB21B0112091A43642353439A
:105D9C001B0DEB600F23E2781A4023791202134398
:105DAC0062791B021A43FA23DB0053431B0DF53BAC
:105DBC00FF3BAB6001233370002070BD30B50C008D
:105DCC0085B003AD2A706B70037900955B00D9B276
:105DDC0022000223006800F0CBF905B030BD73B58A
:105DEC0005000E00101E08D02C79009264003200C1
:105DFC002868DBB2E1B200F09FF976BD07B500234D
:105E0C006A467121D37101330732FFF7E8FF6B4605
:105E1C00D8790EBD10B5FFF7F1FFC043C0B2C00971
:105E2C0010BD10B50400FFF7F5FF0023984205D014
:105E3C003322AC212000FFF7C1FF0300180010BD76
:105E4C0013B500236A46D3710400407C032807D89D
:105E5C00FAF764F9020A0E142000FFF7E2FF0300C0
:105E6C0063746B46D87916BD2000FFF72BFFF6E75D
:105E7C002000054A0549FFF743FFF0E720000349DE
:105E8C000732FFF76EFFEAE7B4040020B5040020E8
:105E9C0070B50400FFF7B2FF082203000125134080
:105EAC0010420BD1BE212000FFF788FF1420FBF716
:105EBC00FDF92000FFF7A2FFC0080540280070BDC7
:105ECC00002310B54374040000680133002813D07C
:105EDC00237C002B09D02000FFF7DAFF03230028D6
:105EEC000AD001232374002306E02179490000F035
:105EFC000EF902230028EED1180010BD10B51C00BD
:105F0C00431A0298511A001B5843FAF7A5F90019C5
:105F1C0010BDA02010B50221C005FCF7A7FA434222
:105F2C005841C0B210BDA02010B51021C005FCF71F
:105F3C009DFA43425841C0B210BD000010B5022179
:105F4C000348FCF793FA43425841C0B210BDC04617
:105F5C0000040050F8B5FFF7DCFF0400FFF7E3FF87
:105F6C0040000443E4B2FFF7E9FF23000343DBB234
:105F7C000600002B03D0FBF793F92E4B18602E4F25
:105F8C003B78B34218D1012E0AD02C4E3378A34261
:105F9C0022D02B4F002C34D0032B48D0002541E0CD
:105FAC00FBF77EF9274B19251B68C01AC8235B0029
:105FBC009842EAD92800F8BDFBF772F9214C0C2560
:105FCC0023683E70C01AC8235B009842804105408C
:105FDC00FBF766F92060EDE7002C01D10025E9E71D
:105FEC00FBF75EF9164B1B68C01AC8235B0098427E
:105FFC00F4D90525012CDDD00F35022CDAD10A3D60
:10600C00D8E7FBF74DF93B682500C01AC8235B00A5
:10601C00984207D233780325012B03D00635022B87
:10602C0000D1033D3470FBF73BF93860C2E71C002C
:10603C00B4E7C046D8040020C8040020D0040020D7
:10604C00CC040020C404002070B5FFF783FF114D71
:10605C00041E12D0104B1B78002B0ED033235B4246
:10606C001A006243D2B228780C49332A0FD8434322
:10607C00DBB2332B0BD902230B702B78A34203D04A
:10608C002100074803F012FA20002C7070BD012388
:10609C00F2E7C046D10400200C000020D4040020FC
:1060AC006CC3000870B50400154B1D78FFF7CCFFCE
:1060BC00A842FBD00226FFF7C7FF062813D00C28F6
:1060CC0006D0032807D1012C12D0022C03D10DE0ED
:1060DC002300B3430AD00020FBF7E8F8094A1378F1
:1060EC0001331370E7E7631E012BF4D8012400E0A1
:1060FC000024FFF7A9FFA842FBD0200070BDC046CA
:10610C00D3040020D204002001230370704710B583
:10611C0004000078002809D0C82302226068FCF72C
:10612C0099FE0123237043425841C0B210BD10B5F3
:10613C00406802F0A9FC10BD7FB505780400002D65
:10614C0010D0FA200193089B400000930290012389
:10615C006068FCF7C5FD0126002807D02000FFF77A
:10616C00E6FF26700025280004B070BD2670FAE703
:10617C007FB505780400002D10D0FA200193089B00
:10618C0040000093029001236068FCF7F7FC0126A5
:10619C00002807D02000FFF7CAFF26700025280032
:1061AC0004B070BD2670FAE737B505780400002DF1
:1061BC000CD00120404200906068FCF7C5FB002821
:1061CC0005D02000FFF7B3FF012323700025280022
:1061DC003EBD37B505780400002D0CD0012040429F
:1061EC0000906068FCF73CFC002805D02000FFF70D
:1061FC009EFF01232370002528003EBD044B054A59
:10620C0005495A6000221A70044B59601A70704785
:10621C00E4040020C001002074010020DC040020F4
:10622C0010B544688068A04710BD10B5046880683C
:10623C00A04710BD73B501230E006A46202105004E
:10624C00FFF7EEFF002821D101AC0123220023210E
:10625C002800FFF7E5FF002818D1002E17D16B4658
:10626C001A78082369469A430A70227813432370DC
:10627C0001236A4620212800FFF7D7FF002805D10B
:10628C000123220023212800FFF7CFFF76BD012E2A
:10629C0008D16B4608221B78934369460B70237810
:1062AC009343E4E7022EE3D16B4608221B78134399
:1062BC00F3E737B501230D0001AA20210400FFF7F5
:1062CC00AFFF00280DD16B4619790F2319406B468F
:1062DC002D012943197120000123202101AAFFF768
:1062EC00A4FF3EBD37B501230C0001AA21210500F6
:1062FC00FFF796FF00280ED1012369461C40E200EF
:10630C000C7908218C4314436A4628001471193106
:10631C0001AAFFF78AFF3EBD37B501230C0001AA85
:10632C0023210500FFF77CFF00280FD16A460323C9
:10633C002340147930221B0194431C436B462321C8
:10634C001C712800012301AAFFF76FFF3EBD10B599
:10635C000A0001232621FFF763FF10BD10B50A00C8
:10636C0001233021FFF761FF10BD10B50A00012396
:10637C003021FFF755FF10BD37B501230D0001AAE1
:10638C0032210400FFF74CFF00280CD16A467F2312
:10639C0011791D40994329431171012332212000A9
:1063AC0001AAFFF742FF3EBD37B501230D0001AA3C
:1063BC0033210400FFF734FF00280CD16A467F23F9
:1063CC0011791D4099432943117101233321200078
:1063DC0001AAFFF72AFF3EBD37B501230D0001AA24
:1063EC0021210400FFF71CFF00280CD16A4607236B
:1063FC0011791D409943294311710123212120005A
:10640C0001AAFFF712FF3EBD10B50A00012322219D
:10641C00FFF70BFF10BD10B50A0001232221FFF777
:10642C00FFFE10BD10B50A0001232521FFF7FDFE6C
:10643C0010BD10B50A0001232521FFF7F1FE10BD98
:10644C000023017203604360704770B5040000685C
:10645C00002805D085691C2105F0C0F92800F7E754
:10646C00200070BD0068002804D043688B4201D026
:10647C008069F8E77047F8B504000F0016001D009E
:10648C00FFF7F0FF002802D086600570F8BD1C20D5
:10649C0005F0B8F90023C36003614361836123688D
:1064AC00476086600570002B02D120606060EDE7CC
:1064BC0063689861FAE770B505000E000468002C5B
:1064CC0013D06268002A01D1A469F8E72378002B65
:1064DC00FAD0E368A168F31A9942F5D85B1A6361A4
:1064EC00E66090472B7A002BEED070BD074B70B551
:1064FC00040003604068231D984201D1200070BD48
:10650C0005680C2105F06AF92800F4E798C3000827
:10651C0010B50400FFF7EAFF2000242105F05EF916
:10652C00200010BD426830B5138884891D1B8D4234
:10653C0002DD5B1A138030BD1480037D002BFAD072
:10654C0005490B780133DBB20B70022BF3D1438975
:10655C00138000230B70EEE70105002070B50C4D85
:10656C0004002B78062B02D0037C002B05D1A17BD9
:10657C00002902D02000FFF7D5FF2B780A2B02D080
:10658C00A37B002B03D12000E17BFFF7CBFF70BD79
:10659C00EC040020426830B5438914881D1B8D42E1
:1065AC0002DD0919118030BD1380037D002BFAD058
:1065BC0005490B780133DBB20B70022BF3D18389C5
:1065CC00138000230B70EEE70005002070B50C4D16
:1065DC0004002B78032B02D0037C002B05D1A17B6C
:1065EC00002902D02000FFF7D5FF2B78052B02D015
:1065FC00A37B002B03D12000E17BFFF7CBFF70BD09
:10660C00EC040020F8B50700114B040008C7002368
:10661C000E00C36043610D684B680E4A5B1BDB10B8
:10662C005343421C87604760D37773689D4203D104
:10663C00636820006361F8BD0C2005F0E3F83900B5
:10664C00856005F0F1F8E36828350133E360ECE789
:10665C0098C30008CDCCCCCC03781A000A4319425D
:10666C0001D08B431A00027070470000F0B5002473
:10667C00170085B0032201900E0003A821001D0015
:10668C00029405F052FA3A000D4902A805F0E2F91D
:10669C0002AB1B5D202B11D10134072CF8D1002447
:1066AC0006231B1BDBB2EB1A02AAE41AA3180199EE
:1066BC003200044801F08AFD05B0F0BDE4B2EFE70A
:1066CC0080C3000844050020F0B54F4F85B005008D
:1066DC000C001600110038000393022A0DD001F0B3
:1066EC0069FE1023002138000093A2B2303301F070
:1066FC0060FA714271413800C9B20D3401F05AFE92
:10670C00E3B202936B6864B2002B0DD03E4F3F494D
:10671C00380001F0ADFD380001F09CFD012138007E
:10672C006B68A2B201F05AFDAB68002B02D1AB69C9
:10673C00002B5FD0039B002B09D16868F9F7DCFCB8
:10674C000321F9F7FFFC0D2343430E2B52D82E4F98
:10675C0031003800A4B201F02DFE220010230D3AB6
:10676C0092B20F2138000093303301F022FA7342B9
:10677C005E413800F1B201F01DFEAB6824495A8924
:10678C00012A02D19B89002B02D0AB69002B14D0BB
:10679C00380001F06DFD380001F05CFDAB69002B99
:1067AC002AD1AB685B681B88002B29D022002F21D3
:1067BC00184B380001F00AFD1CE0380001F058FDC0
:1067CC00380001F047FDEB680A21002B05D02C3175
:1067DC002200380001F0FAFC0F210620AA68404282
:1067EC00137A526858434030401A12880299C0B24A
:1067FC00FFF73CFF05B0F0BD1B782A7F1A42D5D1BC
:10680C0022002721044BD4E7440500202DCD00089D
:10681C00ABC3000884C3000887C30008F0B589B077
:10682C0003910021354C07006368406959560122D9
:10683C00039B8068FFF748FF237B304C6268158808
:10684C00AB421ADB00256268638916889A1B954255
:10685C0035DB2B4E327893420DDA1027294D00216F
:10686C00280001F0A7FDA47A3378A3423CD801217B
:10687C00280001F09FFD09B0F0BDA67BF2185BB2B9
:10688C00D2B205937B691000310004920693F9F79C
:10689C0059FCC3B20793A0893100281AF9F7DCFC24
:1068AC00079B00221D1A28235D43069B283D9868F0
:1068BC000599039B4019FFF707FF049BBDE7A17BDC
:1068CC004D19EDB2AE1973B228000493F9F73AFCE6
:1068DC002823C0B258437E690022B3680499181863
:1068EC00039BFFF7F1FEAEE71034E4B24023220025
:1068FC0000212800009701F05CF9B5E77009002031
:10690C006E0900204405002070B5FAF7C9FC0C4E46
:10691C000400300004F066FF0A4D002805D0FAF799
:10692C00BFFC2860300004F06AFFFA222B680020BC
:10693C00E31A5200934201D92C60013070BDC0465D
:10694C00F8040020FC04002070B5FAF7A9FC0B4EEB
:10695C000400300004F046FF094D002805D0FAF77A
:10696C009FFC2860300004F04AFF2B680020E31ADB
:10697C00FA2B01D92C60013070BDC046F004002008
:10698C00F4040020F7B5836804000193FAF788FC3F
:10699C0063680090002B6BD0661DF37F012B3BD1FD
:1069AC00236A984764E0002D0ED1A069002803D01B
:1069BC00217FFFF751FE02E00198FFF7CFFDF37F37
:1069CC00022B01D1236A984700212A4B20005B68D7
:1069DC001F88595601231A00FFF776FE264D002119
:1069EC0028000C3701F0E6FC244B1221BAB2280027
:1069FC0001F0ECFB280001F034F9FAF751FC009B94
:106A0C00C01AFA23DB0098422FD81D4B1B780C2B95
:106A1C002BD00020FAF74AFCFFF716FB184F387002
:106A2C000A2802D00125052804D1FFF78DFF012388
:106A3C005840C5B23B78002B02D0FAF731FC0090DD
:106A4C003878104B187003380728BDD8F9F75CFB61
:106A5C0006BC04ADBCBCBCAB002DB5D1A0690028F4
:106A6C00A6D10198FFF7B2FDA9E7F37F032B97D0CE
:106A7C00F7BDC04670090020440500208BC30008F8
:106A8C00D3040020EC0400200C4B0D4A1B68516809
:106A9C0000280ED0187C013308800A49DB7F097866
:106AAC00994203D3013B1B0153817047064B1B7862
:106ABC00FAE75A685A610880F7E7C04640000020A0
:106ACC00700900206D0900206E09002070B50D00C2
:106ADC0004000C2004F096FE2B682100836004F067
:106AEC00A3FEA3680133A36070BD0000F0B5754C24
:106AFC00754E85B021003000FFF7E8FF734D744BE5
:106B0C006A891A70734B1F780193FFF79DFA019BEA
:106B1C001870B84207D120680021FFF77FFE6E483D
:106B2C0001F09FF8F1E7012302936A686B4B12881E
:106B3C001A70FFF789FA019B18700A2802D00123FA
:106B4C00052804D1FFF700FF01235840C3B2019A76
:106B5C0010780338092818D8F9F7E0FA07170570E8
:106B6C001717176E178A002B0FD123685A6999686B
:106B7C0090688968884259D100275A685A61584BE5
:106B8C001B780393039BBB424AD8FFF7BDFE00283A
:106B9C001BD0019B1B78192B17D16A6823681288AC
:106BAC0077681A743268BB6892682360934209D084
:106BBC00B3683800013BB36004F03CFE0C21380094
:106BCC0004F00CFE0120FFF75FFF019B20681B788F
:106BDC00092B02D00021142B00D10121FFF71EFE3E
:106BEC003D4801F03EF80020FAF760FB33689A68E4
:106BFC0023689A4299D1FFF787FE002895D0019B14
:106C0C001B78192B91D1374A1378013BDBB21370E7
:106C1C00002B8AD10133137002F09AFD05B0F0BD40
:106C2C0028000137FFF79AFCFFB2ABE71268280087
:106C3C005A61FFF7CBFCA8E7002BA6D123685A6951
:106C4C0059688A420ED100279A685A61244B1B78E6
:106C5C000393039BBB4298D928000137FFF7B6FC7E
:106C6C00FFB2F6E7526828005A61FFF777FC8CE711
:106C7C0023685B6998680369002B14D0029B002B76
:106C8C0003D121003000FFF721FF6A6823681288C6
:106C9C0001201A745B699B681B692360FFF7F4FE83
:106CAC000023029371E7036A002B07D08268002A45
:106CBC0004D18269002A01D1984766E7FFF762FE8A
:106CCC0063E7C046400000208C09002070090020BA
:106CDC006E090020D3040020440500206C0900201C
:106CEC006D0900200D00002010B5FFF7FFFE10BD50
:106CFC0037B56B461500D9710400DA1D01790123F3
:106D0C000068FFF751FA2A0060710123217920688D
:106D1C00FFF75FFA63790340637137BD13B56B46B8
:106D2C005A71197104000179022301AA0068FFF756
:106D3C003BFA607113BDF7B51F006B461600DA1DE8
:106D4C0004000D00FFF7D4FF6B46DB791A00B24349
:106D5C00002F01D032001A436B4629002000DA7153
:106D6C00FFF7DCFFF7BDF7B51F006B461400DA1D0B
:106D7C0005000E00FFF7BCFF6B46DA793100A24329
:106D8C003C4028002243DA71FFF7C8FFF7BD10B56D
:106D9C00040008001300217902002068FFF704FAB0
:106DAC00607110BD37B50400A2210068FFF7AFF980
:106DBC006071002801D100203EBD0023082219007B
:106DCC002000FFF7D0FF6379002BF4D06B46DD1D5C
:106DDC002A000F212000FFF78BFF6379002BEAD0EC
:106DEC0020222B7813420AD101230F212000FFF718
:106DFC00BAFF6379002BDED06420FAF757FAA27938
:106E0C000223002A00D04033C32210212000FFF7B8
:106E1C00AAFF6379002BCED000231322022120007D
:106E2C00FFF7A1FF6379002BC5D0C02312211A00F4
:106E3C002000FFF798FF6379002BBCD020000023C3
:106E4C0004220121FFF78FFF6079B5E7F7B5032521
:106E5C006B462A000C0007000021581D04F065FE4B
:106E6C006B461D7066790A213000F9F76BF96B4699
:106E7C006D19684336185E7026790A213000F9F7CF
:106E8C0061F96B46684336189E70E6780A2130002B
:106E9C00F9F758F96B4668433618DE70A6780A2164
:106EAC003000F9F74FF96B464543200076191E71F7
:106EBC0000F071F9051E00D107350A212800F9F7F9
:106ECC0041F906266B4670432D185D7165780A21D1
:106EDC002800F9F737F96B46704324782D189D710B
:106EEC000A212000F9F72EF96B4646430822380098
:106EFC00A4196946DC71FFF74AFF7879FEBDF0B53D
:106F0C0003270E00002189B006AC05003A0007A843
:106F1C00069104F00AFE2100300001222770FFF7D1
:106F2C0036FF2200317907233068FFF752F9707170
:106F3C00A078A1796279E3780590667827780624A1
:106F4C0018096442604384461009604363448446D4
:106F5C000809604362448446FA206144C000C9B207
:106F6C0009183809604384467F206744074002971C
:106F7C00370967430598F619F6B20196060974436A
:106F8C000019C0B20090DBB22800D2B200F0DEF8DB
:106F9C00280009B0F0BD0023F0B585B0140002AA9A
:106FAC00537113000A2201901A704F790D003800AA
:106FBC001100F9F7C7F806267043E3013F181F4389
:106FCC0002AB5F702F790A213800F9F7BBF87043D8
:106FDC0038187F27A301BB43184302AB9870EB789A
:106FEC000A2118000093F9F7ADF87043009B0A21B1
:106FFC0018186301BB43184302ABD870AB78180068
:10700C000093F9F79FF87043009B18182301BB43BA
:10701C00184302AB1871280000F0BDF80A210500D6
:10702C00F9F790F87043E40002AB2D18BC4319003B
:10703C000198320025435D71FFF7A9FE019B587939
:10704C0005B0F0BD10B504004B0002220121DBB2EB
:10705C00FFF771FE607910BD10B5040000231022FB
:10706C000121FFF768FE607910BD0000012330B5E7
:10707C0004000D488B4210D3022903D9A30701D178
:10708C00013292B26E20FF306043E31C9BB29B1026
:10709C0001381818101880B230BD05780133521918
:1070AC0092B2DBB20130E5E7A0C30008F8B5244B7F
:1070BC000400CD1828003C21F9F7CAF828006171AA
:1070CC003C21F9F73FF83C210500F9F7C1F82800FD
:1070DC0021713C21F9F736F818210500F9F7B8F8B9
:1070EC002800E1701821F9F72DF803260022154D20
:1070FC0083B21000304047424741F9B26E37FF3738
:10710C00BB4216D2227001220F4DA95C002803D17C
:10711C00022A01D10131C9B2994205D801325B1A58
:10712C00D2B29BB20C2AF0D1013320006270A37052
:10713C00F8BD691A5B1801329BB2D2B2D9E7C046CE
:10714C0080BC92C793FEFFFF9FC30008F0B5FA27DF
:10715C0005AC267806AC257807AC2478FF00B9423C
:10716C0002D3054FC91989B2C670057101704270FE
:10717C0083704471F0BDC04630F8FFFF0B7803708C
:10718C004B7843708B788370CB78C3700B79037119
:10719C004B794371704710B5827841780078FFF7CE
:1071AC0065FF07210630F9F73DF9C8B210BD0000A4
:1071BC0010B50400827841780078FFF757FF182348
:1071CC0043433C20E2789B18434322799B18584355
:1071DC00024A63799B18C01810BDC04680436D38B5
:1071EC0070B5150004000800FFF7E2FF296841188C
:1071FC002000FFF75BFF200070BD016070470000AE
:10720C0030B5002503AC6557054C4C43E121090111
:10721C0051433C225A436418A4186419046030BDCD
:10722C0080510100F0B5154D0700B0201E002B78E1
:10723C0085B000930023504303240391FF221900CF
:10724C000012FEF75BFE7C432B780D4FFF22385566
:10725C000093002303981900FEF750FE3C19607050
:10726C00F0202B78704300930023FF2219000012AA
:10727C00FEF744FEA07005B0F0BDC0460E00002025
:10728C0038050020F0B5234C2348236885B0002B2B
:10729C0003D1224AD27F012A0AD00021302204F0E5
:1072AC0044FC00211E482160FDF776FB05B0F0BDC3
:1072BC001C4A052511780A26019151780291927881
:1072CC00802103920200019FAC469F400F4200D0E8
:1072DC00B44667461770029FAC469F400F4200D0E1
:1072EC00B44667461772039FAC469F400F4200D0CE
:1072FC00B4466746013317740132082BE3D1084DAD
:10730C000200283300212800FDF7C2FA0223236073
:10731C00CCE7C0460405002008050020C60200206A
:10732C001C03002038050020F7B51D4B02689A425B
:10733C002BD11C4D2C68002C28D11B4B05211A7805
:10734C000A2000925A78019280229F78174B009E57
:10735C008C46A640164200D0844666461E70019E9E
:10736C008C46A640164200D0844666461E723E00ED
:10737C00A6408C46164200D08446664601341E74E4
:10738C000133082CE3D101232B60F7BD022CFCD870
:10739C00182200210548013404F0C7FB2C60F4E7E7
:1073AC00002C0140040500203805002008050020B1
:1073BC00F7B5204B02689A422BD11F4D2C68002C3C
:1073CC0028D11E4B05211A780A2000925A78019276
:1073DC0080229F781A4B009E8C46A640164200D005
:1073EC00844666461E70019E8C46A640164200D00E
:1073FC00844666461E723E00A6408C46164200D05D
:10740C008446664601341E740133082CE3D10123F3
:10741C002B60F7BD022C07D8182200210848013434
:10742C0004F083FB2C60F4E7002106482960FDF78B
:10743C00B3FAEEE7002C01400405002038050020CB
:10744C00200500201C030020F0B5040085B0101EA0
:10745C005ED0531C03A803806B4655B20733002D36
:10746C0035DB0088400041430912C9B2197006216E
:10747C0061430E2468466C44218021888025C9B262
:10748C00817181790A2001316844018026886D0060
:10749C0002A92E4221D105881878684309250012CB
:1074AC00C0B2087018786D444008121AD2B22A7013
:1074BC006E466A4620880536D41C000A01AA0428A8
:1074CC003FD80027F8F72AFE0D262B313800058807
:1074DC0080206D008000401BC5E706881878AD1B26
:1074EC00DBE71B78DBB223700B78DBB21370002365
:1074FC00337020782E7813786A462C7805321278FF
:10750C00801929781B1900041B02184352181043C8
:10751C0005B0F0BD0978C9B221701B78E5E727707A
:10752C001B78DBB213700B7804E027700978C9B2B2
:10753C0011701B78DBB2DBE70978C9B2217000212E
:10754C00F6E71B78DBB223700023EBE702004069FF
:10755C00137F0840D840D3791843C0B2704710B598
:10756C006423C17902220068FBF774FC4342584142
:10757C00C0B210BDF0B51E00234B89B005921A782D
:10758C0005000F00012A3CD001221A70F9F788FE81
:10759C000790AC7938002100F8F75AFE641AA4B2AF
:1075AC00B44200D9B4B22B68390028000693FFF717
:1075BC00CDFF0100A868AA692B8A029005983A4071
:1075CC00009092B206980194FBF7D8FA002815D1D6
:1075DC000A30F9F76BFE059B361B1B1905933F19F7
:1075EC00002E04D10120084B1E7009B0F0BDF9F734
:1075FC0057FE079BC01AAB689842CAD30022024BB5
:10760C001A700020F1E7C0463B05002010B501239D
:10761C00FFF7B0FF10BD0000F0B5144E89B0079312
:10762C00337804000F000692012B1CD0012503684F
:10763C0035700593FFF78AFF0100A068A269238AC1
:10764C0002906846808B3A400190069892B2009066
:10765C000598FBF745FB002803D13070280009B0D2
:10766C00F0BD002333700020F9E7C0463B05002035
:10767C0010B50123FFF7D0FF10BD0000F0B585B0A9
:10768C000400FFF76CFF002857D008232F4AAA21CB
:10769C00A2610122A371F73363610023228203AA42
:1076AC00117002AA55392377517101930A23802551
:1076BC00009302AB9A1D29002000FFF7D9FF02AB03
:1076CC005F1D3A0029002000FFF7A0FF02ABDA1D76
:1076DC0000212000FFF7CCFF02ABDE793B7803AF33
:1076EC00F61A3A0029002000FFF790FF73425E4122
:1076FC0002ABDA1D00212000FFF7BAFF02AB3A788B
:10770C00DB79F6B29B1A5A425341F61802ABDA1DDA
:10771C0029002000FFF7ACFF02AB290020009A1DC6
:10772C00FFF774FF022E09D0009B6D00013B009304
:10773C00002BBED1019B012B03D10025280005B0E5
:10774C00F0BD02232382013BAFE7C046FFFF0100DF
:10775C0070B50400FFF792FF8023C5099B009D4282
:10776C000CD1267BFF3BFF3B334320002373FFF7F9
:10777C0085FFA84201D18025ED0026732800A58045
:10778C0070BD10B583880200022B12D910208342E1
:10779C000DD90018402B0AD98021203049008B428A
:1077AC0005D980244030A400A34200D90800907170
:1077BC0010BD591E8B41D800F9E7000010B504002C
:1077CC00002904D0FFF7C4FF2000FFF7DAFFA388DD
:1077DC005A1E012A14D9042B16D0082B18D0102BA2
:1077EC0019D08022D200934218D01F2B1CD8002312
:1077FC0018000F49012263612077A161228210BD1C
:10780C0000231800FF21F5E780235B000720F9E730
:10781C00C0239B00FAE7E023DB00F7E780230F206F
:10782C005B0202220249E6E700231800F9E7C04692
:10783C00FFFF010010B5040088B01422002103A83A
:10784C0004F073F92268114B12689A421BD1022280
:10785C000F4C1048636B03A913436363636B1340B2
:10786C000193019BC0230393AE3B04930C3B079302
:10787C00FAF7D8FC8022E36B92031343E363E36BC8
:10788C0013400293029B08B010BDC0460054004048
:10789C0000100240000400500268094B126810B539
:1078AC009A420CD1074A0849D36B08480B40D36362
:1078BC004021FAF769FD80210448FAF765FD10BDF7
:1078CC000054004000100240FFFFDFFF0004005096
:1078DC0010B504000800143819000C2827D8F8F744
:1078EC001DFC1D262607141F2626262626260F00DD
:1078FC0064231048FCF77DF943425841C0B20EE0B6
:10790C004A21200001F03CF808E0236820004921BE
:10791C001A7801F035F80120F9F7C8FC012010BDE8
:10792C000120F9F7C3FC236849215A78E9E70020C4
:10793C00F5E7C0460C02002010B54A2913D005D833
:10794C00292907D0492909D0012010BD4B29FBD189
:10795C00202105E01000F9F7A9FCF5E780210902C8
:10796C00A020C00501E010210148FAF785FDEBE7E6
:10797C000004005010B50D4C200000F0E5FF200075
:10798C0000F0B4F92000012100F0E5FF20000849C7
:10799C0000F034FE2000012100F00CFD002120003D
:1079AC0000F026F8200000F04FF910BD440500202F
:1079BC005CCC0008084B094A10B51A600022084C30
:1079CC00983320001A6000F06DFE2000054B064A2B
:1079DC00064900F09FF910BD400500201D860008E7
:1079EC004405002045790008DD7800085CCC0008CF
:1079FC00913001707047F0B517000200CB1887B0BA
:107A0C009BB29232127804937B1C9BB2039200932C
:107A1C003A00049B04000D0000F0E1FC00280BD0A0
:107A2C00039A802653425341DBB20593049BAB422D
:107A3C0004D1039B9234237007B0F0BD0C9B1B78D0
:107A4C00334214D02300039A92331A70002300930C
:107A5C003A0029002000013300F021FC0135ADB2C1
:107A6C007608E3D10C9B803601330C93DEE72300C0
:107A7C0091331B78002BF1D12200059992321170B1
:107A8C00E5E7F0B51E00140085B00AAB1B88F200C8
:107A9C0092B2E3189FB2531802929BB22200009745
:107AAC000D00039000F09BFC00280ED105B0F0BD3A
:107ABC000B9B220000932900029B0398FFF79BFF6E
:107ACC000B9B01349B190B93A4B2A742F0D1EDE7A9
:107ADC00F0B517000200CB1887B09BB29232127827
:107AEC0004937B1C9BB2039200933A00049B04000A
:107AFC000D0000F074FC00280BD0039A01265342B1
:107B0C005341DBB20593049BAB4204D1039B9234EB
:107B1C00237007B0F0BD0C9B1B78334216D02300AA
:107B2C00039A92331A70002300933A002900200024
:107B3C00013300F0B4FB76000135F6B2ADB2002E85
:107B4C00E1D10C9B013601330C93DCE7230091331C
:107B5C001B78002BEFD12200059992321170E3E7CC
:107B6C00F0B51E0085B00AAB1B880D00D3189FB270
:107B7C0073189BB200971400029000F030FC0028A0
:107B8C0005D0F31D9BB2DB080393A74201D105B0CE
:107B9C00F0BD0B9B22000093290033000298FFF7E5
:107BAC0097FF039A0B9B9446013463440B93A4B246
:107BBC00EBE7F0B51F0085B00AAB1D88CB19551942
:107BCC00ADB29BB200950E001400039000F007FCC0
:107BDC0000280BD105B0F0BD00232200009331002A
:107BEC003B00039800F05BFB0134A4B2A542F3D137
:107BFC00F0E70300F0B538331B7885B0029303002F
:107C0C000400002639331F7803685B7C0393310032
:107C1C002368606B1B7CF5B25943C90089B24018CC
:107C2C007A19009000212000D2B200F079FE0135C3
:107C3C00029BEDB2AB4205D90136BB19039ADBB2FC
:107C4C009A42E4D805B0F0BD020010B50368383292
:107C5C001B7C127800215A43406BD20003F065FF65
:107C6C0010BD10B50400FFF7C4FF200000F081FE2A
:107C7C0010BD030010B5040039331970036B1B6879
:107C8C009847236B20005B68984710BD030010B524
:107C9C0093331B780400002B01D0FFF7D5FF002194
:107CAC002000FFF7E6FF10BD70B50400FFF7A1FF41
:107CBC00230039331D78013B1B78ED182368EDB296
:107CCC005B7CAB4204D8200000F053FE002070BD5A
:107CDC00230093331B78002B02D02000FFF7B4FF56
:107CEC0020002900FFF7C5FF0120F0E710B50400C4
:107CFC00FFF7CCFF2000FFF7D7FF011EFAD12000C1
:107D0C00FFF7B7FF10BD0000062303700048704753
:107D1C00DC0500207FB504000F260A480D006E44D8
:107D2C000949009313000200200000F045FE3000CA
:107D3C00FFF7EAFF3278010000952000034B00F0BA
:107D4C003DFC7FBD89870008D58700081D8400088D
:107D5C00435C401840780002184340BA80B2704728
:107D6C000020704770B50B780D0003704B78040041
:107D7C0043708B788370CB78C3700B7903714B791C
:107D8C0043718B798371CB79C3710B7A03724B7A04
:107D9C0043728B7A8372CB7AC3720B7B03734B7BEC
:107DAC0043738B7B8373CB7BC3730B7C1121037469
:107DBC002800FFF7CDFF132160822800FFF7C8FFD2
:107DCC001521A0822800FFF7C3FFE08270BD70B5BB
:107DDC000368067B1D7872183541D2B20400E8B2F4
:107DEC00072A0AD9581C2060587808239B1BDBB241
:107DFC009840083A2843C0B2D2B201235B428B4070
:107E0C002273984370BD70B5050000236035016680
:107E1C002B7303000400783328001978FFF7D7FF81
:107E2C002300A872793328001978FFF7D0FF923419
:107E3C00E8722378AB735A425341EB7370BD10B5A3
:107E4C000C00FFF7C4FF0123013CE4B2A340C01AAD
:107E5C0040B210BD012B06D0022B06D0002B06D150
:107E6C00801880B270474018FBE7801AF9E7401A77
:107E7C00F7E7012B06D0022B06D0002B06D14018B9
:107E8C0080B27047801AFBE7401AF9E78018F7E7D1
:107E9C000300F0B504000E008DB00B9260331F7A16
:107EAC005B7A049325006035AB7A0893DB1BDBB25D
:107EBC000593059A331C964201D96B461B7DDBB2A8
:107ECC000793EB88A8880A936B461B7C79B25BB24C
:107EDC0003932B7C039A02930691FFF7CAFF029B34
:107EEC00039A099006990A98FFF7B4FF0B9B0200BE
:107EFC00002B18D0A97B230092331970029B200011
:107F0C0000930999079B00F0CAF9059AF319DBB2A3
:107F1C0096420DD3089A00279B1ADEB2049B0133BC
:107F2C00DBB20493BEE76B7B002BEED1E97BE2E77F
:107F3C0060342372039B63720DB0F0BDF0B5040086
:107F4C0089B00700FFF75FFF23006B331B786037A6
:107F5C005BB2029323007A3319783800FFF76FFF76
:107F6C00230006907B3319783800FFF768FF230055
:107F7C007C33197805003800FFF761FF0A2307905E
:107F8C00FB560393002B59DD029B06995D196D423C
:107F9C006BB205933E7CB8883300059AFFF769FFF6
:107FAC00049005003300059A0699B880F888FFF70D
:107FBC0051FF2B0001000200F880032E0AD830007C
:107FCC00F8F7ACF8023F4A57039B0298EB180818D5
:107FDC009BB280B200900499200000F000FA0028B7
:107FEC002CD023000022012568331A80230076331D
:107FFC0019783800FFF7EBFE230077330600197869
:10800C003800FFF7E4FE0390002231002000FFF758
:10801C003FFF200003992A00FFF73AFF29003800A0
:10802C00FFF7D5FE0028EFD12300092260339A56C2
:10803C0002998A42DADB9B7B92342370079809B051
:10804C00F0BD029B0398EE1A081801350136ABB24D
:10805C0080B2B1B20491BDE70122039B0298D61AFB
:10806C00AE19AD18121A8A180131ABB288B292B29D
:10807C00EFE7039A029B8A1AED1801320131ABB279
:10808C0088B292B2A6E7F8B5846D0D001734FF29BB
:10809C0012D860290AD988300388E418607800283F
:1080AC0003D02378AB4205D1A01CF8BD4029F5D9EB
:1080BC008630F1E72418F1E78A3003880227E418A8
:1080CC00260000213000FFF743FE39002418300051
:1080DC00FFF73EFE04368542F3D860782378000221
:1080EC00184343BA9BB20028DFD09D4201D1E01C5B
:1080FC00DBE7A378E418F0E7F8B51F000300703352
:10810C00040018780E001500032808D8E36DF8F762
:10811C0005F802171C20200098472D18ADB223003B
:10812C006433390020001E805D80FFF7ACFF010036
:10813C000020814203D02000FFF700FF80B2F8BD81
:10814C0020009847361AB6B2E9E7200098472D1A56
:10815C00E4E7200098473618F5E70000F7B506006D
:10816C000C0015000193002700F09CFA019B3000D5
:10817C00197873689847134A0300904220D0019AEB
:10818C0001320192104A9042F0D02A0021003000B6
:10819C00FFF7B2FF3200703203001078032805D8C5
:1081AC00F7F7BCFF02070A0CE418A4B2FF18BFB221
:1081BC00DCE7ED18ADB2F9E7E41AF6E7ED1AF9E7EA
:1081CC003800FEBDFFFF0000FEFF000010B5024CA2
:1081DC004460FFF7C3FF10BD1D86000810B5024CAC
:1081EC004460FFF7BBFF10BD31860008836D70B58E
:1081FC00002B1FD003000022050001240100813355
:10820C009A568E352A701C578F310C700C331B7894
:10821C00002B0FD0012B0ED1030083331B781E1CB7
:10822C005BB2934200DA161C84232E70C3569C4218
:10823C0000DD0B7070BD030080307E331B7800783E
:10824C005BB240B21B189A4200DA2B708442F1DD0B
:10825C000870EFE70300002210B58D331A70FFF79A
:10826C00C5FF10BD014BC3657047C0466D7D00084E
:10827C00836D10B504008B4206D081657430FFF716
:10828C0071FD2000FFF7B2FF10BD37B5C58F06ACEE
:10829C002478521B009492B2C46AA04737BDF7B53C
:1082AC0005008C352D7808AC2478002D3ED0002BA1
:1082BC003CD0012B04D0022C2FD10131C91A89B228
:1082CC00012526002E402C4231D104004C34248848
:1082DC0094422BD804004E342488944226D90400AE
:1082EC00CB184834278865889CB28C421CD28D42AE
:1082FC0019D96C1EA4B2A74218D23B1C8F4200D2D3
:10830C000B1C99B22B1CA54200D9231C5B1A046BC5
:10831C000096A4689BB2A04708E0032CD0D1013290
:10832C00D21A92B2CCE739008D42E4D8F7BD0400E2
:10833C00483424888C42F9D804004A3424888C426E
:10834C00F4D90400D3184C3425889BB20234248809
:10835C00934211D294420ED9631E9BB29D42E5D238
:10836C002F1C954200D2171CBAB2251C9C4200D976
:10837C001D1CAB1ACBE72A009442EFD8D6E70300BA
:10838C0007B54C331B88934213D803004E331B881C
:10839C0093420ED9030048331B888B4209D8030043
:1083AC004A331B888B4204D9002300930133FFF717
:1083BC0076FF07BD022900D9012192300170704768
:1083CC0010B504008A4206D20120A34202D893427F
:1083DC009B41584210BD8342F9D80020FAE770B592
:1083EC000D00010004001E004E3104AB4C301B8804
:1083FC0009880088FFF7E4FF002808D023004834E0
:10840C004A3319882A0033002088FFF7D9FF70BD42
:10841C00F7B508AC150027780724254001950125F0
:10842C0006000093019B92369D403378EDB20026F6
:10843C00012B03D82E00012B00D10025A24394461A
:10844C0063460468426B247C5C43A4B26418141920
:10845C00002F1FD092239C460721012784442278A9
:10846C0032436A402270019A013213000B4001938F
:10847C00009B013B9BB200930A4217D16346428F8B
:10848C00A4181A78012A19D83E00012A12D0012505
:10849C002E000FE0009BE3189BB2227832436A4017
:1084AC0022700134A2B29A42F7D1F7BD76006D006A
:1084BC00F6B2EDB2009B002BD1D1F6E73D00F9E707
:1084CC00030070B538331B780168DA0082870A7CA8
:1084DC00D2004287020039321578EA00C2874C7C00
:1084EC005E19A64201DD641BA3B2841CDB00E2878B
:1084FC00D218031DDA878A8A831DDA87CB8A083063
:10850C00C38770BD10B5FFF7DBFF10BD13B504AC0E
:10851C0024780094FFF7B9FE13BDF0B506000500F2
:10852C000700040085B05630523654355037338826
:10853C002A8839880390008800902000FFF74FFFAD
:10854C0023008C33002802D1187005B0F0BD012235
:10855C001A70230048333A881988914200D21A8045
:10856C0023004A3332881988914200D91A8023009B
:10857C004C332A881988914200D21A80039B4E34BE
:10858C001B8822889A42E0D92380DEE70300002270
:10859C0010B548331A80821DD28F5A80036CC36485
:1085AC00FFF7BBFF10BD0000034B10B5036543651F
:1085BC00036B5B68984710BD0000FFFF70B50400AB
:1085CC00E3622300002538336163A5651A7002222B
:1085DC005D7035331D7024331D700498FF320133E8
:1085EC001A8003682063200098472000FFF7DCFF07
:1085FC0020007034FFF736FE257070BD10B50400F6
:10860C000B6801639847236B20005B68984710BD8B
:10861C00081E02D00A2900D070470148FCE7C0466A
:10862C00FFFF0000020010B5002934D00A2932D017
:10863C00C41DE37F002B21D1FB2906D901330B404C
:10864C000521E1771384154810BDF72903D90323BD
:10865C000B400421F5E7EF2903D907230B40032135
:10866C00EFE7DF2903D90F230B400221E9E70800CC
:10867C00BF29E9D91F230B400121E2E7013BDBB203
:10868C00E3773F24008C21408001084380B21084A2
:10869C00002BD9D0D7E70248D6E7C046FEFF000032
:1086AC00FFFF000000230730C377704710B50A00A6
:1086BC00002320210469A04710BD10B513000A0047
:1086CC0004691721A04710BD07B56B46DA1D117060
:1086DC000121FFF7F2FF0EBD10B50A000023152192
:1086EC00C468A04710BD10B50A0000231621C46849
:1086FC00A04710BD10B513000A00C4681721A0478D
:10870C0010BD002310B51A001821C468A04710BD75
:10871C00002310B51A001921C468A04710BD73B509
:10872C0005000C00217819290DD8172917D80DD060
:10873C0014290AD96B4662782800DA71EE68002396
:10874C00B0470234EEE7FE2910D073BD6B46DA1D3C
:10875C006378012128001370FFF7CCFFF1E70023A9
:10876C0028001A00EE680134B047DBE76B466278EC
:10877C0029212800DA7100F003F9E2E7F7B501933B
:10878C000B00143B04000D0016000020052B0ED826
:10879C001800F7F7C3FC1103030D11110021200081
:1087AC00FFF784FF31002000FFF78EFF0120FEBD94
:1087BC0001212000FFF77AFF3200290020002769F1
:1087CC00019BB847F3E70000F8B5040015001F0043
:1087DC00092904D1324900F06FF80120F8BD0A29AB
:1087EC0006D100F06EF82F492000FFF798FFF4E750
:1087FC000B390800042950D8F7F790FC034F081ADE
:10880C0029002949002AEFD02849EDE7E61C002A67
:10881C0007D120002649FFF782FF23689B7CF37762
:10882C00DBE720002349FFF77AFF2368DB7CF6E7C0
:10883C002000FFF766FF81212000FFF74DFF290084
:10884C002000FFF750FF2000FFF762FFC5E7200074
:10885C00FFF757FF10217E79E31CDB7FF600F6183B
:10886C00F6B2330919432000FFF736FF0F21200021
:10887C003140FFF731FFB023B97920001943FFF7DE
:10888C002BFF3979013DC90020003A68C9B2EDB21D
:10889C00FFF730FF002DF4D1D5E700209EE7C0464E
:1088AC0068CC000898CC000893CC00088ECC00084B
:1088BC0087CC000880CC000801608B7C0330C37728
:1088CC007047002370B51A00282145690400A84799
:1088DC000023E5681A0014212000A847200001227B
:1088EC004B2100F04DF8236820001A79292100F063
:1088FC0047F8200000224B2100F042F823682000AA
:10890C001A79292100F03CF8200001224B2100F0BB
:10891C0037F82368292120005A7900F031F870BD0E
:10892C0013B56C462371049B6171A27100930122F3
:10893C006B460F218468A04716BD002310B51A00A2
:10894C0009218468A04710BD002310B51A000A2124
:10895C008468A04710BD10B50A0000230B21846861
:10896C00A04710BD10B50A0000230E218468A04753
:10897C0010BD002310B51A0010218468A04710BD4B
:10898C0010B500234469A04710BD002070470000BB
:10899C000023084A03608260C26002614261021DCA
:1089AC00D377C21DD3778361421DFF332830D37731
:1089BC000370704797890008F8B504000F00160083
:1089CC001D00FFF7E5FF069BA760E6602561200010
:1089DC006361FFF7B2FFF8BD10B5FA24A40002F0F2
:1089EC0047F800F08BF92000F8F760FC02F0D6F89D
:1089FC002000F8F75BFC02F04DF90348FFF724F96F
:108A0C0000F0DAFB10BDC0464405002070B5040030
:108A1C000D00F8F745FC22680300821A0020AA42D8
:108A2C0001D92360013070BD10B50348FDF76CFB14
:108A3C000248FDF769FB10BDE4040020DC040020B3
:108A4C0070B5012600F02AFBFFF7EEFF0C4C0D4D24
:108A5C0020682E70F8F760F82000FEF7EBFEF8F7B0
:108A6C00EDF831002000FEF7A9FE002320002B704A
:108A7C00FEF712FF2068F7F7D7FFF8F7DFF870BDA5
:108A8C00D80800203C050020F0B505008BB000286C
:108A9C0000D17DE0012201680B6893430B60112328
:108AAC000693002308933B4B0792984258D1A0247D
:108ABC0080278023E4057F011B010193019B20008B
:108ACC0005A90593F9F7AEFB6B469B8801221900AB
:108ADC0020000093F9F7D0FC200005A90597F9F7C1
:108AEC00A1FBBBB21900012220000393F9F7C4FCCF
:108AFC006523029320000399F9F7B8FC06000128BE
:108B0C0033D11223069300230893019B079005A9E8
:108B1C0020000593F9F786FB05A91F480597F9F77F
:108B2C0081FB320020000099F9F7A6FC3200039972
:108B3C002000F9F7A1FC80232A681B0211680B4363
:108B4C001360C0462A68154913680B401360C04671
:108B5C002B6828001A6816431E60F9F785FE17E08B
:108B6C00802380270C4C5B00A7E700222000009993
:108B7C00F9F782FCC046C046C046C0460122200020
:108B8C000099F9F779FC029B013B0293002BB1D1C0
:108B9C000BB0F0BD7401002000040050FF7FFFFFFC
:108BAC0010B5064C2000F9F777F80028F9D11022FF
:108BBC0020000349F8F748FF10BDC0461001002003
:108BCC005C07002010230020054A1188013BDBB212
:108BDC0040180232002BF8D1000980B27047C04611
:108BEC005C07002010B50248F9F718F810BDC04614
:108BFC0010010020704710B50400182102F0EEFDA2
:108C0C00200010BD70B50C4D04002B78062B02D043
:108C1C00037C002B05D1A17B002902D02000FDF79D
:108C2C0081FC2B780A2B02D0A37B002B03D12000D4
:108C3C00E17BFDF777FC70BDEC04002070B50C4DAA
:108C4C0004002B78032B02D0037C002B05D1A17BD5
:108C5C00002902D02000FDF79DFC2B78052B02D0BB
:108C6C00A37B002B03D12000E17BFDF793FC70BDAF
:108C7C00EC040020074B07B55B6864221888FF23BF
:108C8C00009300231900FDF739F9C1B20248FFF730
:108C9C0069FE07BD9C0700204405002070B5134DEC
:108CAC00280002F09FFD124C002805D0F8F7F8FAC6
:108CBC002060280002F0A3FD32212000FFF7A6FE61
:108CCC000028ECD00B4C2000FFF79CFFFFF7D2FFE5
:108CDC00094D2800FEF7C5FF63681A88A3899A42DC
:108CEC00DDD128000121FFF736FE70BD940700206E
:108CFC00980700209C0700204405002070B5134DF8
:108D0C0000212800FFF727FE114E300002F06AFD0B
:108D1C00104C002805D0F8F7C3FA2060300002F0A0
:108D2C006EFD32212000FFF771FE0028ECD00A4CBA
:108D3C002000FFF783FFFFF79DFF2800FEF791FF50
:108D4C0063681A8863899A42DED170BD440500209D
:108D5C008C070020900700209C070020002210B5F3
:108D6C00044B1A80044A054B528D5A81FFF782FF3F
:108D7C0010BDC046B4070020040900209C07002049
:108D8C0010B5044B044A5B8D538152681380FFF776
:108D9C0071FF10BD040900209C070020F8B52F4D71
:108DAC0004002B78002B0AD02D4B5A685989128855
:108DBC00914202D09B89934201D100232B7000F089
:108DCC00D1F900282CD0274F380002F00BFD264E8D
:108DDC00002805D0F8F764FA3060380002F00FFD77
:108DEC0030003221FFF712FE1D4E002804D0300057
:108DFC00FFF708FFFFF73EFF73681C481E88002E24
:108E0C0027D10121FFF7A7FDA0200123320040212B
:108E1C00C0052B70F9F730FB002C00D0A047F8BD33
:108E2C00134D280002F0DEFC124C002805D0F8F798
:108E3C0037FA2060280002F0E2FC32212000FFF714
:108E4C00E5FD0028EBD00648FFF7F8FEFFF712FF10
:108E5C0006480021FFF77FFDE1E7C0461000002027
:108E6C009C07002084070020880700204405002070
:108E7C007C07002080070020074B084A1A60084A2C
:108E8C005A6003221A7261325A81064ADA60002251
:108E9C001A741A757047C0469C070020D8CC00087D
:108EAC00B4070020000005051FB580242143FA24D7
:108EBC00A4000193009201230A0002943221F9F7D5
:108ECC000FFF002004B010BD1FB580242143FA24ED
:108EDC00A4000193009201230A0002943221F9F7B5
:108EEC004DFE002004B010BD07B5074B6422988DD1
:108EFC007F23009300231900FDF700F8C1B203484B
:108F0C00FDF73AFA07BDC04604090020B807002057
:108F1C0030B5274C85B001212000FDF75DFA012109
:108F2C002000FDF7DFF902A92000FDF774FA6B466B
:108F3C001A7A402313436A4602A920001372FDF7E4
:108F4C0063FA03A92000FDF774FA6B4602256A4602
:108F5C001B7B03A92B4320001373FDF763FA00213D
:108F6C002000FDF7D9F9FFF7BFFF00212000FDF726
:108F7C001BFA0F2120006944FDF7E9F901A9200033
:108F8C00FDF7F3F96B461A7955231A402B3B134323
:108F9C006A4601A920001371FDF7E0F929002000B1
:108FAC00FDF748F903212000FDF783F905B030BD2A
:108FBC00B8070020054B064A10B51A60054A5A60DE
:108FCC00054A9A60FFF7A4FF10BDC046B807002001
:108FDC00D58E0008B58E000874010020F0B5A027CE
:108FEC00032487B000F04EF90C22002103A802F0F4
:108FFC009CFDFF05224B380001A90025019302942A
:10900C00F9F710F9112302941E4C01A920000193C9
:10901C000395F9F707F9C023022638005B0101A973
:10902C00019302950396F9F7FDF8C02320005B002D
:10903C0001A9019302950396F9F7F4F82023019303
:10904C00842301A99B032000013502930395F9F7B2
:10905C00E9F80D48F8F78CFD0C48F9F75BFC0C4867
:10906C00F9F758FC0B48FAF7ADFD0B48FBF728FE57
:10907C0080202900C001F9F7CFFF07B0F0BDC04632
:10908C00328100000004005010010020C0010020BB
:10909C00740100200C02002020040020A02010B538
:1090AC0001224021C005F9F7E7F910BD10B5F7F71B
:1090BC0067FDF7F7B7FBF7F7FDFFF7F78DFBF7F752
:1090CC00CDFDF7F783FCF7F753FCF7F7C7FAF7F783
:1090DC0077FFFFF7A9FCFFF7E1FFC820F8F7E6F8E8
:1090EC0000F0D2FB10BD000070B505001A48290035
:1090FC00FFF78CFC194C002826D102211848F9F7EF
:10910C00B5F900281AD1226863686420002112186E
:10911C004B41226063606368002B03DC12D123682F
:10912C00AB420FD9FFF7BAFDA0200022C0054021A9
:10913C00F9F7A2F9FFF752FF012004E00022002307
:10914C0022606360002070BDA02001224021C00578
:10915C00F9F792F9DFE7C046D0070020C8070020D6
:10916C000004005070B5104B104D1B789B0701D4B8
:10917C00002070BD0E4C0F4E236832681343F7D09D
:10918C00F8F78EF82368FA24C01AEB8DA400634319
:10919C009842EDD9F8F784F83368C01AEB8D5C432C
:1091AC00844280414042E4E7340900200409002055
:1091BC00C4070020D804002010B5F8F771F8064C4D
:1091CC00064BE28D801A1860F8F76AF8E28D044BB2
:1091DC00801A186010BDC04604090020D804002075
:1091EC00C407002010B5F8F75BF8064B0021186097
:1091FC000020054B18605960FFF750FFFFF7DCFFAC
:10920C0010BDC046D0070020C8070020FA2010B5BA
:10921C00C000FFF769FF002802D10248FFF7BEFD2E
:10922C0010BDC046E98F000810B540210348F9F77E
:10923C001DF943425841C0B210BDC0460008005051
:10924C0070B5FFF7F1FF0E4D041E13D07F22FF21E6
:10925C002878FEF7F9F8C3B2020A000CC1B2D2B2F8
:10926C000020FDF7DFFF2C780134E4B22C70FEF700
:10927C0009F870BD030002000100FDF7D3FFF5E70C
:10928C00D5070020002310B51A0019001800FDF7AF
:10929C00C9FF0022024B1A70FDF7F4FF10BDC04647
:1092AC00D507002000487047D6070020014B58799D
:1092BC007047C046D6070020084B10B51B78002B12
:1092CC000BD1074C2000FDF76DFD011E05D12000D0
:1092DC00FDF7B8FE2000FDF7BFFE10BDD40700203F
:1092EC00DC07002030B589B000F014F9184C0028C8
:1092FC0015D000F015F9FA250188ED004919857A89
:10930C00037982780295057A89B20195807900906B
:10931C0006A8FDF71BFF200006A9FDF797FD062503
:10932C00210006A8FDF7EBFD0A4C2A0006A9200037
:10933C0002F08AFC1E230C220721009505A8FDF7DC
:10934C005FFF210005AA06A8FDF74AFF09B030BD52
:10935C00DC070020D607002070B5C288030000206F
:10936C00172A35D81A893B2A32D85A893B2A2FD842
:10937C001A88632A2CD899784C1E0B2C28D89C88D8
:10938C00013CE4B20B2927D80123A5258B402D01E4
:10939C002B4219D102291FD1FA23DB00D21895B226
:1093AC00920706D164212800F6F752FF89B20029F2
:1093BC0007D1C82128004900F6F74AFF89B20029D5
:1093CC0007D100201C2300E01D23A3424041C0B262
:1093DC0070BD00201B23F8E700201E23F5E70000DA
:1093EC00064B074A10B51A60A2229A800022054843
:1093FC0005499A71FDF75AFE10BDC046DC070020E6
:10940C00E4040020D607002080436D385822074B17
:10941C0010B51A70DE22064B92001A800022054B02
:10942C0005481A70FCF74CFD10BDC046E50700203E
:10943C00E6070020E4070020E807002070B5094D7E
:10944C002800FCF7FDFC041E09D02800FCF76CFC7E
:10945C00054B18802800FCF769FC044B1870044B72
:10946C001C7070BDE8070020E6070020E50700200F
:10947C00E4070020014B18787047C046E407002031
:10948C00014B0020185E7047E6070020014B18784E
:10949C007047C046E507002010B502490248FCF7AA
:1094AC0008FC10BDE4040020E80700200FB413B53D
:1094BC00094C04AB04CB40212000019302F016FBB5
:1094CC00FA2382B221009B000448FCF73BFA13BC40
:1094DC0008BC04B01847C0464508002020040020F2
:1094EC0070B503000A00022400290AD007480121A4
:1094FC000578ECB2002D06D1017019000448FBF779
:10950C00FFFB200070BD0C00FBE7C04603080020E9
:10951C0020040020014B18787047C046D408002066
:10952C0000487047C8080020002210B5034B0449BE
:10953C001A7004480132FCF77DFB10BDD4080020E2
:10954C00C508002020040020F8B5164D00210C227F
:10955C00280002F0EAFA00230A261900124CE75CF4
:10956C00303F092F13D901310133112BF7D15B1A7D
:10957C002800DCB2FFF7F0FE00280ED00C2C0CD12A
:10958C000A48FFF793FF0122094B1A70F8BD4800F7
:10959C002A5A7243D2192A52E6E721000548FFF7EE
:1095AC0085FFF3E7C808002005080020E0CC000880
:1095BC00D4080020F2CC00080022F8B51B4B1C4D3F
:1095CC001A702B781B4C934214D001232B702378E8
:1095DC00DEB2002B19D1184F18483A781849D2B27C
:1095EC0002F032FB3B78DBB22370164B3E701E70E0
:1095FC002E700AE0134B1B78002B06D0F7F750FEA9
:10960C00114B1B68C01A0228DFD82378002B0CD012
:10961C000E4B1B78DDB2002B07D1FFF795FF21789D
:10962C000648C9B2FFF75CFF2570F8BDD4080020CE
:10963C000208002004080020000800200508002073
:10964C008508002001080020FC07002003080020EA
:10965C000022014B1A70704703080020114B02685E
:10966C0070B59A421CD1104D104C2B78002B12D196
:10967C0001260F4B1E70F7F713FE0E4B18600E4BA6
:10968C00207819788A19D2B21A701B780B4A505468
:10969C00402B00D92E70012221000948FCF7CAFA90
:1096AC0070BDC0460044004002080020C5080020E0
:1096BC0001080020FC07002000080020850800207D
:1096CC002004002010B50400A0204021C005F8F7AC
:1096DC00CDFE01280BD1202C02D10A4B187010BDE5
:1096EC00012CFCD1F7F7DCFD074B1860F7E7FFF70F
:1096FC00DDFC0122054B1A70202CF0D1014B1A70A5
:10970C00EDE7C046D5080020C4070020D407002090
:10971C0010B501220400054B00681A70F7F7FCF92C
:10972C002000FEF787F8F7F789FA10BD3C050020FA
:10973C0010B500220400054B1A70FEF7ADF8206836
:10974C00F7F772F9F7F77AFA10BDC0463C0500201E
:10975C0010B5074C2000FFF7DBFF38230021054A2A
:10976C002000FDF707FF2000FFF7E2FF10BDC04609
:10977C00D808002004090020034B588801384342C4
:10978C005841C0B27047C046040900208021002215
:10979C00064B4902596106491A80996105491A62BA
:1097AC009A84D961063231331A707047040900204B
:1097BC000100160001000100022201210E4B10B520
:1097CC009A8006329A710D4A1620518091805980E8
:1097DC0000211080D1801181518132225A85084A92
:1097EC001038DA621A0030329960D9601961107041
:1097FC00D986FFF7CBFF10BD04090020F808002024
:10980C000A000A0070B50E4C2000FFF781FF3823C8
:10981C00002120000B4AFDF7FFFE05002000FFF79A
:10982C0087FF002D03D0FFF7A7FF002806D1FFF715
:10983C00C3FFFFF78DFF0020A080A07170BDC04654
:10984C00D808002004090020034B044A1A60044A7B
:10985C005A6064229A607047D8080020C00100202A
:10986C00000280A010B5FFF7E9FD064C2378002B11
:10987C0007D0FFF7FFFD002803D00023237000F072
:10988C00A9F810BDD508002070B5FFF7ABFCFFF7A9
:10989C00F9FCFFF7B7FF0400FEF76CF8FFF75EFA70
:1098AC0000F056F8FFF740FEFFF706FDFFF7AEFDA0
:1098BC00FFF780FB124D2B78002B01D1002C01D12E
:1098CC00FFF78AF800230F4C2B70142220000E494E
:1098DC000133FCF7D0FD0123642220000B49FCF777
:1098EC00CAFD0123C82220000949FCF7C4FDFA2255
:1098FC000123200007499200FCF7BDFD70BDC04656
:10990C000F0000203C090020859B0008F192000804
:10991C0071980008C595000810B5F7F7C1FC034B0A
:10992C0001001800FCF7C7FDF7E7C0463C09002012
:10993C0010B500210148FCF783FD10BD3C09002047
:10994C0010B50248FCF781FD10BDC0463C09002053
:10995C0037B501240022174B1C70174B1A70FFF7F8
:10996C00A5FC164B1870164B1C70F7F799FC154B91
:10997C001860FFF7F3F9144B1B78234203D1134BF8
:10998C001B78002B15D001F049F8114CDE25200076
:10999C00FEF767F9FFF7B2F9F7F782FCAD0001901B
:1099AC00290001A8FFF732F80028F9D02000FEF7B3
:1099BC004BF937BD620900206109002060090020C5
:1099CC00500900204C090020340900200F00002011
:1099DC0044050020F0B5434A434D137887B07F2BE4
:1099EC0077D92B88A98A01339BB22B808B4200D963
:1099FC0071E03E4C00212000FDF724FB2000FDF718
:109A0C002BFB04A800F0B2FC2000FDF725FB18226C
:109A1C00200004A9FDF7BFFA01212000FDF712FB7D
:109A2C000A24FFF72DFD604380B200F002FA01908A
:109A3C00FFF72CFD6423584380B200F0FAF9029032
:109A4C00FFF71EFD0600FFF721FD294B310001AF8A
:109A5C0002001800FFF72AFD3B787A78634303AEC7
:109A6C009B183370BB78FA7863439B1873706B4602
:109A7C006A461B7A527A63439B18B3706B469B7A87
:109A8C001C4F5C436B46DB7AE4180123F4701A4CD0
:109A9C003B702068F7F740F82000FDF7CBFEF7F796
:109AAC00CDF8298804230D31320089002000FDF700
:109ABC0061FD2A00002102232000FDF75BFD00233D
:109ACC0020003B70FDF7E8FE2068F6F7ADFFF7F7D6
:109ADC00B5F807B0F0BD7F201378298003401370D0
:109AEC00F7E7C0463509002004090020DC070020F8
:109AFC00FDD900083C050020D808002073B50500EE
:109B0C000A211948FEF782FF00282CD0174C00219F
:109B1C002000FEF74FFC164E164A337830215B01BD
:109B2C009B1801931023182200932000FEF718F8BD
:109B3C00307805210130F6F775FC200031700121D9
:109B4C00FEF738FC022300212000009317223E333D
:109B5C00FEF72FF801212000FEF72CFC002D02D17E
:109B6C002000FEF77EF873BD4C0900204405002050
:109B7C006109002012DA0008F0B58BB0FFF746FB44
:109B8C009C4C9D4D2378002B06D09C4B2A781B783F
:109B9C009A4201D000232370FCF756FA23782870E0
:109BAC00974D002B05D10A2800D1FAE00C2800D1E2
:109BBC0001E1FFF75FFC934B002806D11A78002ACD
:109BCC0003D12278002A00D189E00022012128004B
:109BDC001A70FEF7EFFBFFF753FC0500FFF756FC7E
:109BEC002378002B00D0EFE0ADB203902800642165
:109BFC00F6F72EFB28008BB264210493F6F7A2FA39
:109C0C002C25162780B268437F4E7D4C8019022389
:109C1C0000220521019000972000FDF732FF0A2158
:109C2C000498F6F78FFA80B2684380190223002259
:109C3C001521019000972000FDF723FF0223142229
:109C4C00242120000093FDF7B4FF6A4B187805938C
:109C5C00FFF754FF04980A21F6F7FAFA89B2694320
:109C6C008919022300222000019100972821FDF779
:109C7C0008FF664B002201930E233821200000932D
:109C8C000D3BFDF7FEFE059B1878FFF737FF0A2109
:109C9C000398F6F757FA80B26843801902231A2208
:109CAC000521019000972000FDF7EBFE03980A2197
:109CBC00F6F7CEFA89B24D43AD1902231A221521BB
:109CCC00200001950097FDF7DCFE514B1A22019301
:109CDC000A23252100932000093BFDF7D2FE454BBA
:109CEC0008AC1878FFF70AFFFFF7DCFA0100200038
:109CFC00FDF744FA474B484D1A786379404C9A4229
:109D0C0067D0F7F7CDFA002628606E6008AF414B9C
:109D1C007A79424920001A70FEF7AAFA2000FEF761
:109D2C0099FA012120000796FEF744FB3C4DFA7886
:109D3C00290007A801F08EFE07AB30222521200058
:109D4C00FEF744FA07A8F6F7D7F93100020007A886
:109D5C0001F0EBFE29003A7907A801F07BFE07AB76
:109D6C00302235212000FEF731FA2E4D20002978C3
:109D7C00FEF720FB2A2232212000FEF700FB2E22C8
:109D8C0032212000FEF7FBFA01232A7853402B7076
:109D9C0001212000FEF70EFB2000FDF762FF0BB047
:109DAC00F0BD164B187000F073F82800FDF74CFF4F
:109DBC0001232370FDE6114B187000F0D3FE00F068
:109DCC00D9FEFCF791FFF0E75823DE250393AD0095
:109DDC000CE7F7F765FA2A686B6806000027B61AD5
:109DEC009F41002F00D08CE7FA235B009E4200D3EA
:109DFC0087E7CDE749090020D3040020480900205B
:109E0C004405002062090020CADA0008B2DA000812
:109E1C00C0DA00086009002058090020A4C8000816
:109E2C00E4DC00085009002010B50430FEF7D6F928
:109E3C0010BDF7B5002405000A2700940323012662
:109E4C001B1BDBB2002B1ED1B6B231002800F6F77B
:109E5C0079F96B46310018552800F6F7F9F90134F9
:109E6C008DB2042CEAD1009BFB341800190A1A0C91
:109E7C002140204009022240120408431B0E1B06FD
:109E8C0010431843FEBD013B7E43DBB2DAE7000012
:109E9C00F0B59DB03022002110A801F046FEF7F776
:109EAC00FFF90B90F7F7FCF9844B0C901B7800270B
:109EBC000893FEF775FE01230493023B0597029766
:109ECC000393FEF77FFE790010AA8B5A059C8852EB
:109EDC00E31A1B181421781C0593F6F7A3FA049BBC
:109EEC00764CCFB2002B06D0089A23789B1A5A4294
:109EFC005341DBB20493FCF7A7F8049B2070002BB2
:109F0C0009D10C2807D86E4B0122C3401340039A89
:109F1C00013B1A40039214210CA8FEF777FD002890
:109F2C0001D0FFF78DF9FA210BA84900FEF76EFD61
:109F3C000028C6D014210598F6F78EF9A52483B213
:109F4C00A4005C435F4E604930000693230C1C0058
:109F5C000793FEF78DF93000FDF776FE5B4B04227C
:109F6C0001930823110030000093053BFDF789FD98
:109F7C00574D1D222800574B0121FFF755FF30008C
:109F8C0000265549FEF774F9544B28002D225449EC
:109F9C00FFF74AFF062231000EA80D9601F0C5FD11
:109FAC0064212000F6F754F920008BB26421099348
:109FBC00F6F7C8F84B4982B2099B0DA801F04AFD8F
:109FCC000DAB0D2218212800FFF72EFF0DA8F6F778
:109FDC0093F8310002000DA801F0A7FD8C23079A1D
:109FEC005B001D009A4206D38833251C9C4201D38A
:109FFC003D4B1D88ADB22B006420193BFF3B5843F1
:10A00C008721F6F729F9394902000DA801F022FD44
:10A01C002F4C0DAB1D2220212000FFF705FF0DA8B2
:10A02C00F6F76AF8002102000DA801F07EFD304918
:10A03C00069A0DA801F00EFD20002D2219210DAB62
:10A04C00FFF7F2FE0023A0228C2128000093FF32A0
:10A05C0004334900FBF752FF0400C5B2FFF7E4F8E4
:10A06C00002829D00298E1B20130C0B20131F6F7D4
:10A07C00D9F9CBB2ED1A0293EDB2124C00212000AB
:10A08C00FEF798F90422032308216B432000009269
:10A09C000232FDF78EFD01212000FEF78BF9200026
:10A0AC00FDF7DFFD039B013300D10AE7FEF79AFDB4
:10A0BC00FFF7E8F81DB0F0BD0290DEE7D3040020F6
:10A0CC0048100000440500202DCD000895DE000846
:10A0DC0040050020AEDC0008ABC30008B5DC00086E
:10A0EC00FFFF0000B9DC0008CADC0008C4DC000873
:10A0FC002ADE000870B51E4C2000FDF7A5FD2000DF
:10A10C00FDF7AFFD20001B49FEF7B2F81A4B1B4DB3
:10A11C001B6828005B690D229B6801215B68FFF7B7
:10A12C0083FE28001D220121154BFFF77DFE2D22F9
:10A13C002800144B0121FFF777FE20001249FEF78F
:10A14C0097F8124D04232A881D211E20FCF78EFA45
:10A15C002B88AA8A2D21D21A92B204231E20FCF736
:10A16C0085FA2000FDF77DFD0220FBF79BFF70BDFB
:10A17C00440500202DCD00084000002040050020A3
:10A18C00CCDC0008D3DC0008ABC3000804090020B9
:10A19C0030B50500FA200C000B798A780988C000CC
:10A1AC000918A07A85B00290207A89B20190A07922
:10A1BC0000902800FCF7CAFF280005B030BD000055
:10A1CC00F8B5164B18780338072815D8F5F7A6FFFD
:10A1DC00151415041414140400260127104D2C8B8F
:10A1EC0021001048F6F734F82300013CA4B20029F2
:10A1FC0012D1002E00D02B83F8BD00260127084D6C
:10A20C002C8B21000748F6F723F823000134A4B265
:10A21C000029EED03E00F4E73E00E1E7D304002035
:10A22C00040900208051010070B5064D2800FFF78D
:10A23C006FFAAC882800E401383CFFF779FA20006B
:10A24C0070BDC046D808002010B5FFF7EDFF0E4BCF
:10A25C0040081B780D4C99075A07D20FC90F891863
:10A26C001A07D20F8918DA06D20F89189A06D20F5C
:10A27C005B06DB0F8918C918F5F764FFA38A8342C4
:10A28C0000D9A08210BDC046350900200409002069
:10A29C0070B504000E00002186B00B2203A80291B9
:10A2AC0001F043FCA078637822782149009002A841
:10A2BC0001F0D0FB1F4D01212800FEF77BF8280090
:10A2CC00FDF7C2FC2800FDF7CCFC28001A49FDF76D
:10A2DC00CFFF002E05D033000D2201211748FFF7C8
:10A2EC00A3FD28001649FDF7C3FF144E02AB1D2237
:10A2FC0001213000FFF798FD02A8F5F7FDFE0021C3
:10A30C00020002A801F011FC60792379E2780D4972
:10A31C00009002A801F09EFB2D220121300002AB1F
:10A32C00FFF782FD2800FDF79CFC06B070BDC0460F
:10A33C00DADC0008440500202DCD00084005002083
:10A34C00ABC30008E9DC000807B506496846FFF70F
:10A35C001FFF68460449FFF79BFF0220FBF7A2FE94
:10A36C0007BDC0461E090020F8DC000830B50E49B8
:10A37C0085B00400FFF70CFF0C4D0D48298BF5F749
:10A38C00E1FE2988414301A8FCF737FF210001AA0F
:10A39C0002A8FCF725FF0622200002A901F054FCBC
:10A3AC00200005B030BDC0461E0900200409002065
:10A3BC008051010013B50C4C00212000FCF742FE2B
:10A3CC002000FCF749FE0022084B68461A70FFF784
:10A3DC00CDFF182269462000FCF7DDFD012120008D
:10A3EC00FCF730FE13BDC046DC070020D50800206A
:10A3FC0007B56846FFF7BAFF054B68461B685B69F3
:10A40C009B685968FFF744FF0220FBF74BFE07BD22
:10A41C004000002010B586B002A81249FFF7B8FE24
:10A42C00114C1248218BF5F78DFEA18A414301A8EE
:10A43C00FCF7E3FE01AA02A904A8FCF7D1FE062250
:10A44C0004A902A801F000FC094B02A81B685B6977
:10A45C009B685968FFF71CFF0220FBF723FE06B030
:10A46C0010BDC0461E0900200409002080510100C7
:10A47C0040000020F0B587B004930CAB160004CB61
:10A48C00304C1B7803900F002000012101920593A2
:10A49C00FDF790FF2C4B200019000293FDF7E8FE0E
:10A4AC002000FDF7D1FB2000FDF7DBFB039B274DC4
:10A4BC00002B43D0002E06D1254B1B685B699B6893
:10A4CC005B680D2211E033000D2201212800FFF7FB
:10A4DC00ABFC019B002B0CD0059B002B03D1200067
:10A4EC001C49FDF7C5FE1D22019B01212800FFF729
:10A4FC009BFC20001749FDF7BBFE012F16D1200055
:10A50C000299FDF7B5FE1148049B06001D011D358F
:10A51C00114BEDB22A0039001B68FFF785FC0F4B7D
:10A52C002A00252130001B68FFF77EFC2000FDF778
:10A53C0098FB3800FBF7B6FD07B0F0BD084B1B6865
:10A54C00BFE7C046440500202DCD00084005002083
:10A55C0040000020ABC300083C0000203800002065
:10A56C0034000020F0B56E4F01243B8893B0002BD3
:10A57C0000D1CEE06B4B21000093200023006A4AEF
:10A58C000194FFF777FF002800D1C0E0F6F788FEB2
:10A59C00664E09903000FDF757FB30006449FDF71B
:10A5AC0067FE644D21000D222800634BFFF73CFC35
:10A5BC0021001D222800614BFFF736FC21000024EE
:10A5CC005F4B2D222800FFF72FFC5E493000FDF772
:10A5DC004FFE5D48FEF76AFF5C490DA8FFF7D8FDFA
:10A5EC005B48FFF795F83B889C4231D22100002351
:10A5FC000BAF0E313A000B93890004335448FDF72E
:10A60C000BF8474B5348198BF5F79CFD01000FAD28
:10A61C0061430CA8FCF7F1FD28000CAA0DA9FCF76E
:10A62C00DFFDFA20FE782978AB786A780696BE783A
:10A63C00C00005967E78091804963F784648039723
:10A64C006F7902972F790197ED780095FEF72EFF21
:10A65C000A212000F5F7FCFD89B2314F002902D008
:10A66C003B88A34221D1314D00212800FDF7A2FEE9
:10A67C00202300221A2128000093DB18FDF799FAF9
:10A68C0001212800FDF796FE042322000D211E2037
:10A69C00FBF7ECFF3A881E20121B04231D2192B2FB
:10A6AC00FBF7E4FF2800FDF7DCFA01343B88A4B289
:10A6BC00A34299D22648FFF73BF8F6F7F1FD1B4C65
:10A6CC00099B1B49C51A2000FDF7D2FD234B2D22F7
:10A6DC0001211848FFF7A8FB20000024FDF7C1FA60
:10A6EC000220FBF7DFFC0FAE0622210010A80F940E
:10A6FC0001F01BFA2A001A49300001F0ABF90123D2
:10A70C0002211800174A01940096FFF7B3FE13B00C
:10A71C00F0BD0093022123002000134A0194F4E7BA
:10A72C000409002012DD000805DD000844050020A6
:10A73C002DCD00084005002022DD000829DD000891
:10A74C0030DD0008ABC300083DDD00081E09002009
:10A75C00D80800208051010061DD000897DD000859
:10A76C00A7DD0008ADDD0008BDDD000807B5012040
:10A77C0000220300010001900092FFF77BFE0028ED
:10A78C0001D0FFF703F807BD73B5012000250300C6
:10A79C002A00010001900095FFF76CFEA84213D02F
:10A7AC000A4E3000FEF7B4FF094C022322002900A8
:10A7BC0030002580FCF7DEFE3000FEF7B9FF7F226B
:10A7CC00313423781340237073BDC046D808002061
:10A7DC00040900201FB5174C02A82100FFF7D8FC74
:10A7EC00154B02A81B685B699B685968FFF750FD05
:10A7FC000220FBF757FC2000FEF7AEFD0300012002
:10A80C00002B0ED00D4B010000930D4A030001905C
:10A81C00FFF730FE002803D00A4802A9FCF716FB0C
:10A82C001FBD009302210300074A0190FFF722FE8F
:10A83C00F6E7C046F808002040000020DDDD0008E7
:10A84C00CDDD0008DC070020EDDD000807B5012395
:10A85C0000200221020001930090FFF70BFE07BDC0
:10A86C0010B5FFF7F3FF10BD704710B5FEF788FA6F
:10A87C0010BD10B5FEF738FB10BD07B50120002246
:10A88C000300010001900092FFF7F4FD002803D0B3
:10A89C00FEF792FFFEF75CFF07BD0000F0B5002449
:10A8AC0001258BB008AB1C7122002B00290028005D
:10A8BC00019500940894FFF7DDFDA04200D181E0E2
:10A8CC0049494A48FDF7D4FC039401235B420593A4
:10A8DC00FBF7BAFB464B18700C2806D8454B059A6B
:10A8EC00C3402B40013B1A400592434E300000F010
:10A8FC0079FF424C002805D0F6F7D2FC20603000DE
:10A90C0000F07DFF20003E49FEF780F80028DFD0E4
:10A91C00364C2000FDF798F9039B012B54D0022BE9
:10A92C0058D00023374A0026200037003400069206
:10A93C00354A9B009B5800210D22FDF747FC0496DD
:10A94C0071000A232A00069889B2F8F783FA079057
:10A95C0000281DD132002D4908A801F07BF82201F6
:10A96C0008AB04991D322148FDF730FC05220799EC
:10A97C0008A801F0DAF80134049B01372C40FFB22F
:10A98C0023432CD0002C03D1049B212B00D1049405
:10A99C000136802ED4D1154C002F05D11D22390043
:10A9AC0020001B4BFDF712FC2000FDF75AF9039811
:10A9BC0003210130C0B2F5F735FDCBB20393059BF3
:10A9CC00002B82D10BB0F0BD1248FEF7B1FE2B006C
:10A9DC00114AA8E70F48FEF79BFE039BF8E71C0003
:10A9EC0021230493D4E7C046ABC3000844050020E0
:10A9FC00D3040020481000006409002068090020DE
:10AA0C00DC050000740100202800002006DE000890
:10AA1C00FDDD0008D8080020C001002007B5054B5B
:10AA2C00112201930C23002100930348043BFDF7F2
:10AA3C0028F807BDADDE00084405002007B501204D
:10AA4C0000220300010001900092FFF713FD002883
:10AA5C0008D0BFF34F8F044B044ADA60BFF34F8F1B
:10AA6C00C046FDE707BDC04600ED00E00400FA0556
:10AA7C00F0B500241C4D87B02800FDF7E5F8012146
:10AA8C002800FDF797FC28001849FDF7F1FB26007C
:10AA9C003219174B0132A100D2005B58280000215B
:10AAAC0092B20134FDF792FB052C04D12800FDF77E
:10AABC00D8F807B0F0BD012CEAD1002710223900DC
:10AACC0002A8019701F031F80A4A0B49D37801A882
:10AADC00927800F0BFFF10223900280001ABFDF77F
:10AAEC0075FB0136D4E7C04644050020A4C8000815
:10AAFC0014000020040900200DDE000810B50A4CDB
:10AB0C002000FDF7A1F8FFF789FF2000FDF7A9F859
:10AB1C000220FBF7C7FA002804D0FFF7A9FF022098
:10AB2C00FBF7C0FA10BDC0464405002013B5040065
:10AB3C00FEF7B8FB01006846FCF720FB6B461B7860
:10AB4C0023806B465B7863806B469B78A3806B4657
:10AB5C00DB78E3806B461B7923816B465B796381E1
:10AB6C0013BD000010B50248FFF7E0FF10BDC04652
:10AB7C00F808002010B5064A064B12787F2A05D833
:10AB8C001B88002B02D10448FFF7D0FF10BDC04634
:10AB9C0035090020040900201E090020F0B500260C
:10ABAC00254D85B02800FDF74FF828000121FDF751
:10ABBC0001FC28002149FDF75BFB31000B2201A8A9
:10ABCC00009600F0B2FF1E4F6846BA881D4900F08F
:10ABDC0041FF1D4C6B460D2201212000FFF724F98B
:10ABEC006846F5F789FA31000200684600F09DFFCF
:10ABFC00BA8868461549D20100F02CFF6B461D221D
:10AC0C0001212000FFF710F96846F5F775FA3100BD
:10AC1C000200684600F089FFBA7968460C4900F0DA
:10AC2C0019FF6B462D2201212000FFF7FDF82800AB
:10AC3C00FDF717F805B0F0BD44050020ABC30008C4
:10AC4C00D808002017DE0008400500201FDE000891
:10AC5C0027DE000837B50124002223002100200044
:10AC6C0001940092FFF706FC00280FD0084D280035
:10AC7C00FEF74EFD21002800FCF7A0FD2800FEF792
:10AC8C0057FDFFF78BFF0220FBF70CFA37BDC046D0
:10AC9C00D80800207047704710B50400282100F038
:10ACAC009DFD200010BD0000F0B585B01D000AAB65
:10ACBC001F880BAB1B88160001930CAB1B784160F3
:10ACCC0002930DAB1B780E99039310AB1A78114BB2
:10ACDC0004000360002383600361436183610F9B65
:10ACEC00C1600362431DDA77182000F08BFD0A4B1C
:10ACFC0046600360019B05728381029B47818373CD
:10AD0C00039BA060C373012303740375200005B07B
:10AD1C00F0BDC04610E10008D8CC0008F0B52825DD
:10AD2C00060000205543204B85B00C000291039285
:10AD3C0030607060B0604F199D4202D91B4800F022
:10AD4C007EFD002D02D0280000F05CFD4319B3609D
:10AD5C000300174A30600192A7420BD12822154BF1
:10AD6C00ED086B43DB00DB085343C0187060300008
:10AD7C0005B0F0BD6168019A5960A1681A609960CC
:10AD8C00E168621DD9602169D27F196161695961DD
:10AD9C00A1699961217F1977216A28341962591D9B
:10ADAC00CA772833D8E7C046F8FFFF7F0DDF0008CD
:10ADBC0010E10008CDCCCC0C70B5040005684668D9
:10ADCC00AE4208D12068002803D0A168091A00F00F
:10ADDC0005FD200070BD2B6828001B68984728359E
:10ADEC00EEE70000F0B50500E9B0012868D0204C72
:10ADFC002068A04201D000F074FC1E48FBF776FBE3
:10AE0C001D48FFF7D9FF1D48FFF7D6FF1C48FBF77D
:10AE1C006DFB1C48FBF76AFB1B48FBF767FB1B48E9
:10AE2C00FBF764FB1A48FBF761FB1A48FFF7C4FFFA
:10AE3C001948FFF7C1FF1948FFF7BEFF1848FFF785
:10AE4C00BBFF1848FFF7B8FF1748FBF74FFB174835
:10AE5C00FFF7B2FF1648FBF749FB1648FFF7ACFFAC
:10AE6C001548FBF743FB1548FFF7A6FF00F037FC2E
:10AE7C008C09002098090020BC090020C80900207A
:10AE8C00D4090020F80900201C0A0020400A0020E8
:10AE9C00640A0020880A0020940A0020A00A0020DE
:10AEAC00AC0A0020B80A0020C40A0020E80A0020DE
:10AEBC00F40A0020180B0020240B0020480B002063
:10AECC00FB4B22AE2293FB4B00247360FA4B04AA7B
:10AEDC0033627D239B18B460F46034617461B46197
:10AEEC000A27D8776323F54AF54906940594049408
:10AEFC000290019400930397613B2CA8FFF7D4FEBA
:10AF0C000C23F04AF049069405940494029501959B
:10AF1C00009303970A3B36A8FFF7C6FE1F23EB4AA4
:10AF2C00EB490694059404940295019500930397BC
:10AF3C001D3B40A8FFF7B8FE1723E64AE6490694E6
:10AF4C00059404940295019400930397153B4AA829
:10AF5C00FFF7AAFE3B23E14AE149069405940494C9
:10AF6C000295019400930397393B54A8FFF79CFE7C
:10AF7C003B23DC4ADC490694059404940295019425
:10AF8C0000930397393B5EA8FFF78EFE0722D74D3F
:10AF9C00310028001EAB20962192FFF7BFFE68AC53
:10AFAC00283C236820001B689847B442F8D1D04B4A
:10AFBC00290018000993FBF725FB9C210025022092
:10AFCC00CC4ABB4E239204AFCB4A7F1822AB2495BC
:10AFDC002595269527952892229618772A953D70C7
:10AFEC000427C649329233AA2D912E952F95309570
:10AFFC0031952C961770C24F35AB21000200349559
:10B00C001F901D7038001CAB1E94FFF787FEA36ABF
:10B01C002CAA10001B689847BA4B390018001F0067
:10B02C00FBF7F0FA9C21B84B2296636004AB5B18DB
:10B03C00A560E56027616561A56125621D700A2325
:10B04C00012703935933B14AB149069505950495E7
:10B05C000297019700932CA8613BFFF725FEAD4B9F
:10B06C00022005930A23039387239B01AA4AAB4929
:10B07C000690049502970197009336A80423FFF7D6
:10B08C0013FEA74B022005930A230393A54BA64A54
:10B09C00A6490690049502970197009340A80423B3
:10B0AC00FFF702FEA24B4C954B93099B4D954E938B
:10B0BC0053AB4F95509552954A961D709D4B569596
:10B0CC0055939D4B57955C935DAB589559955A95F7
:10B0DC0054961F70994B04AA5F93994B6095669395
:10B0EC007823FF339B1807226195629563956495CD
:10B0FC005E965F75934F210038001AAB1C941D921D
:10B10C00FFF70CFE68AD283D2B6828001B6898479C
:10B11C00A542F8D18C4D39002800FBF773FA8B4B04
:10B12C009C2122966360002304AA5218A360E3605A
:10B13C006361A361236225611370854AA662E26292
:10B14C00844A2363A26435AA6363A363E363236421
:10B15C001370814A1C396265674A2665A2663DAA4E
:10B16C00A365E3652366636611707C4A7D392267AB
:10B17C003FAA11707A4AA667E2677A4A42934892CC
:10B18C0049AA43934493459346931370764A4A963F
:10B19C004B92764A4C93529253AA4D934E934F93A3
:10B1AC0050931370724A54965592724A5693579311
:10B1BC00589359935A935C925DAA137006222100FE
:10B1CC006D4818AB1A941B92FFF7A8FD5EAE283E93
:10B1DC00336830001B689847A642F8D1002401253B
:10B1EC000A276323654A364906940594049401940E
:10B1FC0000933000613B03970295FFF755FD0C233C
:10B20C005F4A3149069405940494009303970A3BD2
:10B21C00029501952CA8FFF747FD1F23594A2C498D
:10B22C00069405940494009303971D3B0295019595
:10B23C0036A8FFF739FD1723534A2749069405947E
:10B24C000494019400930397153B029540A8FFF7D3
:10B25C002BFD3B234D4A22490694059404940194FA
:10B26C0000930397393B02954AA8FFF71DFD3B233A
:10B27C00474A1D490694059404940194009303973E
:10B28C00393B029554A8FFF70FFD094B04AA5E93B6
:10B29C00404B60945F93404B619466937823FF33EB
:10B2AC009B180722629463946494310076E0C04644
:10B2BC0010E100083EDF000855A300081E0900201D
:10B2CC0045DF00082009002049DF00082209002082
:10B2DC004DDF00082409002051DF0008260900205A
:10B2EC0055DF00082809002059DF0008480B002012
:10B2FC00240B00205DDF00083509002064DF000806
:10B30C00180B0020F40A00206BDF00081A0900203B
:10B31C0078DF0008CDA100081C09002082DF00089E
:10B32C0055A200080F270000180900208FDF000825
:10B33C00F8DC000899DF0008FDA30008A6DF000870
:10B34C0021A40008E80A0020C40A0020B3DF00088A
:10B35C00C0DF000801A10008CDDF0008C1A3000870
:10B36C00DADF000879A70008E7DF000895A70008D6
:10B37C00F4DF000871A50008B80A0020F8080020C6
:10B38C00FA080020FC080020FE080020000900201C
:10B39C000209002001E00008E1A700085D75D4480F
:10B3AC0016AB18961992FFF7B9FC68AC283C2368C9
:10B3BC0020001B68984722AB9C42F7D1CD48022352
:10B3CC0001276425099004900A200693CA4BCB4AA6
:10B3DC00CB49059303900323009520000297019716
:10B3EC00FFF762FCC74A002522640A92BC22C64EB3
:10B3FC00C64B04A98918E36225636563A563E563FD
:10B40C00A6620F70C421022304AA5218A5641570F9
:10B41C0014AA21001793BE48130002221694FFF7BA
:10B42C007DFCA36A2CA81B689847BA4B0320059394
:10B43C00099B0690049364230730B74AB7490390DD
:10B44C0000932000613B02970197FFF72DFC0A9AAD
:10B45C00B34B2264BC22E362022304A98A1825633D
:10B46C006563A563E563A66213700B00C4215B18CA
:10B47C00A5641D70AB4B0A200493E1239B00AA4AE0
:10B48C00AA4906950595039001950093029703230D
:10B49C0036A8FFF709FC0320210015900322A448CD
:10B4AC0012AB1494FFF73AFC40AD283D2B682800F2
:10B4BC001B689847A542F8D19E4B9F4A7D21229646
:10B4CC00636022620023012204A80918A360E360D0
:10B4DC0023616361A361CA7798492363E162984948
:10B4EC006363A1640100C4200918A363E3632364AC
:10B4FC00A6620A709349A36561659349E365216768
:10B50C003FA923666366A36626650A708F49A66702
:10B51C00E1678F494293489149A9439344934593DA
:10B52C0046930B708B494C934B918B494D93529195
:10B53C0053A94E934F9350934A960A705693579330
:10B54C00589359935A93854B85495C935DAB5591B0
:10B55C00549621001A700532824810AB1294139243
:10B56C00FFF7DCFB5EAD283D2B6828001B68984775
:10B57C00A542F8D17C4F7D493800FBF743F87C4E4F
:10B58C005B493000FBF73EF87A4B61491800099390
:10B59C00FBF738F8784B664918000A93FBF732F83A
:10B5AC00764B704918000B93FBF72CF8744B7D22EB
:10B5BC0023930023544C04A95218249325932793C6
:10B5CC0028932A9322942697D3776E4A2E932D9202
:10B5DC0035AA2F9330963193329334932C94137065
:10B5EC00694A38933792099A39933A923FAA3B9316
:10B5FC003C933E93369413704094644A4293419228
:10B60C000A9A4393449249AA4593469348931370DC
:10B61C005F4A4C934B920B9A4D934E9253AA4F9375
:10B62C00509352934A9413705A4A569355925A4ACD
:10B63C0057935C925DAA589359935A9354941370F0
:10B64C0006221095290055480EAB1192FFF766FBA8
:10B65C005EAE283E336830001B689847AE42F8D186
:10B66C004F4B7D2122940025736001234D4A04A881
:10B67C0009183262B560F56035617561B561CB77DB
:10B68C00B46202244849B26435AAF16235633100D0
:10B69C007563B563F56335644448137022000DABD4
:10B6AC000E960F94FFF73AFBB36A2CA81B689847C9
:10B6BC003A493F48FAF7A6FF3E4B3F4A1B609D6054
:10B6CC005B603E4B1A603E4A1C725A6020225A81C3
:10B6DC0080225203DA601D741D753A4B1C7069B0E0
:10B6EC00F0BD05680C2100F079F82800FFF781FB0C
:10B6FC00AC0A0020C8DC000877A800082E0900203E
:10B70C000EE000083409002010E100081BE00008DE
:10B71C00A00A00207FA800083009002028E00008BB
:10B72C0035E000084FE000083209002042E0000834
:10B73C00940A002051E00008A9A800085EE0000867
:10B74C0061AC00086BE000089D9E000872E00008E8
:10B75C006DA800087FE0000849AA000887A8000827
:10B76C0086E00008880A0020640A0020B80A00203D
:10B77C00400A00201C0A0020F8090020D4090020EF
:10B78C0093E00008A0E00008ADE00008BAE0000873
:10B79C00C7E00008D4E0000809AB0008C809002085
:10B7AC00E1E0000875A80008F7E00008BC090020DB
:10B7BC00980900208C090020D8CC000870090020C2
:10B7CC00880900206D09002010B50120FFF70AFB45
:10B7DC0010BD10B50020FFF705FB10BD10B500F033
:10B7EC0031F810BD012302681A4206D14278002AB2
:10B7FC0000D0FFDE4370180070470020FCE70123E7
:10B80C000360704710B5041E00D10134200000F015
:10B81C002BF8002800D010BD00F018F8002801D13A
:10B82C0000F01AF88047F1E74B680160436018603C
:10B83C00486070470368426813605A60704710B5DF
:10B84C0000F00AF810B500F019F810BD014B18689B
:10B85C007047C046540B0020062010B500F096F936
:10B86C000120F5F727FB000010B5034B0100186809
:10B87C0000F030F810BDC0464400002010B5034B5A
:10B88C000100186800F0EAF910BDC0464400002021
:10B89C0070B50F4E0D0031680400002902D100F084
:10B8AC0095F930602900200000F090F9431C03D179
:10B8BC0001256D42280070BD0323C51C9D43A84281
:10B8CC00F8D0291A200000F081F90130F2D1EFE70D
:10B8DC00580B0020F7B50322CB1C9343083305000B
:10B8EC001F000C2B34D20C27B94233D8280000F09F
:10B8FC0071F8374E33681C00002C2FD1390028000A
:10B90C00FFF7C6FF0400431C5FD134680094009B12
:10B91C00002B4AD1002C52D023682800E318009940
:10B92C00019300F053F9019B834248D1236828000E
:10B93C00FF1A3900FFF7ACFF013040D02368DB1948
:10B94C00236033685A68002A33D1009B336019E0B6
:10B95C00002BC9DA0C232B600020FEBD2168C91B0B
:10B96C0020D40B290AD9E2192760A34204D13260F2
:10B97C0063681160536005E05A60F9E76268A3429E
:10B98C000ED13260280000F02DF8200007220B3079
:10B99C00231D9043C21A9842DFD01B1AA350DCE738
:10B9AC005A60EFE723006468A6E7009C6368009385
:10B9BC00ADE71A005B68A342FBD10023DAE70C2346
:10B9CC0028002B6000F00EF8C6E70760DAE7C046E7
:10B9DC005C0B002010B5024800F034F910BDC046D5
:10B9EC009C0C002010B5024800F02DF910BDC0468B
:10B9FC009C0C0020F7B506000C001500002905D1A1
:10BA0C001100FFF767FF04002000FEBD002A03D1E0
:10BA1C0000F024F90024F7E700F06AF907008542EA
:10BA2C0002D84308AB42EFD329003000FFF752FF96
:10BA3C0001900028EED02A00BD4200D93A00210026
:10BA4C00019800F001F92100300000F007F9019C89
:10BA5C00DAE700000EB400B50B499CB01DAB0290A8
:10BA6C000690079104910948094904CB0591006897
:10BA7C0002A9019300F0A4F90022029B1A701CB0D9
:10BA8C0008BC03B01847C046FFFFFF7F44000020EE
:10BA9C000802FFFF30B5140005001A009BB0002C03
:10BAAC0005DA8B230360012040421BB030BD82239A
:10BABC0068469B0083810023009104919C4200D036
:10BACC00631E02930593012369465B42CB812800D8
:10BADC001E9B00F075F9431C01DA8B232B60002CA4
:10BAEC00E3D00022009B1A70DFE7000013B5044C72
:10BAFC00009313000A0001002068FFF7CBFF16BD6E
:10BB0C004400002010B5884206D800239A4208D081
:10BB1C00CC5CC4540133F9E78B189842F5D2013A46
:10BB2C0000D210BD8B5C8354F9E70300821893425A
:10BB3C0000D1704719700133F9E770B504000D009E
:10BB4C001F2904D9162303600120404270BDC36B2A
:10BB5C00002B04D08A009B181A68002A08D12000F8
:10BB6C0000F030F82A000100200000F019F8EDE791
:10BB7C00012A09D0511C03D1162303600120E5E7EB
:10BB8C0000212800196090470020DFE710B5034B17
:10BB9C0001001868FFF7D1FF10BDC046440000201B
:10BBAC00002370B5064D0400080011002B60F5F75A
:10BBBC0079F9431C03D12B68002B00D0236070BD96
:10BBCC00980C002010B5F5F76BF910BD002370B57B
:10BBDC00064D040008002B60F5F772F9431C03D1E5
:10BBEC002B68002B00D0236070BDC046980C002041
:10BBFC00014B18687047C0464400002070B5002601
:10BC0C000C4C0D4D641BA410A64209D1002600F06B
:10BC1C005FFB0A4C0A4D641BA410A64205D170BDF3
:10BC2C00B300EB5898470136EEE7B300EB58984752
:10BC3C000136F2E754E1000854E1000878E100080D
:10BC4C0054E1000870477047002310B59A4200D1A8
:10BC5C0010BDCC5CC4540133F8E7000070B505008E
:10BC6C000C1E10D0043C2368002B00DAE4182800CA
:10BC7C00FFF7B0FE1D4A1368002B05D163601460FA
:10BC8C002800FFF7AFFE70BDA34208D92068211829
:10BC9C008B42F3D119685B6809182160EEE71A0032
:10BCAC005B68002B01D0A342F9D911685018A0424F
:10BCBC000BD120680918501811608342E0D1186824
:10BCCC005B68411811605360DAE7A04202D90C237B
:10BCDC002B60D5E7206821188B4203D119685B686B
:10BCEC000918216063605460CAE7C0465C0B0020F1
:10BCFC000B1F1B68181F002B01DA0B58C01870475C
:10BD0C00F0B58E6885B01F000C000B680290039292
:10BD1C00BE4230D80C21625E9021C9000A4228D064
:10BD2C00032021695B1A0193636943430198DD0F7A
:10BD3C00ED187B1C1B186D10AB4200D91D00520571
:10BD4C0028D529000298FFF7C5FD061E2CD0019AB4
:10BD5C002169FFF779FFA289184B1A4080231343FE
:10BD6C00A381019B2661F61826603E006561ED1AE1
:10BD7C00A560BE4200D93E00320003992068FFF74F
:10BD8C00C1FE0020A3689B1BA36023689B19236042
:10BD9C0005B0F0BD2A000298FFF72CFE061EE0D17C
:10BDAC0021690298FFF75AFF0C230120029A4042A6
:10BDBC001360A28934331343A381E9E77FFBFFFFB0
:10BDCC00F0B5A1B003901D008B890F0016001B0667
:10BDDC0011D50B69002B0ED14021FFF77BFD38608C
:10BDEC003861002805D10C23039A136001204042CE
:10BDFC00CFE040237B61002308AC63612033637682
:10BE0C001033A376079535002B78002B01D0252B0A
:10BE1C0048D1AB1B0593B5420BD0320039000398C7
:10BE2C00FFF76EFF013000D1AEE06369059A9B18F5
:10BE3C0063612B78002B00D1A6E001220023524233
:10BE4C00626004A9543252186E1C2360E360A36034
:10BE5C001370A365544B052218003178059300F03C
:10BE6C002BFA751C00281FD12268D30604D5532346
:10BE7C0004A95B1820211970130704D5532304A9B6
:10BE8C005B182B21197033782A2B16D03500002122
:10BE9C000A20E3682A786E1C303A092A50D9002906
:10BEAC0011D117E00135AFE7059B2268C01A0123B9
:10BEBC00834013432E002360CCE7079B191D1B689E
:10BECC000791002B01DB0B9304E05B42E360022340
:10BEDC00134323602B782E2B0CD16B782A2B34D167
:10BEEC00079B02351A1D1B680792002B01DA0123F0
:10BEFC005B4209932D4E03223000297800F0DCF9C7
:10BF0C00002806D04023801B834022680135134350
:10BF1C0023602978062226486E1C217600F0CCF985
:10BF2C00002838D0234B002B22D10722079B073344
:10BF3C009343083307936369049A9B18636162E720
:10BF4C004343350001219B18A4E700230A20190064
:10BF5C00013563602A786E1C303A092A03D9002B0C
:10BF6C00C8D00991C6E74143350001238918F1E790
:10BF7C0007AA009221003A000F4B039800E000BF83
:10BF8C000490049B0133D6D1BB890D985B0600D578
:10BF9C002CE721B0F0BD07AA009221003A00064B15
:10BFAC00039800F07BF8EBE718E100081EE10008AD
:10BFBC0022E10008000000000DBD0008F7B51600D6
:10BFCC0001938A680B690C000090934200DA13000D
:10BFDC002200336043321278002A01D001333360DF
:10BFEC0023689B0602D5336802333360226806232C
:10BFFC0015001D401A4227D0230043331B785A1ECC
:10C00C0093412268920630D4220001990098089D31
:10C01C004332A847013025D006222368002513405F
:10C02C00042B05D13368E568ED1AEB43DB171D4093
:10C03C00A3682269934201DD9B1AED180026B542D4
:10C04C0020D1002010E00135E36832689B1AAB4226
:10C05C00D2DD2200012301990098089F1932B847BC
:10C06C000130F0D101204042FEBD3020E1184331B7
:10C07C00087021005A1C45310978A218433202334A
:10C08C001170C1E72200012301990098089F1A3210
:10C09C00B8470130E6D00136D1E70000F0B58BB0DF
:10C0AC0006920A0043320793059003920A7E0C0015
:10C0BC00109B782A09D8622A0BD8002A00D1BCE040
:10C0CC007B490491582A00D190E0250042352A7012
:10C0DC0022E0100063381528F7D8F4F729F8160079
:10C0EC001F00F6FFF6FFF6FFF6FF1F00F6FFF6FF48
:10C0FC00F6FFF6FFA10036008000F6FFF6FFB20057
:10C10C00F6FF3600F6FFF6FF840025001A6842356C
:10C11C00111D196013682B700123A0E018680968C1
:10C12C00021D0D060BD506681A60002E03DA2D23AE
:10C13C00039A764213705E4B0A27049318E0066844
:10C14C001A604906F1D536B2EFE70868196840C99C
:10C15C00050602D4400600D5B6B21960544B0A2726
:10C16C0004936F2A00D1023F2300002243331A703C
:10C17C006368A360002B03DB042122688A432260DE
:10C18C00002E02D1039D002B0CD0039D30003900F2
:10C19C00F4F75EF8049B013D5B5C2B7033000600EA
:10C1AC009F42F3D9082F09D12368DB0706D56268B3
:10C1BC0023699A4202DC3023013D2B70039B5B1BED
:10C1CC002361079B210000930598069B09AAFFF7A2
:10C1DC00F5FE013048D1012040420BB0F0BD2022C9
:10C1EC0009680A43226078223249049121004531C2
:10C1FC000A701968226840C9100602D4500600D58E
:10C20C00B6B21960D30702D5202313432360002E46
:10C21C0001D01027A8E72022236893432360F8E776
:10C22C001A680D68101D4969186013682E0601D52F
:10C23C00196002E06D06FBD519800023039D236174
:10C24C00BFE71A68111D1960156800212800626883
:10C25C0000F032F8002801D0401B60606368236155
:10C26C000023039A1370ACE72A00236906990598FA
:10C27C00079DA8470130AED023689B0715D4099BB6
:10C28C00E0689842A9DA1800A7E722000123069972
:10C29C000598079E1932B04701309CD00135E368F0
:10C2AC00099A9B1AAB42F0DCE9E70025F7E7C04698
:10C2BC0029E100083AE10008C9B28218904201D184
:10C2CC000020704703788B42FBD00130F6E700006A
:10C2DC00F8B5C046F8BC08BC9E467047F8B5C046D9
:08C2EC00F8BC08BC9E46704737
:10C2F400000000000000000000000000000000003A
:10C30400010000000200000003000000040000001F
:10C314000000000000000000000000000000000019
:10C324000000000000000000000000000000000009
:10C3340001000000020000000300000004000000EF
:10C3440006000000070000000800000009000000CB
:10C35400010002000400060008000A000C0010009E
:10C364002000400080000001427574746F6E5374A5
:10C3740061747465203D2025640D0A00253664002F
:10C384004F4E004F4646002A000000000000000007
:10C3940000000000F96400081D6500081F1C1F1E32
:10C3A4001F1E1F1F1E1F1E60000302050504050635
:10C3B400101000FE0AFE0BFF019B033404DC200670
:10C3C40000A047012108413144714804220885280E
:10C3D4004691B905230F462544D5D3302451CB309B
:10C3E400443D012412472544170E4A1449E13C46B2
:10C3F40052651033002514472544A34949298994DB
:10C40400344E1329899292A6002612472544B595E5
:10C41400B24A282691968849264D0127078130463D
:10C424003104280C83ED43954449D45B9405290DCC
:10C4340083E943914559D44B9444002A0DE764445D
:10C4440057AAB46D49532D032B0CE7644417D786C0
:10C45400218B6B002C0982AC43A1240A002D0724F4
:10C46400284531042E07422C4431042F0C46254420
:10C474005BAC8669584D013012462544A54549A850
:10C484004D89126D6212651200310B45294495499C
:10C4940049D8A741320F4625443324A198665A58F7
:10C4A4004D870133104625443324A19846732A8AC4
:10C4B400C990003410462544196A4954C9922C196C
:10C4C400C6B402350F4625447148AB839CA662323C
:10C4D4002400360F4625443585693A28A163322461
:10C4E40000370B462544712DA6C5B40938104625DE
:10C4F400443324A1311992D031191200390E462542
:10C50400443324A13119D4C668023A09E26C443197
:10C51400C443003B0A22ED4331C44AA2003C09252E
:10C5240029449975ED003D09A6A44471270E033EE4
:10C53400092525449176EB083F0F4625443324A171
:10C544009886D51C4C23004012462544356552A2DA
:10C55400244BA4444A242DF110410E462544A545FC
:10C564002DA1380CA26300420E4625443128A17146
:10C574005842C76101430E4625443324A1B5A3980C
:10C584000C0900440E46254431445912FA2D19224F
:10C5940000450D4625447148AB8392B60E03460C04
:10C5A4004625447148AB83927605470E46254433AD
:10C5B40024A1B53484366509480B462544113A0E46
:10C5C40083E831490B4529443148613F0D024A0E45
:10C5D4004725443588714F5994651B004B114625F6
:10C5E40044116A4954C94431C9A25A12064C094635
:10C5F400254491F6D7614D0D462544118AD3102D5B
:10C604001E1D034E10462544116E9B122991944819
:10C6140089760C4F0C4625443324A13F264302500F
:10C624000D4625443128A17158D2AE00511767E553
:10C63400433344611226611226611226899248D23C
:10C6440090030252104625443128A17158A25A92EF
:10C6540025A118530D4625443324A1D9514C8604F1
:10C66400540A47254471C8E2FE06550B4625441179
:10C67400FAC76448005611472544915A932CCAA21C
:10C68400AC1226699C01570D462544117A7199868E
:10C69400681403580F462544118A49D4266A514B1D
:10C6A4002806590E47254491AA4916659534EE0685
:10C6B4005A0B462544712DF69A0E035B0A83F14307
:10C6C4003144FDD3005C0C46254491C6D5388DAB6E
:10C6D400015D0A83E54331F54F43005E0966644614
:10C6E400A54549185F0727E4437108600763A84616
:10C6F4009115610E0625443324619A0CA34D590209
:10C70400620E66254491B62C9AE8B8290B00630D95
:10C714000625443324A1DA31191200640C66254439
:10C72400DBB268A3376509650F0625443324A138B5
:10C734000C6A31191200660C6525442785A5410A47
:10C744007B02671366A5439B2C5A922559B4A543D3
:10C75400128AC99000680C66254491B62C9AE86345
:10C7640000690B65294415E688D8A7416A0CA5A57C
:10C77400435947C43E4A91046B1166254491B6253A
:10C78400512513932CAA2561006C0A65294423F6CC
:10C794004F83006D12072544B12851244552244586
:10C7A40052244552016E0B062544912C9AE86300ED
:10C7B4006F0C0625443324A18FC99000700E46A542
:10C7C40043912C9AE8B8294B9A02710C46A543B3BD
:10C7D40068A33765490B720B062544912C9AA876F9
:10C7E40005730D0625443324A1EC980C0900740B41
:10C7F40045254415960629EC2A750A06254411FA9E
:10C804004D5902760C062544111A93A83751027724
:10C8140011072544914A9114499114499154B10046
:10C82400780F062544118A4994895A9484620079C0
:10C834000E46A543117A4C224B5A1912007A0A0665
:10C844002544710D7B1D067B0EA4A943A5646116C6
:10C85400156B51160A7C07C1B143F1417D0FA4A9A0
:10C864004321665116966A619648007E0A672446FB
:10C87400A34991A6007F2310A28391F43B49E7A426
:10C88400930E493625611A2543924D49984E4332F9
:10C89400EC9C744E3A29E90700000004FFFF0000F5
:10C8A4005F000302040303040508070000070007F0
:10C8B4000001330271039B200500620521077123E7
:10C8C400C5A0042207A37645A204230B55A24D65F7
:10C8D400502A835201240A75A25536A8072D022531
:10C8E4000A75A28534659D2601260E75A24D9644CF
:10C8F40049A648491429012706A1F684002808F30B
:10C90400625552AA152909F3624556AA94002A0AC7
:10C9140055AA4552D9B2A5012B0A55A655180D5250
:10C9240018012C07B22285A2002D0615AEC5202EB3
:10C934000691E244002F0875A265AD6308300C75BA
:10C94400A2CD92494B3269C902310975A2552676A6
:10C954001A04320A75A2CD928559DB20330C75A2D4
:10C96400CD9285C9AA250B00340C75A25D2625A598
:10C9740064D0C204350B75A2C5311C522D59003642
:10C984000C75A2959485439269C902370A75A2C5AC
:10C9940020D68A2500380C75A2CD9269C99269C93E
:10C9A40002390C75A2CD9269C9106691043A063118
:10C9B4002745123B06C2224D363C0855A69D22A5AA
:10C9C400063D0835AAC5A00E023E0955A685AA460D
:10C9D4008A063F0C75A2CD92859196431100400CB6
:10C9E40075A2CD9229C92159B221410B75A2559640
:10C9F400D48621B305420D75A2C59064DAA064DA29
:10CA0400A000430A75A2CD92896DC902440A75A299
:10CA1400C59064DE0605450B75A2C5311C92301C19
:10CA240004460A75A2C5311C92B008470C75A2CD04
:10CA34009289D1A6254300480A75A245661B86CC77
:10CA440016490A75A2C520859D06014A0975A26585
:10CA5400472D59004B0D75A2452625252D892A59A8
:10CA6400004C0875A245D8E3204D0C75A245B62CA0
:10CA7400899268B6004E0B75A245362989B4D9024D
:10CA84004F0A75A2CD92794B1600500C75A2C59031
:10CA940064DAA0844500510B75A2CD92B924923278
:10CAA40004520C75A2C59064DAA064B600530B75E9
:10CAB400A2CD92A9AB962C00540975A2C520853D40
:10CAC40001550975A245E65BB200560A75A245E612
:10CAD4002DA94500570A75A245E69228C92D580B81
:10CAE40075A245A625B54A4D0B590A75A245664B54
:10CAF4006A61095A0A75A2C520661D07015B07F21F
:10CB040022C5D2455C0875A24598760C5D07F222D1
:10CB140085D2655E093872569C8459145F0615A245
:10CB2400C5206006B3724556610B55A2C590268395
:10CB3400960C01620C75A245180E49661B1400631D
:10CB44000A55A2CD928959B200640A75A26565D0CE
:10CB54006CC910650A55A2CD920D433A04660B7553
:10CB6400A29D144683149600670B55A2CDA02543BD
:10CB7400382800680A75A245180E49E616690A7530
:10CB8400A2550E8C4D83006A0B75A2650E85A19685
:10CB94002C006B0B75A245589392A992056C0873EF
:10CBA400A345D49B006D0B55A285D2A2244AA2149E
:10CBB4006E0955A24562D26C016F0955A2CD92D976
:10CBC4009205700B55A2C5906483128600710955B5
:10CBD400A2CDA0254358720955A24562128B007359
:10CBE4000955A2CDA01E1400740A75A255180D5241
:10CBF4005815750955A245E6A42801760A55A2459B
:10CC0400664B6A1100770A55A245A6244A720B782E
:10CC14000A55A24596D42AB500790B55A245A625F6
:10CC2400433828007A0955A2C5A0B50D027B0A73C2
:10CC3400228D12255914097C06F1E2C4217D0A7360
:10CC44002285544BA244017E0935B24D96D412007C
:10CC540000000004FFFF000011850008998500080A
:10CC6400198500080001140A6464323200127A0043
:10CC74000004289608062020400030001815A0154E
:10CC8400C019FF1815A115C819FF1815AE19FF18FA
:10CC940015AF19FF1815AE15D5168015A8162F1542
:10CCA400D316001540158D16141520160015A11560
:10CCB400C815DA1612158116CF15D9162215DB16EA
:10CCC40000152E15A415A619FF0000000000000091
:10CCD40000000000018C0008038C0008496E707588
:10CCE400742069732076616C6964210D0A00496EB1
:10CCF40076616C696420696E70757421204E756D5F
:10CD0400626572733A2025642C207468652072650C
:10CD1400717569726564207175616E7469747920C6
:10CD240069732031322E0D0A0077000302040403D4
:10CD340002050B0C01FF0AFE0AFF000000000002BE
:10CD440000000004FFFF4E0B18BBADE341CCB11C47
:10CD54004B7224CA812C0ED330CDB11C8B014E32C0
:10CD640017CBAD371E4E59292B0DE774780CC570BF
:10CD74007808AB29004EAE18CBAD371D0E3A3C0CEB
:10CD8400611A0E430E0FEF5034AC61340F4EFB1B8F
:10CD9400CBAD2FC7422D5AC350CC92304D86210AB9
:10CDA400D3300DD3308D06054F111CCBADAF9CA5F0
:10CDB400619A0C4322664936666394D4A2A49644CD
:10CDC4008D6998014F5C1CCBAD2FC9913A100D535E
:10CDD40052D5C2241BB27216678394C5599C850030
:10CDE4004FE11DCBAD2B8BC3CA302839240D538E94
:10CDF40045C39463D13015A368988A0900503C1F39
:10CE0400CBAD2B8B936148C2341A16298CA2612AAC
:10CE140046D13015A368988A51320C02505C1ECB5F
:10CE2400ADAF3C0C528E458324654969D0722C19F0
:10CE3400862849A368D0C234D30050A822CBAD2B96
:10CE44004CC34AB45493644886A51626D110258948
:10CE54005489862851A24A3444619400517318CBF2
:10CE6400AD2BADE594E19C63E970507328C9812C26
:10CE74002DE9800051FA17CBAD37CE4A59292B0D35
:10CE8400E71C4BC3500CC57078C70252061ACBADD1
:10CE9400AF9CA5C534CB8124198624CCE22C0DD3B8
:10CEA400B09A651B0052201CCBAD1F1B924DE9A20A
:10CEB4007451BA0C8744E9A27451BA286D4A5B22B2
:10CEC40019529F1ACBAD3BC7C24189A361CA4A59C3
:10CED400292B65A521DCC26A162A0052A11ACBAD02
:10CEE4002F8786214BB21C9835490AC51C38A86186
:10CEF4001A56B3500352A81DCBAD1F08B71CCBA1C3
:10CF0400E1103546491A25B5488BA261C9E22C8D3A
:10CF1400140052A91FCBAD1F0887288C8A513228D0
:10CF24004354895AA29621AA442DC9900D593552C9
:10CF340000535518CBAD2BAD85C3292B0DA7AC34AD
:10CF44009CD3E1A0E6588EA500538218BBAD673888
:10CF540024399663399663399663399663399463B1
:10CF640000538B1ABBAD6738243916A6611AA6C9BB
:10CF74003044611A265918152BC30153D61EBBAD74
:10CF8400E31C2543D4120D5112B5444394442D514E
:10CF94002445831647499A640153E314A9B6E3214F
:10CFA400077440077440077440071E7420542F1AF6
:10CFB400CBAD3707E3E19403510E44C329C78693ED
:10CFC4009C94936438C501546820CBAD6B38E5401C
:10CFD4009495924189B2D270CA8128199428C99231
:10CFE4002819943AA2030355241DCBAD379D8628F6
:10CFF400A94589564986A553D229E9940C2F519203
:10D0040003599A0A56FE19CBADE35B2A0D92A24549
:10D01400DA411B3451CD2455D486871C0A57281A6B
:10D02400CBAD33C7E2E1A0E558350CC52C89062DFC
:10D034004CC3344C93610859071DCBAD2F8786210F
:10D044004BB21C98354907A46108A3E2308451719E
:10D0540018C23402590D1CCBAD6BB8E450320C5AD3
:10D064009C0D831667C320E6D0304849180FE101B0
:10D07400592917BBAD6738E7588EA5C341CDA12404
:10D0840047EA409696744059CB22CBAD2B4CC3341F
:10D094000B87248B926458CA496550A2248B925AF8
:10D0A400298B926450A2244B005B581CCBAD33C730
:10D0B400E2E1A0E550346869266649320C5198864D
:10D0C4006998661A005B8C15CBAD371DDEA11C1E5A
:10D0D400869C6D3868E52C0DA3795B9E1ACBAD3721
:10D0E4001DDEA12CCA9172960351381CD41C8A44AB
:10D0F40035D191005BF91ECBAD1FCAB16410D36466
:10D10400102B591825514B966461122569544CB261
:10D1140068015BFC19CBAD6738E540349C722C4741
:10D12400A2E14E8D868394167364025C4F21CBADCD
:10D1340067382439920C87240AA32CCA926150B20E
:10D14400282B65C321C9A22CCAA262045DF218BAB5
:10D15400AEE31DCAA12407921C48864B0EE5508EEF
:10D16400E848321C5E5519CBADAF361CB4E270CA28
:10D174004AC331071EA4B6E152AA4415095E7418C5
:10D18400CBAD2BC7726CB884D57818B472160E0761
:10D1940039C7722C045EA61DCBAD3B1D0E499465A8
:10D1A400C32189B2D2A0E558320C5131CAA22CD481
:10D1B400A2035F0017BBAD67386671166771960DE1
:10D1C40007AD9CA5611A5633005F551BCBAD67189C
:10D1D400742C1C861C8B86831A672D4B9A54A3923D
:10D1E40096892A005F851DCBADAF1AD60625CAD213
:10D1F400641812354A926188D2302A66499886D9D1
:10D20400045FD719CBAD37C7D2E1A0E6583CDC693F
:10D214007112B544991426E12001603B1BCBAD2B60
:10D22400AD85C32907A21C8872201AEEB452126578
:10D234004931D10609606220CBADAB0E4439900C64
:10D2440083A2A449D4125594162D694CB230899204
:10D254004CAA456100606F1BCBAD33079E72201A48
:10D264004E39100DA71C888673256A09136D500268
:10D2740062101CCBAD3BC991281A0E499886E990DF
:10D28400442D514B2D6A49946ED99606626B1ECB80
:10D29400AD2BC7A261CA816B9403513648EB90034E
:10D2A400510E44391045C3A20301636E1ECBAD2B4E
:10D2B400C7A2612A0ECA303546C3A444D1618AB4D8
:10D2C40028A945493228531663CF21CBADAB561953
:10D2D40086A8960C39940C439444A5291A92618823
:10D2E40092A8256A1986444903653920CBAD3B1CB5
:10D2F400A21C8872201AB4244B06254AD2284993CA
:10D30400A856C99248AB64690065481CCBAD2B8C08
:10D31400B36C58726C48A224AA25CD49964449D8C6
:10D3240092B5B4660165701FCBADAF983467D9B0C0
:10D334000C91D42225A5A42D4C92414AA25AA82589
:10D344008994640165E018BBAD6738E7588EA5C3BE
:10D35400414C72A40E4471560933790865E515B938
:10D36400AEE321077440071E7440077440071E741F
:10D374002065F621CBAD1F4A863489D2244A862102
:10D384004A93214DA296284B4A59920C6912A53909
:10D39400B200663E1ABBAD6738E540349C72201A71
:10D3A4008E59298B925A9259B36C3808668220CBD5
:10D3B400AD2B5506454CA27448062DAA0C4A1426DA
:10D3C40059360C611A0E439886C3100166F418BBD3
:10D3D400ADE3418D8753561A4E596938653910E5C6
:10D3E400883C0D03670819BAAD6B18A4388AA36189
:10D3F40090E2288E86418A931C4872401E67091C5D
:10D40400CBAD33C7E2E1A0E5D0304872920C83166D
:10D4140067C3A0C5599CA50A00671F22CBAD27CAC4
:10D4240081281A0E4994442D43342451CB1055A21B
:10D43400683824510E444954122501672A18CBAD8B
:10D4440037C7E2E19C63E970107720A946252D5384
:10D45400732C05672C1ACBAD37C7D2E1A0E6D00EEA
:10D4640024E5A41AD55A926148D21C4B01673A1E8E
:10D47400CBAD2BC7A2218C4A431285516D8932450D
:10D48400AA44C5A81855A2244B2255675F19CBADF1
:10D49400371D0E6A3C9CB252561AAE3B9054A3926E
:10D4A40096A9290068071ECBAD2BC7A241CB9121B9
:10D4B40087926148C470AB44492D4AA24AD4986605
:10D4C4001A0068371BCBADABD61226C3414BC350F1
:10D4D4001AA4AD12A6C93044611AA6610668C02018
:10D4E400CBAD2B4CC3344BA221C92A69220DD20ED9
:10D4F40024599425519245492D2A26C3106B21198C
:10D50400CBADB71867C3988649144639164749986E
:10D5140025596B2D07026B6218CBAD3BC7722CCE1D
:10D52400E26CC8CA599CC5599CC559381C046B6324
:10D534001BBBAD6738E7588EE5409403D1A045394D
:10D5440010E5409403513A1C046BCF1DCBAD2BC79F
:10D55400864B0E25C3A0455953321C94288CB2D255
:10D5640070C8A11C98006C141ACBAD2BC7864B0E47
:10D5740025C3A0C3C3A0633996633996E4908E058E
:10D584006C601ECBAD3B4C2B5122464A984849A4B3
:10D5940044D1548C8A5122255118C5E130046CA120
:10D5A4001ACBAD271AC4248BB334DDC16418D2302E
:10D5B400CDC22809DB1451156D4B1DCBAD1F53068D
:10D5C4002DD19252D22969517A513A259D929E5277
:10D5D4002909A32C126D881DCBAD1F08A35EEA4850
:10D5E400960D4312A5E1308469940C4312A55A1A8E
:10D5F40086026E051DCBAD3B4C864B9803871C08F9
:10D6040093E1520D87214CA3641892280D43056EB3
:10D61400291BCBAD7390B2A641CEE241CAC16418B6
:10D62400C2A44D694A7A4ADA86036E7F20CBAD23C1
:10D6340007936108D3701892288D92618893344AB5
:10D64400A22C69CA922C4CD2E10071671EBBAD6357
:10D65400488621AA49B5418994488E92618892707E
:10D6640050861D4DA24A1615724820CBAD2F552A5F
:10D6740043969493F27048B2244AB2244A96A6A4DC
:10D684005352CA122929D50273B01FBBAD63480691
:10D694002DCA4A492D4A2A43D21625B528A95542EE
:10D6A4002989B428094301752817BAAD67B8649568
:10D6B400AC325CB24A56192E5925AB64993C753587
:10D6C40019CBAD33C7E2E19495B2D270CA4A596915
:10D6D40038656998A6C300772024CBAD63488621BA
:10D6E4004A422909076518A2246A89A221198628B1
:10D6F400895AA26848A2444A24350C786E1DCBADE1
:10D704003B1CA2218BB26A960DCB525A9261E994CA
:10D7140054866529259DC250793A17BBAD6B1872A2
:10D72400B6E1A0E6580E44C5288BB2502CAA007965
:10D73400D21DCBADAF36A6619245493428A59628B3
:10D7440051A2708B94384BC34C4D54007ED31DCBE7
:10D75400AD2B4CC3D230485936A6D120E5D0900C1D
:10D7640072962959A20D7296007F6E1ACBAD673856
:10D7740055A26838A7C341CD81439886691815A37B
:10D78400D2701080FD23CBAD2B8B5A4A83A2435910
:10D7940032444312E5C090A451124543528B1229DE
:10D7A40089922C49A42181EA16C9AE3307D2E190AB
:10D7B400033AF0A0033AF0A0033AF010884C1CCBD3
:10D7C400AD2F87A241CAA13A940C43A246491AA696
:10D7D400611AA6611A66130089C81CCBAD2F0AA36F
:10D7E40068982A51250B736438E5409495B26A12FF
:10D7F4004BD93A048BA419CBAD272DE6588E65631B
:10D804001AA65912664998342A59294B0B8BB01C15
:10D81400CBAD2707A341C7722C99B368D0A21C884B
:10D824007220D101258C8AF1208BBE1DCBAD271B24
:10D83400C2A80E443910454B28E558326C51D61213
:10D844006A6996C49A008C611BCBAD2F878631CD53
:10D854008643949586A3184955459494548906495A
:10D86400048F851FCBAD274DA2341A926148D22C68
:10D874004986412945C35312958697A8256A090507
:10D884008FC71BCBAD2707B238C7D2E1106751D67B
:10D894009495B2380BA72407B261088FD01CCBAD86
:10D8A4002707A341675A86210AD32C8EB2CA304473
:10D8B4003990D4816C18028FDB1BCBAD278BC2A8A7
:10D8C4003CCC513415A3E2706A8C8A4956C9816CE8
:10D8D4001802901A1FCBAD231AB6528EC8C39028D3
:10D8E40051CB304449D4320C5112B544899443C9C4
:10D8F40070919221CBAD63500629CB866558DA949A
:10D90400CA30245A9425A5411936A9960C872CCAE5
:10D91400924191C71ACBAD7B88061DCA81AC3507ED
:10D92400D2E120EE40528D4A5AA6A60091CD19CBE1
:10D93400AD7B88061D4B878392958653561ACEF18C
:10D94400704E87830091CF1ACBAD673865A5304AF6
:10D95400868392958653561ACEF1704E878300952E
:10D96400F41ECAAE231A86240772481916254C944D
:10D97400305186450913254C9461D1117996081FBD
:10D98400CBAD231A06254CCA99320C899A294BA689
:10D994007451BA288BA425154B62CB06966420CB10
:10D9A400AD1FC8B6244AA22C69DD0645CD92641881
:10D9B40094304BA2A42295A42C52350096C619CBC0
:10D9C400AD2F8A878B1626C3A09587412B0FD7745A
:10D9D40038484D5A26FF010992BFE3211C02FF1A61
:10D9E4000962BF63088700FF1F10B6B64B8B12692C
:10D9F4008834A31D132500000043203D20256443E3
:10DA04002C205248203D20256425250D0A00FFFFC7
:10DA1400FFFF3FFF1FFF1FFF3FFF7FE73FC201C024
:10DA240021FE73FF7FFE7FFC7FFC7FFEFFFFFFFF75
:10DA3400FFFFDFFF8FFF8FFF8FE39FC13FE03FFEBC
:10DA440003FEC1FCE3F8FFF8FFF8FFFDFFFFFFFF53
:10DA5400FFFFFFFFEFFFC7F387E18FF13FF83FFEC2
:10DA64000FFEC7F8C3F0E7F1FFFBFFFFFFFFFFFF67
:10DA7400FFFFFFFFFFF9F7F0E3F8C3FC07FE3FFEEB
:10DA84003FF09FE18FE387F7CFFFFFFFFFFFFFFF2B
:10DA9400FFFFFFFC7FFC7FFC7FFEF1FE01FE23E223
:10DAA4003FC0BFC73FFF1FFF1FFF9FFFFFFF6090E7
:10DAB4009060000E112020202020110EE0A1E2042D
:10DAC4000810204785071FC03FE05FD0E038E038EA
:10DAD400E038E038E038E038E0384010000040102A
:10DAE400E038E038E038E038E038E0385FD03FE054
:10DAF4001FC0000000000010003800380038003853
:10DB040000380038003800100000001000380038D9
:10DB140000380038003800380010000000001FC032
:10DB24003FE01FD000380038003800380038003893
:10DB340000381FD03FE05FC0E000E000E000E000FC
:10DB4400E000E0005FC03FE01FC01FC03FE01FD007
:10DB540000380038003800380038003800381FD04A
:10DB64003FE01FD000380038003800380038003853
:10DB74001FD03FE01FC0000000004010E038E03834
:10DB8400E038E038E038E038E0385FD03FE01FD0DC
:10DB94000038003800380038003800380010000021
:10DBA40000001FC03FE05FC0E000E000E000E000D4
:10DBB400E000E000E0005FC03FE01FD00038003824
:10DBC40000380038003800381FD03FE01FC01FC0A5
:10DBD4003FE05FC0E000E000E000E000E000E000C3
:10DBE400E0005FC03FE05FD0E038E038E038E03884
:10DBF400E038E0385FD03FE01FC01FC03FE01FD0D7
:10DC04000038003800380038003800380038001078
:10DC140000000010003800380038003800380038A0
:10DC24000010000000001FC03FE05FD0E038E03883
:10DC3400E038E038E038E038E0385FD03FE05FD0EB
:10DC4400E038E038E038E038E038E0385FD03FE0F2
:10DC54001FC01FC03FE05FD0E038E038E038E03854
:10DC6400E038E038E0385FD03FE01FD000380038BB
:10DC740000380038003800381FD03FE01FC00000D3
:10DC84000000000000000000000000000000000090
:10DC940000001FC03FE01FC00000000000000000A3
:10DCA40000000000000000000000E794B5E9878F41
:10DCB4000041444300253031642E2530326456003F
:10DCC4002533642525009F01E5B7B2E9878700E580
:10DCD400BE85E9878700253032642F253032642FD2
:10DCE4002530326400253032643A253032643A25D6
:10DCF40030326400E5BC80E5A78BE697B6E997B4BB
:10DD040000E9809AE8BF87E4B8B2E58FA300E5AFE5
:10DD1400BCE587BAE695B0E68DAEEFBC9F00E5B7EB
:10DD2400B2E5AFBC00E5BE85E5AFBC00E6ADA3E55A
:10DD34009CA8E5AFBCE587BA004461746520262041
:10DD440054696D6520202020202020202C20542878
:10DD54004329202C2048282525290D0A0025303464
:10DD6400642F253032642F2530326420253032640C
:10DD74003A253032643A253032642C20253032641E
:10DD84002E25303264202C253032642E2530326426
:10DD94000D0A00E5AFBCE587BAE5AE8CE68890EFE6
:10DDA400BC8100256C646D7300E5AFBCE587BAE700
:10DDB40094A8E697B6EFBC9A00E6B2A1E69C89E681
:10DDC40095B0E68DAEEFBC8100E697B6E997B4E670
:10DDD4009C89E69588EFBC8100E69BB4E694B9E69D
:10DDE40097B6E997B4EFBC9F00E697B6E997B4E617
:10DDF40097A0E69588EFBC81004E6F7468696E67E2
:10DE04002100307825303258003C413E7625642E7E
:10DE14002564003234432530326400423A202535EB
:10DE24006C6400503A20253564005341552D473029
:10DE340033310053657020333020323032340031B6
:10DE4400373A33393A3234006769746875622E633D
:10DE54006F6D2F006F6C646765726D616E0049327F
:10DE640043323A00493243313A0049324331204582
:10DE7400583A00E69A82E69CAAE5AE9EE78EB0EF99
:10DE8400BC8100E58F96E6B68800E7A1AEE8AEA4B3
:10DE9400003FFF80200080EDB680ADB680ADB68037
:10DEA400EDB6802000803FFF800FC7C306001F012E
:10DEB400F01FCFE306003F83F83FDFF306007FC780
:10DEC400FC381C73060071C71C3C1833060060063E
:10DED4000C1F1BF3067E67C60C0F9BF3067E67C6FA
:10DEE4000C03D833060060C60C01D8338E0071C70A
:10DEF4001C3FD833FE007FC7FC3F9831FC003F83B2
:10DF0400F83F1830F8001F01F063616E6E6F7420E3
:10DF1400637265617465207374643A3A76656374F8
:10DF24006F72206C6172676572207468616E206D17
:10DF340061785F73697A65282900E680BBE8A78861
:10DF440000E5B9B400E69C8800E697A500E697B61C
:10DF540000E5888600E7A79200E6B8A9E5BAA6001E
:10DF6400E6B9BFE5BAA600E98787E99B86E5AFB9BC
:10DF7400E8B1A100E6A0B7E69CACE695B000E6AF38
:10DF84008FE5A4A9E6ACA1E695B000E680BBE6ACBB
:10DF9400A1E695B000E4B88BE6ACA1E697B6E997A4
:10DFA400B400E7BB93E69D9FE697B6E997B400E417
:10DFB400BBBBE58AA1E8AEBEE7BDAE00E4BBBBE5F2
:10DFC4008AA1E8BF9BE5BAA600E4BBBBE58AA1E54C
:10DFD400BC80E585B300E588A0E999A4E4BBBBE572
:10DFE4008AA100E6B885E999A4E8AEB0E5BD95003C
:10DFF400E5AFBCE587BAE695B0E68DAE00E69BB426
:10E00400E694B9E697B6E997B400E5B18FE5B9951A
:10E01400E4BAAEE5BAA600E5BC80E69CBAE59BBED0
:10E02400E6A08700E58AA8E4BD9CE99888E580BC61
:10E0340000E887AAE58AA8E4BC91E79CA000E697DB
:10E04400B6E997B4E99888E580BC005300E689AB4B
:10E05400E68F8FE8AEBEE5A48700E6A380E6B58B25
:10E06400E582A8E5AD9800E794B5E6B1A000E8BF65
:10E0740090E8A18CE697B6E997B400E9878DE5901E
:10E08400AF00E681A2E5A48DE587BAE58E8200E6BD
:10E0940095B0E68DAEE98787E99B8600E697A5E60D
:10E0A4009C9FE697B6E997B400E698BEE7A4BAE861
:10E0B400AEBEE7BDAE00E4BC91E79CA0E594A4E944
:10E0C400869200E8BE85E58AA9E58A9FE883BD00BB
:10E0D400E78988E69CACE4BFA1E681AF004F4447E2
:10E0E40049524F4E2D4669726D776172652D7631B6
:10E0F4002E300042793A204F6C644765726D616E30
:10E10400000000000000000000000000A3AC0008B4
:10E11400A5AC0008232D302B2000686C4C006566EC
:10E124006745464700303132333435363738394164
:10E13400424344454600303132333435363738397A
:08E1440061626364656600007E
:08E14C003023FF7F01000000F9
:10E15400E500000809620008C1790008858E0008FE
:10E16400ED930008A5940008559800083D9900080F
:04E17400D5B7000813
:0CE17800BD0000084D990008DFB700084A
:10E184000024F400010000000400000001011E014D
:10E19400010000002EDE000837DE000843DE000820
:10E1A4004CDE000858DE000862DE000868DE000865
:10E1B4006EDE000877DE000887DE00088EDE0008C9
:10E1C400980900204800002000000000600B002097
:10E1D400C80B0020300C00200000000000000000EC
:10E1E400000000000000000000000000000000002B
:10E1F400000000000000000000000000000000001B
:10E20400000000000000000000000000000000000A
:04E214000000000006
:0400000508001219C4
:00000001FF
