:020000040800F2
:100000000020002019120008210E0008230E00080D
:1000100000000000000000000000000000000000E0
:10002000000000000000000000000000250E000895
:100030000000000000000000270E0008290E000844
:1000400069120008691200086912000869120008A4
:10005000691200082B0E0008691200083B0E000808
:1000600000000000450E0008550E00086D0E000847
:100070007D0E000869120008691200086912000864
:100080006912000869120008691200086912000864
:1000900000000000691200088D0E000869120008B7
:1000A0006912000869120008691200086912000844
:0C00B0009D0E000869120008000000000E
:1000BC0010B5064C2378002B07D1054B002B02D032
:1000CC00044800E000BF0123237010BD98000020FD
:1000DC000000000054C20008044B10B5002B03D0E4
:1000EC000349044800E000BF10BDC04600000000FA
:1000FC009C00002054C200080023C25C0133002A7B
:10010C00FBD1581E7047000002B4714649084900E3
:10011C00095649008E4402BC7047C04602B4714671
:10012C0049084900095C49008E4402BC7047C0462E
:10013C0003B47146490840004900095E49008E44E9
:10014C0003BC7047002243088B4274D303098B42D3
:10015C005FD3030A8B4244D3030B8B4228D3030C8B
:10016C008B420DD3FF22090212BA030C8B4202D32D
:10017C001212090265D0030B8B4219D300E0090A55
:10018C00C30B8B4201D3CB03C01A5241830B8B425E
:10019C0001D38B03C01A5241430B8B4201D34B0347
:1001AC00C01A5241030B8B4201D30B03C01A5241AC
:1001BC00C30A8B4201D3CB02C01A5241830A8B4231
:1001CC0001D38B02C01A5241430A8B4201D34B021A
:1001DC00C01A5241030A8B4201D30B02C01A52417E
:1001EC00CDD2C3098B4201D3CB01C01A5241830932
:1001FC008B4201D38B01C01A524143098B4201D36C
:10020C004B01C01A524103098B4201D30B01C01A96
:10021C005241C3088B4201D3CB00C01A5241830810
:10022C008B4201D38B00C01A524143088B4201D33D
:10023C004B00C01A5241411A00D20146524110469D
:10024C007047FFE701B5002000F0F0F802BDC04692
:10025C000029F7D076E7704703460B437FD4002282
:10026C0043088B4274D303098B425FD3030A8B423E
:10027C0044D3030B8B4228D3030C8B420DD3FF22A8
:10028C00090212BA030C8B4202D31212090265D076
:10029C00030B8B4219D300E0090AC30B8B4201D329
:1002AC00CB03C01A5241830B8B4201D38B03C01A70
:1002BC005241430B8B4201D34B03C01A5241030BE7
:1002CC008B4201D30B03C01A5241C30A8B4201D398
:1002DC00CB02C01A5241830A8B4201D38B02C01A43
:1002EC005241430A8B4201D34B02C01A5241030ABA
:1002FC008B4201D30B02C01A5241CDD2C3098B429F
:10030C0001D3CB01C01A524183098B4201D38B011B
:10031C00C01A524143098B4201D34B01C01A5241BE
:10032C0003098B4201D30B01C01A5241C3088B4203
:10033C0001D3CB00C01A524183088B4201D38B00EE
:10034C00C01A524143088B4201D34B00C01A524190
:10035C00411A00D201465241104670475DE0CA0F67
:10036C0000D04942031000D34042534000229C4627
:10037C0003098B422DD3030A8B4212D3FC22890131
:10038C0012BA030A8B420CD3890192118B4208D307
:10039C00890192118B4204D389013AD0921100E069
:1003AC008909C3098B4201D3CB01C01A524183097D
:1003BC008B4201D38B01C01A524143098B4201D3AA
:1003CC004B01C01A524103098B4201D30B01C01AD5
:1003DC005241C3088B4201D3CB00C01A524183084F
:1003EC008B4201D38B00C01A5241D9D243088B42A5
:1003FC0001D34B00C01A5241411A00D20146634648
:10040C0052415B10104601D34042002B00D54942AB
:10041C00704763465B1000D3404201B5002000F0EA
:10042C0005F802BD0029F8D016E770477047C046A2
:10043C00002B11D1002A0FD1002900D1002802D0A5
:10044C000021C943080007B4024802A140180290D9
:10045C0003BDC046D9FFFFFF03B4684601B502983F
:10046C0000F006F8019B9E4602B00CBC7047C046DB
:10047C00F0B557464E464546DE46E0B504000D0045
:10048C009246994683B08B4230D82DD0494650467F
:10049C0000F0D8F829000600200000F0D3F8331A39
:1004AC009846203B34D49B4653465A46934042468A
:1004BC001F00534693401E00AF423BD8AF4200D1C1
:1004CC0079E05B46A41BBD41002B00DA76E00022EC
:1004DC0000230092019301235A4693400193012378
:1004EC0042469340009329E08242CFD90022002358
:1004FC00009201930C9B002B01D01C605D60009856
:10050C00019903B0F0BCBB46B246A946A046F0BD6B
:10051C0042469B4620239B1A5246DA404146130022
:10052C004A468A40170042461F43534693401E00DA
:10053C00AF42C3D900220023009201934346002B03
:10054C00D8D0FB0772081A4346467B080EE0AB4234
:10055C0001D1A2420CD8A41A9D41012024196D414D
:10056C000021013E24184D41002E06D0AB42EED99D
:10057C00013E24196D41002EF8D1009801995B467B
:10058C0000196941002B24DB2B005A464446D3400A
:10059C002A00E2401C005B461500002B2ADB2600DB
:1005AC009E40330026004746BE403200801A9941D7
:1005BC00009001919EE7A342BCD882E742462023DB
:1005CC0000219B1A0022009101920122DA40019233
:1005DC0085E7424620239B1A2A0046469A40230070
:1005EC00F340444613432A00E2401C005B461500CE
:1005FC00002BD4DA42462F002023260097409B1A6A
:10060C00DE403B003343CDE71C2101231B04984201
:10061C0001D3000C10391B0A984201D3000A083987
:10062C001B09984201D30009043902A2105C40183E
:10063C007047C046040302020101010100000000E2
:10064C000000000010B5002903D1FFF7DDFF2030BA
:10065C0002E00800FFF7D8FF10BDC0461FB50C2202
:10066C00002101A80BF01DFA1D4C1E4B0822236023
:10067C008023DB05636000236261073AA118CB7706
:10068C0021002C310A7005216163A1632100A36054
:10069C00E360236123836362A3622363A3648023E7
:1006AC003C31A276E2610A701B3222649B056432F3
:1006BC0020006264E36400F00FFE002801D000F01B
:1006CC00CBFA094B20000193002301A90293039359
:1006DC0001F018F8002801D000F0BEFA1FBDC0468A
:1006EC0010010020002401400001002030B505005D
:1006FC0089B01422002103A80BF0D3F9224B2A68ED
:10070C009A423ED18021214B49031A6C20480A435E
:10071C001A641A6C0A4002210192019A5A6B0A431C
:10072C005A635B6B0B400293029B012303935B1890
:10073C0003A9049301F076FD164C174B200023609F
:10074C00052363600023A360E3608033236180335F
:10075C0063618023DB00A3612023E36180235B01C1
:10076C00236201F0B1FB002801D000F075FA0C20D7
:10077C00002202212C65A56201F026FB0C2001F061
:10078C004DFB09B030BDC0460024014000100240B2
:10079C0000040050B4000020300002400A4B0268F4
:1007AC0010B504009A420ED1084A0949136C094845
:1007BC000B401364012101F0E7FD206D01F0DEFB1D
:1007CC000C2001F037FB10BD00240140001002404A
:1007DC00FFFFEFFF0004005013B50124104B032161
:1007EC009A6B092022439A639B6B0022234001934E
:1007FC00019B01F0E9FA092001F010FB0022032112
:10080C000A2001F0E1FA0A2001F008FB0022210085
:10081C000B2001F0D9FA0B2001F000FB13BDC046F0
:10082C0000100240F0B504278BB01422002105A85B
:10083C000BF037F9202101250226484B80245A6BF6
:10084C0024023A435A635A6B45483A400192019A42
:10085C005A6B0A435A635A6B0A400292029A5A6BB9
:10086C0021002A435A635A6B2A400392039A5A6B0B
:10087C0032435A635B6B002233400493049B01F0B8
:10088C00FBFDA02000223749C00501F0F5FD002238
:10089C001021354801F0F0FD0594002405A93048DD
:1008AC0006950794089401F0BDFC032305A92F4875
:1008BC00069305970794842701F0B4FCA020BF038E
:1008CC0005A9C00506970595079401F0ABFCA0207F
:1008DC00122305A9C00505930694079501F0A2FC07
:1008EC00A020204A05A9C0050592069507940894F6
:1008FC0001F098FC22230697402705A91A48059376
:10090C00079501F08FFC05A91548059706940795E6
:10091C0001F088FC102305A913480593069507944C
:10092C00089401F07FFC032305A90F480693059753
:10093C00079401F077FC22003100052001F044FA05
:10094C00052001F06BFA22003100072001F03CFA7F
:10095C00072001F063FA0BB0F0BDC0460010024056
:10096C00000800506080000000040050001400508B
:10097C0010B5134B134C01222360134B2000636002
:10098C000023E260A36023616361A361E3612362DE
:10099C0001F06AFF002801D000F05EF90021200070
:1009AC0002F0F0FA002801D000F056F900212000E6
:1009BC0002F00EFB002801D000F04EF910BDC0462D
:1009CC0000540040C00100205B3D300010B5134BBB
:1009DC00134C01222360134B200063600023E26060
:1009EC00A36023616361A361E361236201F03CFFB7
:1009FC00002801D000F030F90021200002F0C2FAEA
:100A0C00002801D000F028F90021200002F0E0FAC3
:100A1C00002801D000F020F910BDC046005800405D
:100A2C00740100205B3D300010B504008CB0142222
:100A3C00002107A80BF035F82368324A93423ED1C7
:100A4C00314B324C1A780223002A1BD0626B30488F
:100A5C001A436263626B07A913400193019BC02385
:100A6C000793AE3B08930C3B0B9301F0DBFB80220E
:100A7C00E36B92031343E363E36B13400293029B18
:100A8C000CB010BD626B22481A436263626B07A9FB
:100A9C0013400393039BC0235B0007936F3BFF3B07
:100AAC0008930C3B0B9301F0BDFB8022E36B92038C
:100ABC001343E363E36B13400493049BE0E7154A91
:100ACC009342DDD10122114CA020636B07A9134383
:100ADC006363636BC00513400593059BC0235B01E7
:100AEC000793122308930C3B0B9301F09BFB802282
:100AFC00E36BD2031343E363E36B13400693069B50
:100B0C00BEE7C046005400403C05002000100240E7
:100B1C0000040050005800400368134A10B593427B
:100B2C000ED1124A1249D36B12480B40D363802169
:100B3C0001F02AFC80210F48490001F025FC10BD72
:100B4C000D4A9342FBD1094A0C49D36BA0200B40B0
:100B5C008021C0050901D36301F016FC8021A0207F
:100B6C004901C005E9E7C0460054004000100240AE
:100B7C00FFFFDFFF0004005000580040FFFFBFFFE5
:100B8C0000B59DB0382200210EA80AF08AFF102271
:100B9C00002168460AF085FF0021282204A80AF0EB
:100BAC0080FF8020800002F059FA02230E93FE335E
:100BBC004022119300230EA812931392159302F066
:100BCC0079FA011E01D072B6FEE70723019002905C
:100BDC0003906846009302F0D5FC002801D072B651
:100BEC00FEE7074B07900B900C9004A8049302F0BF
:100BFC00A5FD002801D072B6FEE71DB000BDC046B1
:100C0C002040200010B500F02BFBFFF7B9FFFFF7D9
:100C1C0009FE00F04FFAFFF7DFFD00F01FF8FFF7B9
:100C2C00D5FEFFF7A5FEFFF719FD00F0C9F907F097
:100C3C00D3FE08F0F3FD08F039FEFCE710B5FFF722
:100C4C0097FE10BD034B026810B59A4201D100F01B
:100C5C001BFB10BD0048014072B6FEE7E0221148B4
:100C6C00114B10B503608223D200C26080225B005E
:100C7C004360002392008261F13AFF3A8360036182
:100C8C004361C261036243628362093A03630833BE
:100C9C00C262436302F01EFF002801D0FFF7DCFFA5
:100CAC0010BDC0460C0200200030014010B50400FD
:100CBC0088B01422002103A80AF0F3FE194B226815
:100CCC009A422CD18021184B49011A6C02240A43F8
:100CDC001A641A6CA0200A4001210092009A5A6BE7
:100CEC00C0050A435A635A6B0A400192019A5A6B27
:100CFC0003A922435A635B6B049423400293029B27
:100D0C008023039301F08EFA0823039300230748F2
:100D1C0003A9049405930693079301F083FA08B092
:100D2C0010BDC046003001400010024000040050CD
:100D3C00094B026810B59A420DD1A020074A084908
:100D4C00136CC0050B401364802101F01DFB0821BE
:100D5C00044801F019FB10BD0030014000100240A6
:100D6C00FFEFFFFF0004005001210A4B82B01A6C08
:100D7C000A431A641A6C0A4080210092009ADA6BBA
:100D8C0049050A43DA63DB6B0B400193019B02B00C
:100D9C007047C0460010024010B5010086B000221A
:100DAC00162001F011F8162001F038F88021144BB0
:100DBC00C9021A6C02A80A431A641B6C0B400193FB
:100DCC006946019B02F0A0FC02F08AFC0D4C0E4B14
:100DDC000E4923600E4BE360FFF7B4F90023013892
:100DEC00606020002361A36003F08CFA03000120F3
:100DFC00002B02D1200003F0D1F806B010BDC04684
:100E0C0000100240700200200048014040420F00D8
:100E1C00E7030000FEE7FEE770477047704710B528
:100E2C00012001F031FB022001F02EFB10BD10B5AA
:100E3C00202001F029FB10BD10B5024801F09EF9ED
:100E4C0010BDC046C403002010B5034801F096F94C
:100E5C00024801F093F910BD68030020B400002093
:100E6C0010B5024801F08AF910BDC046C00200203E
:100E7C0010B5024800F098FB10BDC04610010020D0
:100E8C0010B5024803F012F910BDC04670020020E4
:100E9C0010B5024803F0ACFF10BDC0462004002082
:100EAC000120704710B50AF05FFE16230360012085
:100EBC00404210BD10B50AF057FE16230360FEE742
:100ECC000B490C4A0300521A0B4910B5086800284C
:100EDC0001D10A4808600868C318934206D90AF081
:100EEC0043FE0C2303600120404210BD0B60FCE765
:100EFC000004000000200020BC020020A00C0020F8
:100F0C007047000037B5164B026805009A4226D18F
:100F1C008021144B09011A6C134C0A431A641B6C84
:100F2C0080220B400193019B104B22612360142300
:100F3C006360043BA3600023E360A3612033E3619F
:100F4C0080238132FF329B0120006261236200F01A
:100F5C00BBFF002801D0FFF77FFE6C62A56237BD96
:100F6C00002C014000100240C0020020440002404E
:100F7C0010B5040086B01422002101A80AF091FDDE
:100F8C000D4B22689A4214D101210C4BA0205A6BB4
:100F9C00C0050A435A635B6B0B400093009B802394
:100FAC005B00019301A9FE3B02930393059301F0AF
:100FBC0039F906B010BDC046002C014000100240AB
:100FCC0030B59DB01022002104A80AF06AFD0C2255
:100FDC00002101A80AF065FD1C22002108A80AF0D6
:100FEC0060FD342200210FA80AF05BFD2F4D304B21
:100FFC0013222B60002328006B60AB60EA602B612E
:10100C006B61AB6103F07EF9002801D0FFF724FE81
:10101C00802328005B0104A9049303F095FA0028AF
:10102C0001D0FFF719FE280003F096F9002801D033
:10103C00FFF712FE0023280001A9019302930393EA
:10104C0003F0AEFC002801D0FFF706FE002460235D
:10105C002200280008A9089309940A940B940C9474
:10106C000D940E9403F0DEF9A04201D0FFF7F4FDCD
:10107C0080239B011493802328009B040FA90F94B9
:10108C001094119412941394159416941794189315
:10109C0019941A941B9403F0B7FC002801D0FFF7A5
:1010AC00DBFD2800FFF764FF1DB030BD1C030020E2
:1010BC00002C01400C480D4B10B50360E1235B0282
:1010CC000C224360002342618360C360036183612F
:1010DC00C36103624362836204F0DCFC002801D02C
:1010EC00FFF7BAFD10BDC0462004002000440040AC
:1010FC0030B5050089B01422002103A80AF0D1FCF8
:10110C002C4B2A689A4252D180212B4B8902DA6BE4
:10111C00A0200A43DA63DA6BC0050A400192019AF7
:10112C000122596B114359635B6B03A91340029362
:10113C00029B0C2303930A3B0493079201F072F871
:10114C001E4C1F4B8022236034236360002320003D
:10115C00A360E36022616361A361E361236200F039
:10116C00B3FE002801D0FFF777FD164BEC67A562A4
:10117C00154C8022236035236360253BA36000233C
:10118C002000E36022616361A361E361236200F0EC
:10119C009BFE002801D0FFF75FFD1C2000220221DE
:1011AC00AC67A56200F010FE1C2000F037FE09B001
:1011BC0030BDC0460044004000100240C403002073
:1011CC00080002401C000240680300200C4B02681F
:1011DC0010B504009A4212D1A0200A4A0A49D36BD6
:1011EC00C0050B40D3630C2101F0CEF8E06F00F08A
:1011FC00C5FEA06F00F0C2FE1C2000F01BFE10BD4F
:10120C000044004000100240FFFFFDFF0D488546E2
:10121C00FFF776FE0C480D490D4A002302E0D45826
:10122C00C4500433C4188C42F9D30A4A0A4C002324
:10123C0001E013600432A242FBD30AF09BFCFFF7DF
:10124C00E1FCFEE7002000200000002094000020BC
:10125C00FCE0000898000020A00C0020FEE7000035
:10126C008023084A5B00116810B50B430320136000
:10127C00FFF792FD041E03D1FFF776FD200010BD91
:10128C000124FBE700200240034A044B11681B7841
:10129C005B1813607047C046B004002004000020A7
:1012AC00014B18687047C046B004002070B50400AC
:1012BC00FFF7F6FF0500631C02D0044B1B78E41803
:1012CC00FFF7EEFF401BA042FAD370BD04000020D4
:1012DC0080684007C00F70470023F0B585B004004C
:1012EC000393984200D1F0E0856D9D4205D1FFF744
:1012FC00FDF923005433E5651D70802325685B05DB
:10130C00AA681A4200D1A7E00022AB680192DB0068
:10131C0008D410230126A26D01961343A365E36D37
:10132C003343E3652800FFF7D3FF1022A36D13406E
:10133C00034300D0CCE0A26D674B20691A40063302
:10134C00FF331343A365AB68DB0761D4276BE168FC
:10135C007B1E9F41A368A27E0B43217E3F03890322
:10136C000B43617EC9030B4351030B439C4600287E
:10137C0000DB86E041004908230066462C331B78CD
:10138C005B0033433B430B43611CC97F012905D1EF
:10139C00002A00D078E0802252021343626A002AAD
:1013AC0005D0E02149000A40A16A0A431343EA68C8
:1013BC004A490A401343EB60230062683C33E16CFA
:1013CC001B78970FBF079C463943012B08D1236C20
:1013DC00666C33430B43A16C0B4361463B4319438F
:1013EC002B693F4F3B400B4380212B6153005B0823
:1013FC00C9058B420CD080231B069A4208D0394970
:10140C00394F0B683B40F027BF033A4013430B6046
:10141C00072170276B69626B8B4313436B6169699E
:10142C00A36BB9431B010B436B61002834D1102310
:10143C00A96A5B420B43AB6207216B690B409A4272
:10144C0039D10023E365A26D03339A43023B134366
:10145C00A365019805B0F0BDAA6824490A4013435E
:10146C00AB60234B23491868FEF76CFE013040003B
:10147C000390039B002B00D146E7039B013B039396
:10148C00F7E78021890377E72022A76D3A43A2650D
:10149C00E26D1143E16581E780239B039842CBD138
:1014AC001C21AB6AE369013B9B000B402C39994032
:1014BC000B00216EBEE71223A26D9A43023B13432D
:1014CC00A3650123E26D1343E36501230193C0E798
:1014DC00A36D1A43A265F8E7FDFEFFFF0102FEFFB4
:1014EC0002FCFF1F08270140FFFFC3FFE8FFFF6F4F
:1014FC0000000020400D03007047704710B5806A53
:10150C00FFF7FBFF10BD704770474023806A10B592
:10151C00826D134383650423C26D1343C365FFF7C8
:10152C00F3FF10BD502370B5846AA26D1A422DD101
:10153C00A26DB133FF331343A365C02325681B0190
:10154C00EA681A4215D1A37E002B12D12B681B0717
:10155C000FD52800FFF7BCFE00280ED10C226B68BB
:10156C0093436B60A26D0F4B1A400433FF3313434C
:10157C00A3652000FFF7C0FF70BD2023A26D1343AD
:10158C00A3650123E26D1343E365F2E7A36DDB066C
:10159C0003D52000FFF7B8FFEEE7236D5B6B984790
:1015AC00EAE7C046FEFEFFFFF8B5036804001E68BC
:1015BC005D6802231E420FD01D420DD0836DDB06E9
:1015CC0004D48023826D1B0113438365200000F03B
:1015DC00F9FB022223681A6004231E4201D01D422B
:1015EC0004D108231E422BD01D4229D0A36DDB064B
:1015FC0004D48023A26D9B001343A365C0232768EA
:10160C001B01FA681A4215D1A37E002B12D13B683C
:10161C001B070FD53800FFF75BFE002866D10C22A4
:10162C007B6893437B60A26D354B1A400433FF33C8
:10163C001343A3652000FFF75FFF0C2223681A6099
:10164C0080273E420BD03D4209D08023A26D5B0225
:10165C001343A3652000FFF756FF23681F60802704
:10166C007F003E420BD03D4209D08023A26D9B02ED
:10167C001343A365200000F0A3FB23681F608027A1
:10168C00BF003E420BD03D4209D08023A26DDB024D
:10169C001343A365200000F094FB23681F60102304
:1016AC001E4217D01D4215D0236B002B03D023688C
:1016BC00DB689B070BD08023A26DDB001343A36573
:1016CC000223E26D20001343E365FFF71DFF102298
:1016DC0023681A608027BF013E4206D03D4204D0E9
:1016EC00200000F070FB23681F60F8BD2023A26D62
:1016FC001343A3650123E26D1343E3659AE7C046E8
:10170C00FEFEFFFF0023F0B585B0039303000091AC
:10171C0054331A7804000220012A4CD00122276984
:10172C001A7025682800FFF7D3FD002800D0E9E0E7
:10173C00009B04225B6880219C4697436246009B79
:10174C0009061B68022A00D1B0E05A03520B8F42E3
:10175C0033D1A96A0A43AA62009A6869926819028D
:10176C006B4E0A403240884302436A61002B1EDAFA
:10177C00E021684A6848156849042940834200D032
:10178C007EE080200004054211D11368634D2B408C
:10179C000B431843624B106018686249FEF7D2FC89
:1017AC00431C0C2058430390039B002B64D1002056
:1017BC0000235434237005B0F0BD1F2167460F4041
:1017CC001039B940CE430196266E8E433100002A63
:1017DC0012D1980E1F321040B8406246084392084E
:1017EC00E169013220668A42B6D8A96A01989A004A
:1017FC00120FBA400140ADE701221342ECD192180E
:10180C0001201342E8D1100002321342E4D101301E
:10181C001A07E1D40130DA06DED401309A06DBD4A3
:10182C0001305A06D8D401301A06D5D40130DA0565
:10183C00D2D401309A05CFD401305A05CCD4013022
:10184C001A05C9D40130DA04C6D401309A04C3D4C1
:10185C0001305A04C0D401301A04BDD40130DA036B
:10186C00BAD401309A03B7D480221800D2021040A7
:10187C001342B1D01220AFE7039B013B039393E7D4
:10188C00294883420BD180204004054200D08EE7CA
:10189C001368224D2B400B431843106087E72348F5
:1018AC00834200D083E78020C003EEE78F4204D14F
:1018BC00AA6A5903490B8A43AA62002B00DB76E71C
:1018CC00144A15481168834208D1A02310685B04A0
:1018DC000B40124901400B43136068E712488342E6
:1018EC0003D1C02310681B04F2E71048834200D0D8
:1018FC005DE7C020400413680140084803401943C9
:10190C00116054E72023A26D01201343A3654FE718
:10191C0000FFFF0708270140001000B0FFFF3FFE4B
:10192C0000000020400D0300004000B8002000B46F
:10193C0070B5056804002800FFF7CAFC002801D127
:10194C00002070BDAB689B0705D4AA680F4B1A40EA
:10195C0010231343AB60FFF7A3FC04260500236898
:10196C009B683342ECD0FFF79BFC401B0228F6D956
:10197C0023689B683342F2D010230120A26D1343DD
:10198C00A365E36D0343E365DBE7C046E8FFFF7F38
:10199C000023F7B5026801939168013304001942E2
:1019AC0001D00020FEBD90682249084208D01022C8
:1019BC00A16D0A43A265E26D13430120E365F1E7D3
:1019CC0091681D4F39400B4393601C4B1B681B02E5
:1019DC0021D4637E012BE4D0FFF762FC01250600C5
:1019EC00226813682B42DCD193682B4203D1936895
:1019FC003B402B439360FFF753FC801B0228EFD92D
:101A0C0023681B682B42EBD11023A26D1343A365F3
:101A1C00E36D2B43D1E70A4B0A491868FEF792FB9A
:101A2C0001300190019B002BD3D0019B013B019312
:101A3C00F8E7C04617000080E8FFFF7F0827014049
:101A4C0000000020400D0300F7B5056804002800D5
:101A5C000E000192FFF73CFC022300283FD1270027
:101A6C0054373A78012A3AD0013B3B70EA681A4263
:101A7C000CD1AA681A4205D0AA681A4B1A40022344
:101A8C001343AB600123EA681343EB602000FFF7BC
:101A9C007FFF031E23D1A16D134A114080225200F7
:101AAC000A43A265E065114A206D2168C262104AA2
:101ABC000263104A42631C220A603B704A6810336E
:101ACC0013434B603200019B403100F09BFA030042
:101ADC002068044A8168114004220A43826018007D
:101AEC00FEBDC046E8FFFF7FFEF0FFFF311500088A
:101AFC0009150008171500080122036870B50400C9
:101B0C0098689968114201D1002070BD02210842E9
:101B1C00FAD105209D680540012D1ED19A68134805
:101B2C0002401143032299601A60FFF7B9FB0600CB
:101B3C0023689B682B42E7D0FFF7B2FB801B02287F
:101B4C00F6D923689B682B42F2D01023A26D134365
:101B5C00A365E36D2B43E36506E01023A16D0B43F6
:101B6C00A365E36D1A43E2650120CEE7E8FFFF7F32
:101B7C0070B504000125002840D00223826D134368
:101B8C008365FFF7D5FE051E0BD12000FFF7B4FFD0
:101B9C00051E01D10123A3652268194993680B40E6
:101BAC009360236817495A6800260A405A60164AFF
:101BBC0016491A60DA6820000A400721DA601A69AF
:101BCC005434920092081A615A698A435A611A6A0B
:101BDC000F490A401A625A6A0A405A62DA6A0A4083
:101BEC00DA629A6A0B4A9E6213680B490B401360C7
:101BFC00FEF7D4FDA660E66066602670280070BD16
:101C0C00E8FFFF6F60FCFFFF9F03000000023E83B4
:101C1C0000F000F008270140FFFF03FE70B506003E
:101C2C005436337804000225012B26D0012333705F
:101C3C00FFF77EFE051E1ED1206D831DDB7F022B60
:101C4C0008D100F027FA002804D040230500A26D2B
:101C5C001343A36510212268200053688B43536003
:101C6C00002D0CD1FFF748FF051E0BD00121226877
:101C7C00D3688B43D36000233370280070BDFFF70B
:101C8C003BFFF3E7A26D034B1A400433FF331343BE
:101C9C00A365EBE7FEFEFFFF0023F0B585B00393D1
:101CAC00030054331A7804000225012A3DD0012682
:101CBC001E70FFF721FF2368050099680A00324067
:101CCC00314207D01023A26D1343A3650023543473
:101CDC0023702AE008267F27A06D3449084006317E
:101CEC00FF310143A165D868314908400190D9689A
:101CFC0030480140D96098682F4908401831084392
:101D0C0098609868002813DA0398013003900399BF
:101D1C002A488142F5D91223A26D54349A43023BCE
:101D2C0013436360002323700125280005B0F0BD28
:101D3C001800B4300168013E39408C466244002ED4
:101D4C00D9D19E681C49D2080E40B4460126614682
:101D5C00314399600168B9430A4302609A68164995
:101D6C00114002220A439A60FFF79AFA070023688F
:101D7C009A68324208D1DA6801990A43DA60032280
:101D8C00A36D93433343A0E7FFF78AFAC01B0228E5
:101D9C00EDD923689B683342E9D01023A26D13431D
:101DAC00A365E36D3343E365BEE7C046FDFEFFFF6D
:101DBC0003800000FC7FFFFFE8FFFF7FFFF10200C4
:101DCC00704770477047704710B5FF2403220B0013
:101DDC0021000240D20091409B012340C943934013
:101DEC0000280ADBC0240B4A800880008018A4005D
:101DFC0002590A401343035110BD0F2210400838FA
:101E0C00054A800880008018C26911401943C161DD
:101E1C00F2E7C04600E100E000ED00E0002805DB41
:101E2C001F2318401E3B8340014A13607047C04675
:101E3C0000E100E0002809DB1F2318401E3B834013
:101E4C00034AD367BFF34F8FBFF36F8F7047C04602
:101E5C0004E100E0F0B5846CC56C6560046D002C89
:101E6C0002D0446D856D65601C24056C084E2540C0
:101E7C001B3CAC4077683C437460046863608368C7
:101E8C00102B02D1A260E160F0BDA160E260FBE723
:101E9C000000024010B50400036C094A9B089B1813
:101EAC009B00436400681421C0B20838FEF74AF95D
:101EBC00044BA3641F2318401E3B8340E36410BDF6
:101ECC000082001080080240F8B504000120002CAC
:101EDC0046D02568254B1421E818FEF733F9022368
:101EEC008000A61D2064F3772B68214AA768134055
:101EFC002B60E36821693B430B4361692A680B4300
:101F0C00A16920000B43E1690B43216A0B43134386
:101F1C002B60FFF7BFFF8023DB019F4201D1002321
:101F2C0063603F236268616C13400B60E06CA16CD2
:101F3C00013A4860032A14D80E4A0F489918012216
:101F4C00013B9A40A265130000228900216560655F
:101F5C000A60436000200123E0630534F377E077E7
:101F6C00F8BD002323656365A365F3E7F8FFFDBFA8
:101F7C000F80FFFF3F82001040090240F8B5012599
:101F8C0004002800002C34D0276814213B6800265C
:101F9C00AB433B60174BF818FEF7D4F81C238000BA
:101FAC00206418402B008340134A3E605168200087
:101FBC000B435360FFF76EFF636CE26C1E60A36C07
:101FCC005A6063685A1E032A06D895400B495B1861
:101FDC009B001E600A4B5D600020A31D20656065A0
:101FEC00A065E06220636063A063E0630534D8778A
:101FFC00E077F8BDF8FFFDBF000002403F82001003
:10200C0040090240F7B5451D0193EE7F0400022004
:10201C00012E33D00138E877A71DFE7FB446634606
:10202C00F6B200960026834230D10130F87725684D
:10203C00E6632868009B98432860019B2000FFF70B
:10204C0009FF236BB3421AD00E232A6813432B606B
:10205C00636C1A68D20304D58022196852000A43B3
:10206C001A60236D002B04D08022196852000A4399
:10207C001A60012300202A6813432B60FEBD042242
:10208C002B6893432B602A680A23DFE78023E363E2
:10209C00EE77F3E7F0B5002808D0841DE37F411DEF
:1020AC00022B05D00423C3630023CB770120F0BDA2
:1020BC000E250268466C1368AB4313603368104DF1
:1020CC002B403360012316689E431660026C1B3351
:1020DC001A401B3B93400B4E77683B437360C26CBA
:1020EC00836C5A60036D002B05D01A682A401A6065
:1020FC00436D826D5A6001230020E377C877D6E7E1
:10210C00FFFEFFFF00000240F8B5811DCB7F022BC4
:10211C0003D00423C3630120F8BD0E2402681C27DE
:10212C001368456CA3431360012314689C4314602B
:10213C002A68104C22402A60026C0F4D3A409340A2
:10214C006E6833436B60C26C836C5A60036D002BFA
:10215C0005D01A6822401A60436D826D5A600123C3
:10216C000022CB77431DDA77836B934200D09847DC
:10217C000020D1E7FFFEFFFF00000240F8B51C2451
:10218C000427016C264A21403C008C4016680368E9
:10219C001D6826420FD03D420DD01968890602D425
:1021AC001968B943196053681C43036B5460002BC6
:1021BC001BD0984719E002273C008C40264215D0D2
:1021CC003D4213D01968890606D40A251968A9431B
:1021DC0019600121831DD97753681C435460002278
:1021EC00431DDA77C36A9342E3D1F8BD0824270074
:1021FC008F403E42F9D02542F7D00E251C68AC43E7
:10220C001C6001231D008D4029005468214351603E
:10221C00821DC363D3770022431DDA77436BE2E759
:10222C00000002400023F0B585B00A681400DC40C1
:10223C0001D105B0F0BD012514009D402C40009447
:10224C002A4200D191E04A685F009446032264461A
:10225C0022400324BC40E4430194541E012C2ED88C
:10226C008668019C2640CC68BC403443846044683A
:10227C000126AC4325006446240934409C402C4381
:10228C004460C568019C25408C68BC402C43C460EC
:10229C00022A16D107250F261D40AD00AE40DC08E2
:1022AC00A40004190294246A03962600039CA643F6
:1022BC0034000E69AE402643029C266201E0032ADC
:1022CC00DFD1BA400468019D25402A43C024026036
:1022DC006246A402224248D0254A03259C08A40049
:1022EC00A4180F221D40ED00AA40A027266EFF0562
:1022FC0096430022B8420CD01E4F0132B84208D08F
:10230C001D4F0132B84204D01C4F0332B84200D1E9
:10231C00023AAA40674632432266154C009A266858
:10232C00009DD2433543FF0201D43500154067466A
:10233C0025606668009D3543BF0201D43500154009
:10234C00674665600E4C009DE66F3543BF0301D4B4
:10235C00350015406746E5670A4C009EE56F2E4335
:10236C00FF0301D415402E00E66701335DE7C0463C
:10237C00001802400004005000080050000C0050EF
:10238C000818024004180240F0B500230F0085B075
:10239C003A00DA4001D105B0F0BD01229A40140098
:1023AC0001923C40174253D02A4903259A089200C7
:1023BC0052180F211D40ED00A940166E02910E40DF
:1023CC000396A0260021F605B0420FD022498C4678
:1023DC00012160450AD021498C460221604505D077
:1023EC001F498C460321604500D00231A940039D52
:1023FC00A94212D11B4E1749F56FA543F5671A4E2A
:10240C00F56FA543F5674D68A5434D600D68A54371
:10241C000D60116E029CA1431166032459008C407F
:10242C0007210F26194089008E400268019922432A
:10243C000260DA0892008218156AB5431562826848
:10244C00A243826042688A434260C268A243C2606F
:10245C0001339DE7001802400004005000080050B2
:10246C00000C005004180240081802400069084093
:10247C00431E9841C0B27047002A01D08161704759
:10248C008162FCE77047000070B5084D0400EB68F2
:10249C00184202D0E860FFF7F5FF2B69234203D006
:1024AC0020002C6107F0D8F870BDC046001802401F
:1024BC0003689A69920701D500229A6201229969F0
:1024CC00114202D199690A439A61704730B5039C55
:1024DC0000682343120489051A43890D054B45688E
:1024EC000A43640D234352009D4352082A43426021
:1024FC0030BDC046FF63FF03F0B51500026885B020
:10250C000191916910230E0004001E400020194215
:10251C000AD00700D361236820219A690A426ED140
:10252C00002F2FD004260120802225685200AB6991
:10253C00134202D00120EA6106438022D2001342EA
:10254C0003D0082101200E43EA618022920013423D
:10255C005AD00223EA611E432000FFF7A9FF6B68E3
:10256C002B4A012013406B60636C2022334363645D
:10257C00230041331A70220000234232403413707E
:10258C00237043E0019A0132C6D0FEF789FE019B0D
:10259C00401B984201D8002BBDD122002368423247
:1025AC000292586811789A69C9B212040BD580222C
:1025BC00D201104207D1202905D059680A435A602C
:1025CC00FEF76EFE0500202611E0FEF769FE401BAB
:1025DC0019280CD9636C039A334363642300413389
:1025EC001E70029B01271A70230040331A70236857
:1025FC009B691A00324003923342E6D08BE7002FDE
:10260C0090D12022DA618DE70028A5D105B0F0BD6C
:10261C0000E800FEF8B504000D0016000227236840
:10262C009B693B4201D000201DE0320029002000B4
:10263C00FFF762FF002815D16B1CF0D0FEF730FEBF
:10264C00801BA84201D8002DE9D12022636C1343D2
:10265C006364230041331A70220000234232403459
:10266C00137023700120F8BDF8B504000D0016009E
:10267C00202723689B693B4201D000201BE03200DD
:10268C0029002000FFF738FF002813D1FEF708FEC1
:10269C00801BA84201D8002DEBD12022636C134380
:1026AC006364230041331A70220000234232403409
:1026BC00137023700120F8BDF8B504000D0016004E
:1026CC00042723689B693B4211D13200290020006A
:1026DC00FFF712FF002824D1202123689A690A42AF
:1026EC0023D09A693A4204D0228D002A01D00020CE
:1026FC00F8BD9969102208001040114213D0DA611C
:10270C000C3A62642021D9615A68104802405A6020
:10271C0023002200413319700023423213704034DD
:10272C0023700120E4E76064ECE7FEF7B9FD801B41
:10273C00A84201D8002DC4D12022636C13436364DA
:10274C00230041331A7040340023E9E700E800FE0F
:10275C00F8B504000E0017001D0022689369334081
:10276C009B1B59424B41BB4201D0002017E06B1C14
:10277C00F4D0FEF795FD069BC01AA84201D8002D97
:10278C00EBD12022636C012013436364230041339B
:10279C001A70220000234232403413702370F8BDAB
:1027AC00F7B514001E00DAB2154B05000093802318
:1027BC00099F5B04FFF78AFE3A0028000899FFF78F
:1027CC0029FF002801D00120FEBD2B68012E0CD161
:1027DC00E4B29C62089B0022802128000097FFF73E
:1027EC00B7FF431E9841C0B2EEE7220A9A62280056
:1027FC003A000899FFF70EFF0028E4D12B68E7E7B1
:10280C0000200080F7B5050014001E00DAB2154B4D
:10281C00099F00930023FFF759FE3A0028000899FE
:10282C00FFF7F8FE002801D00120FEBD2B68012E19
:10283C000CD1E4B29C62089B002240212800009736
:10284C00FFF786FF431E9841C0B2EEE7220A9A6258
:10285C0028003A000899FFF7DDFE0028E4D12B6828
:10286C00E7E7C0460020008070B504000120002C72
:10287C003FD0250041352B78DAB2002B05D123004F
:10288C00403320001A70FEF7CFF8242301212B705F
:10289C002368E0681A68A6688A431A601A49626855
:1028AC000A401A619A6819490A409A60012821D194
:1028BC008022120232439A605868154A02435A60C9
:1028CC00DA6800200A40DA60616922690A43A1696A
:1028DC0009020A43DA60216AE2690A431A6001229A
:1028EC0019680A431A60202360642B7020634234F9
:1028FC00207070BD8422120232439A600228DBD110
:10290C00802212015A60D7E7FFFFFFF0FF7FFFFF25
:10291C000080000270B504000120002C13D02500AB
:10292C00242341352B7022681368834313602000E5
:10293C00FEF7F2F800202300606442332870206315
:10294C0040341870207070BDF0B5060085B002924E
:10295C0003934136337804000F000220202B14D14E
:10296C00230040331A78012A0FD001221A70FEF787
:10297C0097FC8021050000901923012220000902F8
:10298C00FFF7E6FE002802D0012005B0F0BD2123A0
:10299C0033702600113B42363370029B60646362D5
:1029AC00039B60636385628D2B4BFF2A20D9FF222A
:1029BC002285009380235B0439002000FFF786FDFD
:1029CC00638D2A0020000A99002B19D1FFF74CFEC9
:1029DC000028D9D120212368204DD9615A682A407A
:1029EC005A60230040344133197030702070CCE7AA
:1029FC00628D92B22285D2B2009380239B04DBE7D6
:102A0C00FFF708FE0028BFD1636A226819780133EA
:102A1C0091626362638D228D013B9BB26385013AA7
:102A2C00638D92B22285002BCAD0002AC8D1802196
:102A3C0020000A9B0095FFF78BFE0028A4D1638D24
:102A4C00FF2B03D9FF2222850090B3E7628D92B24F
:102A5C002285D2B20090D0E70020008000E800FE72
:102A6C00F0B5060085B0029203934136337804002A
:102A7C000F000220202B14D1230040331A78012A96
:102A8C000FD001221A70FEF70BFC8021050000907C
:102A9C001923012220000902FFF75AFE002802D058
:102AAC00012005B0F0BD222333702600123B4236C4
:102ABC003370029B60646362039B60636385628D09
:102ACC002C4BFF2A20D9FF222285009380235B0404
:102ADC0039002000FFF7FAFC638D2A0020000A99C8
:102AEC00002B19D1FFF7C0FD0028D9D12021236874
:102AFC00214DD9615A682A405A6023004034413331
:102B0C00197030702070CCE7628D92B22285D2B2EF
:102B1C00009380239B04DBE7FFF7CEFD0028BFD199
:102B2C0023685A6A636A1A70636A228D013363627E
:102B3C00638D013A013B9BB26385638D92B2228512
:102B4C00002BC9D0002AC7D1802120000A9B0095F8
:102B5C00FFF7FEFD0028A3D1638DFF2B03D9FF22C5
:102B6C0022850090B2E7628D92B22285D2B200909B
:102B7C00CFE7C0460024008000E800FEF0B5070057
:102B8C0089B007930EAB069204CB02911B8804927A
:102B9C00059341373B7804000220202B08D1002AF2
:102BAC0002D0059B002B05D180239B006364012080
:102BBC0009B0F0BD2300403303931B780220012B96
:102BCC00F6D00126039B1E70FEF76AFB80213200B3
:102BDC0000900500192320000902FFF7B9FD061E1D
:102BEC00E5D121233B7027001F3342373B70049BF8
:102BFC0060646362059B60636385109B2000009397
:102C0C00069A079B02990195FFF7CAFD002802D08E
:102C1C00039B1E70CBE7638DFF2B4FD9FF228023C4
:102C2C0022855B04009020000299FFF74FFC2A00DC
:102C3C0020001099FFF7EEFC0028B8D1636A2268D7
:102C4C001978013391626362638D228D013B9BB2D3
:102C5C006385013A638D92B22285002B15D0002A30
:102C6C0013D180212000109B0095FFF771FD0028E7
:102C7C009DD1638DFF2B29D9FF22802322855B04F4
:102C8C00009020000299FFF721FC638D002BCED120
:102C9C002A0020001099FFF7E7FC002800D086E7F7
:102CAC00202123680D4DD9615A682A405A602300AF
:102CBC004034413319703870207079E78023628D6D
:102CCC009B0492B22285D2B20090ACE78023628D35
:102CDC009B0492B22285D2B20090D2E700E800FEAB
:102CEC00F0B5070089B007930EAB069204CB0291A6
:102CFC001B880492059341373B7804000220202B5B
:102D0C0008D1002A02D0059B002B05D180239B0003
:102D1C006364012009B0F0BD2300403303931B789A
:102D2C000220012BF6D00126039B1E70FEF7B8FA89
:102D3C008021320000900500192320000902FFF7C2
:102D4C0007FD061EE5D122233B7027001E334237B8
:102D5C003B70049B60646362059B60636385109B9E
:102D6C0020000093069A079B02990195FFF74AFDF4
:102D7C00002802D0039B1E70CBE7628D334BFF2AD9
:102D8C0053D9FF222285009380235B0420000299F3
:102D9C00FFF79CFB002204212000109B0095FFF7FD
:102DAC00D7FC0028B5D123685A6A636A1A70636A23
:102DBC00228D01336362638D013A013B9BB26385C3
:102DCC00638D92B22285002B16D0002A14D180215B
:102DDC002000109B0095FFF7BBFC002800D098E763
:102DEC00638DFF2B29D9FF22802322855B04009061
:102DFC0020000299FFF76AFB638D002BCAD12A00D1
:102E0C0020001099FFF730FC002800D081E720212A
:102E1C0023680F4DD9615A682A405A602300403408
:102E2C00413319703870207074E7628D92B222852C
:102E3C0000938023D2B29B04A8E78023628D9B046D
:102E4C0092B22285D2B20090D2E7C0460024008014
:102E5C0000E800FEF0B51D00002389B007930300C5
:102E6C004133059203931B7804000220202B59D187
:102E7C0023689E69802332001B021A401E4251D1E6
:102E8C00230040331E78012E4CD001261E702423C3
:102E9C000398890503708B0D62640493E368012B1E
:102EAC0029D1374B049A134322685360FEF7F8F983
:102EBC0002902268936992695B091209334032408F
:102ECC0013431BD0236810279B691A003A403B42DE
:102EDC002AD1029B2021009320002B00FFF738FC05
:102EEC0000281ED120232268D361220040344132B5
:102EFC001370207016E0A0239B01D3E76B1CD8D075
:102F0C00FEF7CEF9029BC01AA84201D8002DD0D1F1
:102F1C002023039A403413706268134363600023C8
:102F2C002370012009B0F0BD029B002200932021E8
:102F3C002B002000FFF70CFC021EF2D12368059831
:102F4C00DF612027DF61079981420FD1802158680A
:102F5C00C90101435960029B3900009320002B00EA
:102F6C00FFF7F6FB0028DCD12368DF61079B059A8D
:102F7C0001330793079B934200D28FE7C8E7C04603
:102F8C0000200002F0B504004134227803000F0049
:102F9C000220D6B2202A18D11D0040352A78012AE9
:102FAC0013D0242222701B68233A196807489143D6
:102FBC0019601968014000201960196839431960BB
:102FCC0019680A431A6026702870F0BDFFEFFFFFE6
:102FDC000200F0B5413214780300E5B20220202C37
:102FEC0017D11C0040342678012E12D022301070DC
:102FFC001B6823381E68074F86431E601E68090233
:10300C003E40314319601968084318600020157060
:10301C002070F0BDFFF0FFFF10B50E4B0724002809
:10302C0011D001221868A04302431A6004220A4BF3
:10303C00186902431A61012908D130BF04211A69A9
:10304C008A431A6110BD1A68A243EEE740BF20BF45
:10305C0020BFF3E70070004000ED00E010B5114C0C
:10306C001149236802000B40034323608023002096
:10307C009B009A420ED10D4B0D49186806235843FC
:10308C00FDF760F88022431CD200616908001040F3
:10309C00114200D110BD002B01D0013BF5E70320FC
:1030AC00F8E7C04600700040FFF9FFFF0000002069
:1030BC0040420F00F0B5040085B0002802D1012079
:1030CC0005B0F0BD0368DB0710D423689B075CD404
:1030DC0023681B0700D5C1E023685B0700D5F2E02D
:1030EC00E369002B00D079E10020E9E73822AF4DED
:1030FC00AB681340EA68102B09D1D3439B0708D166
:10310C002B689B03E1D56368002BDED1D7E7082B36
:10311C00F6D0802263685202934211D12A6813437D
:10312C002B60FEF7BDF880270600BF022B683B42E0
:10313C00CBD1FEF7B5F8801B6428F7D90320BFE785
:10314C00A021C9028B4208D180232968DB020B43E2
:10315C002B602B681A432A60E3E72A6894490A40DB
:10316C002A602A6893490A402A60002BD9D1FEF7BD
:10317C0097F880270600BF022B683B42A5D0FEF7CC
:10318C008FF8801B6428F7D9D8E73822874DAB68B5
:10319C001340EA68102B28D103210A40022A26D1B9
:1031AC002A68520503D5E268002A00D187E76968CE
:1031BC0062698148120201400A436A60002B0CD1FB
:1031CC002B687E4A7E491340226913432B602B687F
:1031DC007C4A9B045B0FDA400A607B4B1868FDF756
:1031EC00DBFD002800D173E769E7002BD8D0E3683A
:1031FC00002B20D02B68714A802713402269FF00D6
:10320C0013432B6080232A685B0013432B60FEF76B
:10321C0047F806002B683B4207D06A686369664929
:10322C001B020A4013436B6052E7FEF739F8801B10
:10323C000228EFD982E72B68644A802713402B6061
:10324C00FEF72EF80600FF002B683B4200D13FE74B
:10325C00FEF726F8801B0228F6D96FE73822534D6B
:10326C00AB681340182B08D12B6E9B0700D433E7A7
:10327C00A369002B00D02FE721E7A2690123002AC4
:10328C0010D02A6E022713432B66FEF709F80600AE
:10329C002B6E3B4200D01FE7FEF702F8801B022882
:1032AC00F6D94BE72A6E02279A432A66FDF7F8FFF8
:1032BC0006002B6E3B4200D10EE7FDF7F1FF801BA1
:1032CC000228F6D93AE73822384DAB681340202B48
:1032DC0008D1EB6D9B0700D402E7A368002B00D04C
:1032EC00FEE6ECE680220021EB6B520500911342C6
:1032FC0008D1EB6B1343EB63EB6B13400393039B12
:10330C00012300938027324E7F0033683B4215D057
:10331C00A368012B22D1EA6D1343EB65FDF7C0FFC7
:10332C0002270600EB6D3B4238D0009B012B00D0EE
:10333C00D6E6EB6B274A1340EB63D1E633683B438D
:10334C003360FDF7ADFF019033683B42E0D1FDF7F0
:10335C00A7FF019BC01A0228F6D9EFE6EA6D052BF0
:10336C0005D1013B1343EB65EA6D0123D4E7012141
:10337C008A43EA65EA6D03318A43EA65002BCDD1B5
:10338C00FDF78EFF02270600EB6D3B42CDD0FDF71B
:10339C0087FF114B801B9842F6D9CFE6FDF780FFD3
:1033AC000D4B801B9842BDD9C8E6C04600100240A8
:1033BC00FFFFFEFFFFFFFBFFFF80FFFFFFC7FFFFCD
:1033CC00000000200024F40008000020FFFEFFFF96
:1033DC0000700040FFFFFFEF881300003821434DC1
:1033EC00AA680A40102A53D0414A022B3AD12B68C2
:1033FC00802713402B60FDF753FF0600BF042B689A
:10340C003B4229D1616A236AEA680B433949802619
:10341C000A401343E26AB6041343226B1343626BF4
:10342C001343A26A12021343EB6080232A685B04E5
:10343C0013432B608023EA685B051343EB60FDF7B5
:10344C002FFF04002B68334200D04DE6FDF728FF18
:10345C00001B0228F6D971E6FDF722FF801B02281B
:10346C00CDD96BE62B68802613402B60FDF718FF37
:10347C000400B6042B68334204D1EB681E4A134097
:10348C00EB6031E6FDF70CFF001B0228F2D955E684
:10349C00012B00D113E60322E868216A02408A421C
:1034AC0000D00CE67022616A02408A4200D006E627
:1034BC00FE21A26AC90101401202914200D0FEE530
:1034CC00F822E16A920302408A4200D0F7E5E0223A
:1034DC00216B120502408A4200D0F0E5636B400F6D
:1034EC004007C01A431E9841C0B2E9E500100240E3
:1034FC00FFFFFFFE8C80C111FCFFFEEE382370B580
:10350C001D4CA2681A4205D123681C489B045B0F12
:10351C00D84070BDA2681A40082A27D0A2681A4069
:10352C00102A17D1E368E168DB43E5684906490FC7
:10353C006F322D0A013115409B0709D11048FCF759
:10354C0001FEE1686843490F0131FCF7FBFDE0E740
:10355C000A48F4E7A2681A40202A09D0A268002081
:10356C001340182BD5D1FA20C001D2E70448D0E77C
:10357C0080200002CDE7C046001002400024F40079
:10358C0000127A00F7B504000D00002801D10120CB
:10359C00FEBD07274A4E33683B408B422AD3226834
:1035AC0093073BD4D20748D4072733683B40AB4240
:1035BC000AD93368BB432B433360FDF771FE01908E
:1035CC0033683B40AB426BD123683E4D5B076FD4F5
:1035DC00FFF794FFAB683C491B051B0F9B005B5826
:1035EC001F210B40D840394A394B10601868FDF741
:1035FC00D3FBCDE73368BB430B433360FDF750FE81
:10360C00019033683B40AB42C9D0FDF749FE019BAA
:10361C00C01A304B9842F4D90320B9E72949530713
:10362C0004D5E0238868DB0103438B608B682A4850
:10363C000340A06803438B60B4E76268214F012A02
:10364C0019D13B689B03A2D50721BB688B4313435D
:10365C00BB60FDF725FE01903823BA681A406368F9
:10366C00DB009A42A0D0FDF71BFE019BC01A194B40
:10367C009842F1D9D0E7022A03D13B689B01E3D4ED
:10368C0085E7002A03D13B685B05DDD47FE7022385
:10369C00032A03D1396E1942D6D178E7F96DFAE7CE
:1036AC00FDF7FEFD019BC01A0A4B984288D9B3E77F
:1036BC00AB680A4A1340E2681343AB6088E7C04624
:1036CC0000200240001002408CC2000800000020C4
:1036DC000800002088130000FFF0FFFFFF8FFFFFA2
:1036EC00064B07499B68074A5B045B0F9B005B58C2
:1036FC001F2110680B40D8407047C0460010024094
:10370C006CC2000800000020072230B5F025094BE0
:10371C0002609C682D01144044609C682C408460BD
:10372C00E0249B68E4012340C360034B1B681340F7
:10373C000B6030BD0010024000200240F0B5036861
:10374C00050085B000209B0352D580225F4C5205AA
:10375C00E36B0090134208D1E36B1343E363E36B19
:10376C0013400393039B012300938027584E7F0043
:10377C0033683B433360FDF793FD019033683B4264
:10378C0028D0E16DC022080092006B6A10401142F3
:10379C0018D098420CD0E36D4E4AE16D1340802254
:1037AC0052020A43E265E26D4B490A40E265E36569
:1037BC00DB0707D5FDF774FD02270600E36D3B42DE
:1037CC0000D17BE0E36D434A002013406A6A134347
:1037DC00E36506E0FDF764FD019BC01A0228CDD914
:1037EC000320009B012B03D1E36B3C4A1340E363A2
:1037FC002B68DA0706D5032434494A6DA2436C685A
:10380C0022434A65DA0606D53049354C4A6D2240CA
:10381C00AC6822434A659A0506D52C49314C4A6D51
:10382C0022406C6922434A655A0506D527492E4C1D
:10383C004A6D2240AC6922434A659A0606D5234953
:10384C002A4C4A6D2240EC6822434A655A040FD533
:10385C001E49EC694A6D9200920822434A65802207
:10386C00D205944204D18022CC6852022243CA6011
:10387C009A020FD515491E4E4A6D2C6A32402243CE
:10388C004A658022D203944204D18022CC6852042F
:10389C002243CA601B050FD50C4A164C536D29697F
:1038AC0023400B4353658023DB01994204D18023D1
:1038BC00D1685B020B43D36005B0F0BDFDF7F0FCA3
:1038CC000D4B801B984200D878E789E70010024026
:1038DC0000700040FFFCFFFFFFFFFEFFFFFFFFEF4C
:1038EC00FFF3FFFFFFFFF3FFFFFFCFFFFFCFFFFF54
:1038FC00FFFFBFFFFF3FFFFF88130000F0B50E0076
:10390C0085B015000400FDF7CBFCAD192D1AFDF7A1
:10391C00C7FC8027254B01901B685B011B0D6B437B
:10392C00039322689368180038403B4232D0731CD2
:10393C00F8D0FDF7B5FC019BC01AA8422CD3E021AE
:10394C0023685A688A435A60822261685200914205
:10395C000CD18021A26809028A4203D08021C900BF
:10396C008A4203D140211A688A431A608021A26AD4
:10397C0089018A4206D119680D48014019601968FD
:10398C000A431A60230001225D331A7000230320BE
:10399C005C34237005B0F0BD039B002B00D02B00D2
:1039AC00039A1D00013A0392BBE7C04600000020B9
:1039BC00FFDFFFFFF0B51700002285B01D0002AB42
:1039CC00DA7004000E00FDF76BFCED192D1AFDF7F3
:1039DC0067FC23222368009001932A4B1B685343F6
:1039EC001B0D6B43039302AB2168DA1C8B68180028
:1039FC00304033423BD0C023DB009E4204D1019BBC
:103A0C001B7BDBB2137013787B1CEFD0FDF748FCEB
:103A1C00009BC01AA8422CD3E02123685A688A4321
:103A2C005A6082226168520091420CD18021A268B6
:103A3C0009028A4203D08021C9008A4203D1402165
:103A4C001A688A431A608021A26A89018A4206D1C7
:103A5C0019680D480140196019680A431A6023005F
:103A6C0001225D331A70002303205C34237005B0EF
:103A7C00F0BD039B002B00D02B00039A1D00013AD4
:103A8C000392B0E700000020FFDFFFFF70B51300CA
:103A9C000D0016000A00C02149010400FFF78AFF3F
:103AAC00002805D020230320226E1343236670BD0B
:103ABC00320029002000FFF721FF0028F2D1C0219D
:103ACC0033002A002000C900FFF774FF0028EED055
:103ADC00E8E70000F8B504000120002C67D0636A09
:103AEC00002B65D1822261685200914200D0E361C3
:103AFC0000232500A3625D352B78DAB2002B05D1AB
:103B0C0023005C3320001A70FDF7D0F8022340220A
:103B1C002B702168E6680B689343E0220B60D2009F
:103B2C000023964248D9F02218001201964200D088
:103B3C00A36282228427636852001340A2683F026A
:103B4C003A40022713432269A5693A4013430122E4
:103B5C00676917403B438027BF002F403B43E76911
:103B6C00373217403B43276A4832174080223B4389
:103B7C00A76A920117403B43102708220B60636A27
:103B8C002D0C3B40676B17403B43F0273F013E40F9
:103B9C003343042635402B4303434B60CB69084821
:103BAC0003400020CB61012320665D342370F8BDF7
:103BBC000023236163619BE780204001B6E7C04688
:103BCC00FFF7FFFF70B504000120002C10D025007A
:103BDC00022340215D352B702268200013685C3471
:103BEC008B431360FDF7A4F80020606028702070F0
:103BFC0070BDF0B51E00030085B05C3301931B78DB
:103C0C0004000D0017000220012B00D17DE00123E0
:103C1C00019A1370FDF744FB230000905D331A7872
:103C2C00D0B2012A00D09FE0002D68D0002F66D0C2
:103C3C0002321A700023A21D23662364A563A78792
:103C4C00E78702329387D3872365E3648023A168D7
:103C5C0022681B02994208D1402113688B431360E0
:103C6C0080231168DB010B43136040231168194258
:103C7C0002D111680B431360E021E0686368C9004E
:103C8C00884244D9002B01D0012F07D12B88023553
:103C9C00D360E38FA563013B9BB2E38702250CE065
:103CAC00226893682B4221D0A36B19880233D16010
:103CBC00A363E38F013B9BB2E387E38F002BEFD130
:103CCC0031002000009AFFF7E1FE002849D1A368DB
:103CDC00002B06D103932368DA6803929B68039345
:103CEC00039B206E431E9841C0B208E0FDF7D8FA42
:103CFC00009BC01AB042E0D3731CDED0032001231A
:103D0C005D3423700023019A137005B0F0BD002BB5
:103D1C0001D0012F08D12B781373A36B0133A3634C
:103D2C00E38F013B9BB2E38702250DE023689A6881
:103D3C002A420DD0A26B12781A73A36B0133A363C2
:103D4C00E38F013B9BB2E387E38F002BEED1B7E708
:103D5C00FDF7A6FA009BC01AB042F5D3731CF3D042
:103D6C00CCE720232366B2E70220C8E70122036ACE
:103D7C0070B593430362036A164A4468856915401B
:103D8C000A681543022293438A681343124A9042ED
:103D9C0005D0124EB04202D0114EB04213D10826BB
:103DAC00B343CE6833430426B343904205D00B4A49
:103DBC00904202D00A4A904205D10A4A8E692240AA
:103DCC004C69344314434A6844608561426303621E
:103DDC0070BDC0468CFFFEFF002C0140004401402A
:103DEC0000480140FFFCFFFF036A174A70B51340FF
:103DFC000362056A154B4268C4691C400B681C437E
:103E0C00134B1D408B681B022B43124DA8420ED145
:103E1C00114D1D40CB681B022B43104D2B40104DF8
:103E2C004E6915408A69324312012A4305E00D4D53
:103E3C00A842F4D00C4DA842F1D042604A68C4614B
:103E4C00C263036270BDC046FFFEFFFF8CFFFEFF26
:103E5C00FFFDFFFF002C0140FFF7FFFFFFFBFFFF03
:103E6C00FFCFFFFF0044014000480140036A124AA3
:103E7C0030B513400362046A104D4368C2692A408E
:103E8C000D682D0215430E4A14408A681203224312
:103E9C000C4CA04205D00C4CA04202D00B4CA042C2
:103EAC0004D10B4C1C404B699B01234343604B6872
:103EBC00C5610364026230BDFFEFFFFFFF8CFFFEA4
:103ECC00FFDFFFFF002C014000440140004801408F
:103EDC00FFBFFFFF036A70B5104C114A2340036209
:103EEC00066A4368456D15400A6815430D4A16402D
:103EFC008A68120432430C4EB04205D00B4EB042CD
:103F0C0002D00B4EB04203D11C404B691B02234321
:103F1C0043604B6845658365026270BDFFFFFEFF21
:103F2C008FFFFEFFFFFFFDFF002C0140004401400E
:103F3C0000480140036A124A30B513400362046A18
:103F4C00104D4368426D2A400D682D0215430E4AF0
:103F5C0014408A68120522430C4CA04205D00C4C2C
:103F6C00A04202D00B4CA04204D10B4C1C404B691C
:103F7C009B02234343604B684565C365026230BDB9
:103F8C00FFFFEFFFFF8FFFFEFFFFDFFF002C014065
:103F9C000044014000480140FFFFFBFF010003000B
:103FAC00012010B53D310C78E2B284421CD10018CE
:103FBC0008701B68D9681143D9600D498B4206D033
:103FCC008021C9058B4202D00A498B420DD19A68D7
:103FDC0009490A40062A06D007398A4203D0012231
:103FEC0019680A431A60002010BD1968F9E7C04629
:103FFC00002C01400004004007000100704770478E
:10400C00704710B5846A626A82420DD1012323770E
:10401C00D269002A02D122003E321370200003F034
:10402C0093F90023237710BDA36A834209D102229E
:10403C002277DB69002BF1D12300013A3F331A7050
:10404C00ECE7E36A834208D104222277DB69002B78
:10405C00E4D12300033A4033F1E7236B8342DDD1F3
:10406C0008222277DB69002BD8D12300073A413391
:10407C00E5E710B5846A636A834207D1012323778D
:10408C00200003F01DF90023237710BDA36A83429F
:10409C0001D10223F3E7E36A834201D10423EEE763
:1040AC00236B8342ECD10823E9E7704702220368B3
:1040BC0010B51969040011420ED0D96811420BD009
:1040CC00053A1A61043202779B699B0700D186E09E
:1040DC00FFF796FF00232377042223681969114206
:1040EC0011D0D96811420ED0093A1A6107322277E1
:1040FC009A69C0239B0020001A4200D175E0FFF79B
:10410C007FFF0023237708222368196911420ED000
:10411C00D96811420BD0113A1A610D322277DB6942
:10412C0020009B0767D0FFF76BFF0023237710223B
:10413C0023681969114210D0D96811420DD0213A67
:10414C001A6119322277DA69C0239B0020001A42C7
:10415C0057D0FFF755FF00232377012223681969F5
:10416C00114207D0D968114204D0033A20001A61D9
:10417C00FCF768FD802223681969114208D0D968C0
:10418C00114205D0023AFF3A20001A6100F09BFC64
:10419C0023681A69D20507D5DA68120604D51C4AB9
:1041AC0020001A6100F090FC40222368196911422A
:1041BC0007D0D968114204D0813A20001A61FFF768
:1041CC0074FF202223681969114207D0D968114263
:1041DC0004D0413A20001A6100F074FC10BDFFF7C6
:1041EC000EFF200003F0B0F874E7FFF708FF200083
:1041FC0003F0AAF885E7FFF702FF200003F0A4F80C
:10420C0093E7FFF7FCFE200003F09EF8A3E7C046FF
:10421C00FFFEFFFF704710B5846A636A834205D1C5
:10422C000123220023773E32137008E0A36A8342F5
:10423C000BD102232377230001223F331A70200075
:10424C00FFF7E8FF0023237710BDE26A01238242C7
:10425C0004D10422227722004032E5E7226B82420D
:10426C0004D10822227722004132DDE722003D32C0
:10427C00DAE700001D4A10B50368904206D080248E
:10428C00E405A04202D01A4CA0420CD17024A343E6
:10429C004C68234390420FD08024E405A0420BD0FD
:1042AC00134CA04208D0134CA04205D0124CA04293
:1042BC0002D0124CA04203D1114C1C40CB682343BA
:1042CC008024A3434C69234303608B68C3620B684F
:1042DC008362904205D0084B984202D0074B98421B
:1042EC0001D10B6903630123436110BD002C014014
:1042FC000004004000200040004401400048014000
:10430C00FFFCFFFF70B504000120002C23D025001A
:10431C003D352B78DAB2002B05D123003C3320003D
:10432C001A70FCF7EFFD02232B702068211DFFF79C
:10433C00A1FF2200012300204832137047340A3AAF
:10434C00137053709370D370137153719371D37145
:10435C00137223702B7070BD70B504000120002CFB
:10436C0023D025003D352B78DAB2002B05D1230064
:10437C003C3320001A70FFF741FE02232B7020689B
:10438C00211DFFF777FF2200012300204832137014
:10439C0047340A3A137053709370D370137153717E
:1043AC009371D371137223702B7070BD1022036A3A
:1043BC0070B593430362056A154C426883692340C8
:1043CC000C6824021C4320239D438B681B012B4348
:1043DC00104DA8420FD18025AB431E00CB68403D49
:1043EC001B013343AB430C4D4E6915408A69324374
:1043FC0092002A4305E0094DA842F4D0084DA8428A
:10440C00F1D042604A6884618263036270BDC04629
:10441C00FF8CFFFE002C0140FFF3FFFF0044014026
:10442C0000480140F8B507003C3715003A78030006
:10443C000C000220012A0CD0013838700C2D51D000
:10444C0008D8042D2DD0082D3CD0002D17D00023DA
:10445C003B70F8BD102D58D0142DF8D11D682800D4
:10446C00FFF768FD80236A6D1B0113436B656B6D51
:10447C002E4A13406B6523696A6D1B0253E01D685D
:10448C002800FFF773FC0823AA6913430422AB61CD
:10449C00AB699343AB61AB6922691343AB610020F9
:1044AC00D5E71D682800FFF781FF8023AA691B014F
:1044BC001343AB61AB691D4A1340AB612369AA6915
:1044CC001B02EAE71E683000FFF78EFC0422F3693A
:1044DC001D43F561F3699343F361F3692269134357
:1044EC00F361DCE71D682800FFF7C0FC8023EA6954
:1044FC001B011343EB61EB690C4A1340EB6123691D
:10450C00EA691B021343EB61C9E71D682800FFF73A
:10451C00E1FC08236A6D134304226B656B6D9343B6
:10452C006B656B6D226913436B65B8E7FFFBFFFF8F
:10453C0030B58468034D0A431B022C4013432343BC
:10454C00836030BDFF00FFFFF8B5050002223C354B
:10455C002C7803001000012C1BD01E0001383D36B6
:10456C00287032701C68414AA3681340A3600B6822
:10457C00602B4ED02DD8402B62D013D8202B0BD0D3
:10458C0008D810221900914306D001233370002360
:10459C002B70F8BD302BF8D1A26835490A40134373
:1045AC00072228E0502BF0D14A68CB68216A276A91
:1045BC001B0187432762F027A069B84303430A20F5
:1045CC0081430A43A3612262294BA2681A405723F4
:1045DC0011E08022520193420FD08022920193422B
:1045EC000DD0702BD1D1CB684A6820008968FFF7B9
:1045FC009FFF7723A2681343A3600020C5E7CB6815
:10460C004A6820008968FFF793FF8023A268DB01CA
:10461C00F1E710204B68CA68216A164F814321626A
:10462C00A069120338400243A020216A1B01814378
:10463C000B43A2612362A2680D4B1A406723DAE791
:10464C004A68CB68216A276A1B0187432762F027D7
:10465C00A069B84303430A2081430A43A361226241
:10466C00034BA2681A404723C5E7C0468800CEFF1B
:10467C008FFFCFFFFF0FFFFF1F2310B50124194041
:10468C008C408A40036AA3430362036A1A430262A2
:10469C0010BD000070B50E0005001100082E1CD0D6
:1046AC0006D8002E0BD0042E14D02A00433208E07A
:1046BC000C2E15D0102EF8D10200423201E002006F
:1046CC003E3214780220023C62425441E4B2002C87
:1046DC0009D070BD02003F32F3E702004032F0E730
:1046EC0002004132EDE7082E30D01AD8002E1FD030
:1046FC00042E28D02A0043321278012A21D1002915
:10470C001FD0002B1DD00222082E71D024D8002ED1
:10471C0029D0042E57D0280043300270042E10D11B
:10472C0054E00C2E15D0102EE4D12A00423201E0B8
:10473C002A003E321278013A50424241D2B2002A4B
:10474C00DDD10120C5E72A003F32F3E72A004032D1
:10475C00F0E72A004132EDE70C2E5ED0102EDAD1B4
:10476C0042352A70EDE728003E300270686A404AF4
:10477C00C262404A0263404A42632A683432FDF7FF
:10478C0041FC0028DDD180232A689B00D1682C686D
:10479C000B43D360310001222000FFF76DFF374A35
:1047AC0094424FD0364B9C424CD0364B9C4249D015
:1047BC008023DB059C424DD1A368334A1340062B62
:1047CC0050D1002085E728003F300270A86A284AA3
:1047DC00C262284A0263284A42632A683832FDF7CB
:1047EC0011FC0028ADD180232A68DB00D168CEE70C
:1047FC00280040300270E86A1D4AC2621D4A0263FA
:10480C001D4A42632A683C32FDF7FCFB002898D114
:10481C0080232A681B01D168B9E728004130027057
:10482C00286B134AC262134A0263134A42632A6812
:10483C004032FDF7E7FB002883D180232A685B0117
:10484C00D168A4E78023616C1B020B436364944220
:10485C00B2D0ADE70D4B9C42AED00123226813437E
:10486C002360AEE7802252029342F6D1A9E7C046FC
:10487C000F4000087F40000823420008002C014034
:10488C0000440140004801400700010000040040C2
:10489C0010B5FFF7FFFE10BD70B504000D00082920
:1048AC004BD005D800290CD004293FD0012070BD75
:1048BC000C29FBD102682E49D368006B0B40D360E6
:1048CC0005E002682B49D368406A0B40D360FDF7C2
:1048DC001BFC2668002229003000FFF7CDFE264B7A
:1048EC00264A9E4205D0264B9E4202D0254B9E4224
:1048FC000AD1336A134207D1316A234B194203D1CF
:10490C00736C22490B407364336A134207D1326AC9
:10491C001D4B1A4203D101223368934333600123A8
:10492C00002D11D13E3400202370C0E702681849D5
:10493C00D368806A0B40D360C9E702681549D36815
:10494C00C06A0B40D360C2E70C2D0ED005D8042DE5
:10495C0007D0082D07D04334E5E7102DFBD14234A6
:10496C00E1E73F34DFE74034DDE74134DBE7C046C5
:10497C00FFEFFFFFFFFDFFFF002C014011110000B6
:10498C00004401400048014044040000FF7FFFFF49
:10499C00FFFBFFFFFFF7FFFF10B5FFF77DFF10BD1B
:1049AC00F0B5040002223C34257803001000012DE0
:1049BC0023D01D003D352A701A68104E536890683C
:1049CC00B24203D10E4F3B404F683B437027BB4371
:1049DC000F683B435360B24206D08023DB059A42FA
:1049EC0002D0084B9A4204D1802398438B68184319
:1049FC009060012300202B702070F0BD002C014032
:104A0C00FFFF0FFF0004004010B504003C34237876
:104A1C0002000220012B39D01D48CB6812680340DC
:104A2C00886803431B480340486803431A48034003
:104A3C0008680343194803400869034318480340B6
:104A4C004869034317480340086B03431648034067
:104A5C008869000403431548824214D11448184055
:104A6C00CB691843134B18408B6A1B050343124840
:104A7C000340086A034311480340486AC96A034368
:104A8C000F4803400B4300205364207010BDC046F8
:104A9C00FFFCFFFFFFFBFFFFFFF7FFFFFFEFFFFF39
:104AAC00FFDFFFFFFFBFFFFFFFFFF0FF002C014008
:104ABC00FFFFFFEFFFFF0FFFFFFFFFFEFFFFFFFDFD
:104ACC00FFFFFFDF704770477047000030B5EFF312
:104ADC001084012282F310880168134D0B682B405F
:104AEC000B6084F31088EFF3108182F31088026856
:104AFC000E4C93682340936081F31088C36E012B96
:104B0C000AD1EFF3108183F3108810240268136824
:104B1C00A343136081F310880300202288331A60AA
:104B2C000023C366036730BDDFFEFFFFFEFFFFEF10
:104B3C0030B5EFF31084012282F3108880250168D0
:104B4C000B68AB430B6084F31088EFF3108182F396
:104B5C0010884023026810680343136081F31088A7
:104B6C0030BD03000833DB6F10B5212B06D10200DA
:104B7C0056321388002B02D1FFF7DAFF10BD036DFC
:104B8C0001681C7801338C6203651388013B9BB26E
:104B9C001380F3E703000833DB6F10B5212B06D12C
:104BAC00010056310B88002B02D1FFF7C1FF10BD5D
:104BBC00026D046813880232DB05DB0DA36202650B
:104BCC000B88013B9BB20B80F1E70000030008331C
:104BDC00DB6F70B5212B21D10300010080246A33D7
:104BEC001B885631002B19D00A88002A17D1EFF3F5
:104BFC001084013282F310880168114D8B682B40B0
:104C0C008B6084F31088EFF3108182F310884023BB
:104C1C00026810680343136081F3108870BD056847
:104C2C00EA69224208D0026D16780132AE62026542
:104C3C000A88013A92B20A80013B9BB2D2E7C04685
:104C4C00FFFF7FFF03000833DB6F70B5212B21D1F1
:104C5C000300010080246A331B885631002B19D0C5
:104C6C000A88002A17D1EFF31084013282F31088DE
:104C7C000168124D8B682B408B6084F31088EFF326
:104C8C00108182F31088402302681068034313607C
:104C9C0081F3108870BD0668F26922420AD0056D56
:104CAC002A880235D205D20DB26205650A88013A0E
:104CBC0092B20A80013B9BB2D0E7C046FFFF7FFF58
:104CCC0070B505000120002D18D02E0024230024DF
:104CDC000836F3672B681A6882431A6028001C6038
:104CEC005C609C60FCF772FA2B0020008C331C601B
:104CFC00043BF4671C60EC6680352C7070BD0000C2
:104D0C00F0B506000836F46F03000220202C42D1C7
:104D1C00013800293FD0002A3DD080209D684001F9
:104D2C00854206D11869002803D11F3C200021427E
:104D3C0031D11C00803427780220012F2BD0013870
:104D4C0020701965190054310A804A801A0000211C
:104D5C008C32116021228021F2678022586E9205DC
:104D6C004901904218D1174A8D4203D11969002983
:104D7C0000D1154A5A6700222270EFF310810132DC
:104D8C0082F310881A68802390681B040343936095
:104D9C0081F310880020F0BD0C4A8D4203D11969B3
:104DAC00002900D10A4A5A6700222270EFF31081C1
:104DBC00013282F310881A68802310680343136051
:104DCC00E6E7C046D94B0008514C00086F4B000871
:104DDC00A14B00087047806A0023020010B55E32B8
:104DEC001380083A1380FFF7F5FF10BD70470000E1
:104DFC00F7B50668C24BF16904003068B768194210
:104E0C0010D12023194200D19AE080225205034090
:104E1C003A40134300D193E0236F2000002B00D0C5
:104E2C0084E084E0B74B3B400093B74B009A0340BF
:104E3C00134300D184E0250001238C35194205D0A1
:104E4C00C20503D533622A6813432B60022319422F
:104E5C000CD0FA070AD5220033628C321368019207
:104E6C009C46042362461343019A1360042319429F
:104E7C000CD0FA070AD5220033628C3213680192E7
:104E8C009C46022362461343019A136008239C46F6
:104E9C00194209D02022009B02401A4304D06346D9
:104EAC0033622A6813432B6080231B01194206D0FE
:104EBC00420104D5336220232A6813432B602B68EC
:104ECC00002B34D0202319420AD0802252050340F3
:104EDC003A40134304D0236F002B01D02000984795
:104EEC0022682B684027966828223E4013402000F9
:104EFC001E4321D0FFF7EAFD23689B683B4217D085
:104F0C00EFF31081012383F3108822689368BB436D
:104F1C00936081F31088E06F002809D07B4B83638A
:104F2C00FDF7F2F8002802D0E06F836B9847F7BDCD
:104F3C002000FFF74FFFFAE7FFF74CFF2E60F6E774
:104F4C00E36E012B00D098E01022114200D194E0C6
:104F5C00104200D191E03262B16840200D00054052
:104F6C00014252D0E16F0D68696889B20029DED028
:104F7C0026005C3636888E42D9D926005E363180C2
:104F8C002D6820212E000E4000960D4231D1EFF3FA
:104F9C00108783F3108826685D4A356815403560A4
:104FAC0087F31088EFF3108783F310882668B568B1
:104FBC009D43B56087F31088EFF3108683F3108858
:104FCC002568AF688743AF6086F310882000009A8D
:104FDC0088300160E266EFF3108083F310881022B2
:104FEC0021680B6893430B6080F31088E06FFDF72A
:104FFC0051F8230022005E335C321B881188C91AD9
:10500C0089B22000FFF7F2FE91E7260021005E3600
:10501C00308836885C31098880B2002E00D186E752
:10502C00091A89B2002900D181E7EFF3108783F3C5
:10503C0010882668374A30681040306087F3108833
:10504C00EFF3108783F310882668334AB06810405A
:10505C00B06087F310882000202688300660E56653
:10506C002567EFF3108583F31088102220680368FE
:10507C009343036085F31088C3E780235B031942D5
:10508C0006D07A0204D52000336200F00FFE4EE702
:10509C008023194207D080221204034017403B435F
:1050AC0001D0636FB9E64022114216D0104214D0E1
:1050BC00EFF31080012383F3108821680B6893436E
:1050CC000B6080F310882300203A0833DA67002342
:1050DC002000636704F086FA29E70B0205D543002C
:1050EC0003D5200000F0E4FD21E7C90100D41EE740
:1050FC00002800DB1BE7200000F0D9FD17E7C046B5
:10510C000F0800000100001020010004E34D00080E
:10511C00FFFEFFFFDFFEFFFFFEFFFFEF0100F8B514
:10512C00030088310C6860331A880368222C46D13E
:10513C005B6A846D134002002370836D5E32013311
:10514C0083651388013B9BB2138013889CB2002BA0
:10515C0031D1EFF31086012282F3108805681A4FC3
:10516C002B683B402B6086F31088EFF3108682F39C
:10517C0010880568AB689343AB6086F310882023D6
:10518C000B60C36E0467934216D1C466EFF31084B0
:10519C0083F31088102301680A689A430A6084F329
:1051AC0010880268D169194200D0136203005C3385
:1051BC001988FFF71BFEF8BD04F01AFAFBE708226A
:1051CC0099690A439A61F6E7DFFEFFFF0200F8B522
:1051DC0003008832116860331C880368222945D18A
:1051EC00596A836D214019800100023383655E3159
:1051FC000B88013B9BB20B800B889CB2002B31D1EE
:10520C00EFF31086012181F3108805681A4F2B6883
:10521C003B402B6086F31088EFF3108681F31088E7
:10522C000568AB688B43AB6086F310882023136052
:10523C00C36E04678B4216D1C466EFF3108483F3FC
:10524C001088102301680A689A430A6084F3108856
:10525C000268D169194200D0136203005C331988CB
:10526C00FFF7C4FDF8BD04F0C3F9FBE70822996908
:10527C000A439A61F6E7C046DFFEFFFF0300F0B574
:10528C0060331B8885B0029303680400DD691A68DB
:10529C0003929A680192020088321268222A00D086
:1052AC00B1E0030068331B88002B02D020231D4281
:1052BC0025D123005E331B889AB2002B1DD023000E
:1052CC0068331B88934218D9EFF31080012282F3C4
:1052DC00108821684E4D8B682B408B6080F31088B2
:1052EC004C4B2367EFF3108182F310882023226844
:1052FC0010680343136081F3108805B0F0BD2600DD
:10530C00236802995B6AA26D0B401370A36D5E3625
:10531C000133A36533882268013B9BB2338007239A
:10532C00D5691D422FD0063B1D4208D00399C905F3
:10533C0005D5210013628C31086803430B600223EE
:10534C001D4209D00199C90706D5210013628C3181
:10535C000868DB1803430B6004231D4209D0019934
:10536C00C90706D5136222008C321168023B0B432D
:10537C00136027008C373B68002B04D02000FFF70C
:10538C0029FD00233B6033889AB2002B00D08DE7B7
:10539C00EFF31086012181F3108820681E4F0368FB
:1053AC003B40036086F31088EFF3108081F3108884
:1053BC0021681A4E8B6833408B6080F31088230071
:1053CC00202188331960E36E2267012B17D1E26626
:1053DC00EFF3108083F3108821680F330A689A4327
:1053EC000A6080F310882268D169194200D01362D8
:1053FC0023005C3320001988FFF7F8FC56E72000E7
:10540C0004F0F6F852E7082299690A439A6174E7A6
:10541C00FFFFFFEF29510008FFFEFFFFFEFFFFEF2C
:10542C000300F0B560331B8885B002930368040059
:10543C00DD691A6803929A68019202008832126838
:10544C00222A00D0AFE0030068331B88002B02D067
:10545C0020231D4225D123005E331B889AB2002BDA
:10546C001DD0230068331B88934218D9EFF31080AA
:10547C00012282F3108821684D4D8B682B408B6084
:10548C0080F310884B4B2367EFF3108182F3108865
:10549C002023226810680343136081F3108805B041
:1054AC00F0BD260023680298596AA26D0140118054
:1054BC000232A2655E363288013A92B232800722FD
:1054CC00DD6915422FD0063A154208D00399C9055B
:1054DC0005D521001A628C31086802430A60022249
:1054EC00154209D00199C90706D521001A628C31E1
:1054FC000868921802430A600422154209D00199E7
:10550C00C90706D51A62220002238C3211680B439C
:10551C00136027008C373B68002B04D02000FFF76A
:10552C0059FC00233B6033889AB2002B00D08FE7E4
:10553C00EFF31086012181F3108820681E4F036859
:10554C003B40036086F31088EFF3108081F31088E2
:10555C0021681A4E8B6833408B6080F310882300CF
:10556C00202188331960E36E2267012B17D1E26684
:10557C00EFF3108083F3108821680F330A689A4385
:10558C000A6080F310882268D169194200D0136236
:10559C0023005C3320001988FFF728FC58E7200013
:1055AC0004F026F854E7082299690A439A6176E7D1
:1055BC00FFFFFFEFD9510008FFFEFFFFFEFFFFEFDB
:1055CC00F8B504002569A26803682A43656919685F
:1055DC00C0692A43674D024329400A431A605A683E
:1055EC006549A5690A40E1680A4364495A608B42DF
:1055FC0001D0226A15439A68614E32402A430F2526
:10560C009A60DA6AAA43656A2A43DA625D4A93426F
:10561C0013D15D4B5A6D03231A4080231B02022ABF
:10562C0000D198E0032A00D1A0E0012A00D098E034
:10563C0098425AD0FDF762FF7BE0544A934200D166
:10564C008DE08B420FD1C02280214F4B12015B6D3C
:10565C00090113408B421BD007D8002B15D0802298
:10566C00D200934206D0012009E09342FBD1802660
:10567C0036020EE0FDF742FF061E0AD10020444B15
:10568C00A366002323676367F8BDFEF729F8F3E7E9
:10569C00404E626A404B5200D75A30003900FAF73C
:1056AC0051FD032365686B438342DCD82B03834293
:1056BC00D9D300233A0030001900FAF7B9FE0027BD
:1056CC00060E0B02334302026E0892197B41100046
:1056DC0019002A003B00FAF7ABFE304BC218304BD6
:1056EC009A42C0D82368D860C8E7FDF707FF0028A6
:1056FC00C4D0626A284B5200D15AFAF723FD656870
:10570C0040006B08C0182900FAF71CFD0200254B5D
:10571C00103A9A42A7D80F23020000079A4393B27B
:10572C00400F22680343D360A8E71A48E1E7FDF76E
:10573C00D7FF0028A2D0626A174B5200D15AFAF751
:10574C0001FD65686B08C0182900FAF7FBFC020024
:10575C00144B103AC4E79842E7D00E48EBE780238D
:10576C001B029842E3D1FDF7BBFFC0E79842C0D0C3
:10577C001800E0E7F369FFCFFFCFFFFF0080004088
:10578C00FFF4FF11003801400010024000440040BB
:10579C00010001000024F400CCC2000800FDFFFF52
:1057AC00FFFC0F00EFFF0000836A30B5DA0706D567
:1057BC000168284C4A682240C46A22434A609A070E
:1057CC0006D50168244C4A682240046B22434A6087
:1057DC005A0706D50168214C4A682240446B224383
:1057EC004A601A0706D501681D4C4A682240846B32
:1057FC0022434A60DA0606D501681A4C8A682240B0
:10580C00C46B22438A609A0606D50168164C8A68D6
:10581C002240046C22438A605A0610D50168134D4D
:10582C004A68446C2A4022434A60802252039442C4
:10583C0005D14A680E4C2240846C22434A601B06F8
:10584C0006D502680B4953680B40C16C0B4353607F
:10585C0030BDC046FFFFFDFFFFFFFEFFFFFFFBFF5C
:10586C00FF7FFFFFFFEFFFFFFFDFFFFFFFFFEFFFFC
:10587C00FFFF9FFFFFFFF7FFF8B504000D001700B7
:10588C001E002268D3692B405B1B59424B41BB4223
:10589C0001D000202AE0069B0133F3D0FBF700FD7A
:1058AC00069B801B984201D8002B20D1EFF310806F
:1058BC00012282F310882168214D0B682B400B606C
:1058CC0080F31088EFF3108082F3108821688B68C6
:1058DC0093438B6080F3108823001F320833DA6700
:1058EC0080331A600023032080342370F8BD2368B2
:1058FC001A685207C5D58022D96912011142C0D04D
:10590C001A62EFF31080012282F3108821680C4D8B
:10591C000B682B400B6080F31088EFF3108082F340
:10592C00108821688B6893438B6080F31088220069
:10593C0020230832D367803213605360D2E7C0460D
:10594C005FFEFFFFF0B51600020087B0083205932A
:10595C00D36F04000D000220202B50D101380029F8
:10596C004DD0002E4BD08023A1685B01994204D10D
:10597C002369002B01D1054241D1270080373B78A8
:10598C000220012B3BD001233B70230000218C33E0
:10599C0019602123D367FBF783FC230054331E804B
:1059AC0002331E8003938023A268002604905B01BF
:1059BC009A4204D12369B34201D12E001D00002369
:1059CC003B70230056331B889AB2002B0CD1059BDD
:1059DC00402100932000049BFFF74EFF00280DD1BF
:1059EC0020230834E3670AE0059B00220093802102
:1059FC002000049BFFF740FF002802D0032007B0D3
:105A0C00F0BD2268002D0BD133880236DB05DB0D8F
:105A1C009362039B039A1B88013B9BB21380D0E7D4
:105A2C002B7801359362F4E7030073B5002604006C
:105A3C008C331E60FBF734FC236805001B681B07C6
:105A4C0019D423681B685B070AD58021104B0022F0
:105A5C00009320002B00C903FFF70EFF002815D17F
:105A6C002200202300200832D36780321360E066C6
:105A7C00803420700BE08021054B320000938903A9
:105A8C0003002000FFF7F8FE0028DAD0032076BDD3
:105A9C00FFFFFF0170B5041E01D1012070BD050090
:105AAC000835EB6F002B04D1020080321370FBF72A
:105ABC001FFB242301212268EB67136820008B4312
:105ACC001360FFF77DFD0128E7D0A36A002B02D0FD
:105ADC002000FFF769FE236807495A6820000A4036
:105AEC002A215A609A688A439A60012219680A43EB
:105AFC001A60FFF799FFD1E7FFB7FFFF03005C3394
:105B0C00F0B5816580241A805A8000238168036770
:105B1C006401A14252D10369591E8B41FF215B42A2
:105B2C008B433F495B18010060310B80030000215F
:105B3C008C3319602231043B1960EFF3108401237C
:105B4C0083F3108801688D682B438B6084F3108875
:105B5C00802680240100476E85680369B6056401C0
:105B6C008031B7423CD1060068363688964237D829
:105B7C002C4AA54202D1002B00D12B4A02670022ED
:105B8C000A7093420BD0EFF31081012383F310883A
:105B9C000268FF3314682343136081F31088EFF31A
:105BAC001081012383F31088802302685B059068C1
:105BBC000343936081F310880020F0BD002905D1C8
:105BCC0001697F230029AED18033ACE780246405C2
:105BDC00A142A8D101693F230029A4D14033A2E7F7
:105BEC00124AA54202D1002B00D1114A02670022B1
:105BFC000A700132002B0AD0EFF3108182F3108867
:105C0C00902302685B00106803431360D2E7EFF344
:105C1C00108182F31088026820231068F4E7C046D4
:105C2C00FF010000895200082D540008295100087A
:105C3C00D95100080300883070B504680220202C6C
:105C4C0030D1013800292DD0002A2BD080209C681F
:105C5C004001844206D11869002803D10124200098
:105C6C0021421FD11C00803425780220012D19D02F
:105C7C000138207000240C4DDC661C68AC420ED040
:105C8C00646824020BD5EFF3108580F31088802014
:105C9C001C68C00426683043206085F31088180007
:105CAC00FFF72CFF70BDC046008000407047704766
:105CBC00704738230371002301608360C360037451
:105CCC007047000070B50C4D280005F047FD0B4CDB
:105CDC00002805D0FBF7E4FA2060280005F04BFD06
:105CEC00FBF7DEFA2368C31A0120502B03D9FBF70C
:105CFC00D7FA2060022070BDBC040020C004002034
:105D0C0070B50C00017915000723220000684900CA
:105D1C0000F05FFA002805D0237803202B705BB2CB
:105D2C00002B00DA002070BD80687047C068704797
:105D3C00F0B5FF2000243126A34204DC401A434274
:105D4C005841C0B2F0BD155D6840082547B240000F
:105D5C00C0B2002F00DA7040013D002DF6D10134A5
:105D6C00EAE770B50C0016000623220089790500BD
:105D7C00FFF7DEFF00281FD0A37862781B021343C5
:105D8C005BBAE2789BB21B0112091A43642353439A
:105D9C001B0DEB600F23E2781A4023791202134398
:105DAC0062791B021A43FA23DB0053431B0DF53BAC
:105DBC00FF3BAB6001233370002070BD30B50C008D
:105DCC0085B003AD2A706B70037900955B00D9B276
:105DDC0022000223006800F0CBF905B030BD73B58A
:105DEC0005000E00101E08D02C79009264003200C1
:105DFC002868DBB2E1B200F09FF976BD07B500234D
:105E0C006A467121D37101330732FFF7E8FF6B4605
:105E1C00D8790EBD10B5FFF7F1FFC043C0B2C00971
:105E2C0010BD10B50400FFF7F5FF0023984205D014
:105E3C003322AC212000FFF7C1FF0300180010BD76
:105E4C0013B500236A46D3710400407C032807D89D
:105E5C00FAF764F9020A0E142000FFF7E2FF0300C0
:105E6C0063746B46D87916BD2000FFF72BFFF6E75D
:105E7C002000054A0549FFF743FFF0E720000349DE
:105E8C000732FFF76EFFEAE7B4040020B5040020E8
:105E9C0070B50400FFF7B2FF082203000125134080
:105EAC0010420BD1BE212000FFF788FF1420FBF716
:105EBC00FDF92000FFF7A2FFC0080540280070BDC7
:105ECC00002310B54374040000680133002813D07C
:105EDC00237C002B09D02000FFF7DAFF03230028D6
:105EEC000AD001232374002306E02179490000F035
:105EFC000EF902230028EED1180010BD10B51C00BD
:105F0C00431A0298511A001B5843FAF7A5F90019C5
:105F1C0010BDA02010B50221C005FCF7A7FA434222
:105F2C005841C0B210BDA02010B51021C005FCF71F
:105F3C009DFA43425841C0B210BD000010B5022179
:105F4C000348FCF793FA43425841C0B210BDC04617
:105F5C0000040050F8B5FFF7DCFF0400FFF7E3FF87
:105F6C0040000443E4B2FFF7E9FF23000343DBB234
:105F7C000600002B03D0FBF793F92E4B18602E4F25
:105F8C003B78B34218D1012E0AD02C4E3378A34261
:105F9C0022D02B4F002C34D0032B48D0002541E0CD
:105FAC00FBF77EF9274B19251B68C01AC8235B0029
:105FBC009842EAD92800F8BDFBF772F9214C0C2560
:105FCC0023683E70C01AC8235B009842804105408C
:105FDC00FBF766F92060EDE7002C01D10025E9E71D
:105FEC00FBF75EF9164B1B68C01AC8235B0098427E
:105FFC00F4D90525012CDDD00F35022CDAD10A3D60
:10600C00D8E7FBF74DF93B682500C01AC8235B00A5
:10601C00984207D233780325012B03D00635022B87
:10602C0000D1033D3470FBF73BF93860C2E71C002C
:10603C00B4E7C046D8040020C8040020D0040020D7
:10604C00CC040020C404002070B5FFF783FF114D71
:10605C00041E12D0104B1B78002B0ED033235B4246
:10606C001A006243D2B228780C49332A0FD8434322
:10607C00DBB2332B0BD902230B702B78A34203D04A
:10608C002100074803F0DCF920002C7070BD0123BF
:10609C00F2E7C046D10400200C000020D4040020FC
:1060AC00E4C2000870B50400154B1D78FFF7CCFF57
:1060BC00A842FBD00226FFF7C7FF062813D00C28F6
:1060CC0006D0032807D1012C12D0022C03D10DE0ED
:1060DC002300B3430AD00020FBF7E8F8094A1378F1
:1060EC0001331370E7E7631E012BF4D8012400E0A1
:1060FC000024FFF7A9FFA842FBD0200070BDC046CA
:10610C00D3040020D204002001230370704710B583
:10611C0004000078002809D0C82302226068FCF72C
:10612C0099FE0123237043425841C0B210BD10B5F3
:10613C00406802F075FC10BD7FB505780400002D99
:10614C0010D0FA200193089B400000930290012389
:10615C006068FCF7C5FD0126002807D02000FFF77A
:10616C00E6FF26700025280004B070BD2670FAE703
:10617C007FB505780400002D10D0FA200193089B00
:10618C0040000093029001236068FCF7F7FC0126A5
:10619C00002807D02000FFF7CAFF26700025280032
:1061AC0004B070BD2670FAE737B505780400002DF1
:1061BC000CD00120404200906068FCF7C5FB002821
:1061CC0005D02000FFF7B3FF012323700025280022
:1061DC003EBD37B505780400002D0CD0012040429F
:1061EC0000906068FCF73CFC002805D02000FFF70D
:1061FC009EFF01232370002528003EBD044B054A59
:10620C0005495A6000221A70044B59601A70704785
:10621C00E4040020C001002074010020DC040020F4
:10622C0010B544688068A04710BD10B5046880683C
:10623C00A04710BD73B501230E006A46202105004E
:10624C00FFF7EEFF002821D101AC0123220023210E
:10625C002800FFF7E5FF002818D1002E17D16B4658
:10626C001A78082369469A430A70227813432370DC
:10627C0001236A4620212800FFF7D7FF002805D10B
:10628C000123220023212800FFF7CFFF76BD012E2A
:10629C0008D16B4608221B78934369460B70237810
:1062AC009343E4E7022EE3D16B4608221B78134399
:1062BC00F3E737B501230D0001AA20210400FFF7F5
:1062CC00AFFF00280DD16B4619790F2319406B468F
:1062DC002D012943197120000123202101AAFFF768
:1062EC00A4FF3EBD37B501230C0001AA21210500F6
:1062FC00FFF796FF00280ED1012369461C40E200EF
:10630C000C7908218C4314436A4628001471193106
:10631C0001AAFFF78AFF3EBD37B501230C0001AA85
:10632C0023210500FFF77CFF00280FD16A460323C9
:10633C002340147930221B0194431C436B462321C8
:10634C001C712800012301AAFFF76FFF3EBD10B599
:10635C000A0001232621FFF763FF10BD10B50A00C8
:10636C0001233021FFF761FF10BD10B50A00012396
:10637C003021FFF755FF10BD37B501230D0001AAE1
:10638C0032210400FFF74CFF00280CD16A467F2312
:10639C0011791D40994329431171012332212000A9
:1063AC0001AAFFF742FF3EBD37B501230D0001AA3C
:1063BC0033210400FFF734FF00280CD16A467F23F9
:1063CC0011791D4099432943117101233321200078
:1063DC0001AAFFF72AFF3EBD37B501230D0001AA24
:1063EC0021210400FFF71CFF00280CD16A4607236B
:1063FC0011791D409943294311710123212120005A
:10640C0001AAFFF712FF3EBD10B50A00012322219D
:10641C00FFF70BFF10BD10B50A0001232221FFF777
:10642C00FFFE10BD10B50A0001232521FFF7FDFE6C
:10643C0010BD10B50A0001232521FFF7F1FE10BD98
:10644C000023017203604360704770B5040000685C
:10645C00002805D085691C2105F07CF92800F7E798
:10646C00200070BD0068002804D043688B4201D026
:10647C008069F8E77047F8B504000F0016001D009E
:10648C00FFF7F0FF002802D086600570F8BD1C20D5
:10649C0005F074F90023C3600361436183612368D1
:1064AC00476086600570002B02D120606060EDE7CC
:1064BC0063689861FAE770B505000E000468002C5B
:1064CC0013D06268002A01D1A469F8E72378002B65
:1064DC00FAD0E368A168F31A9942F5D85B1A6361A4
:1064EC00E66090472B7A002BEED070BD074B70B551
:1064FC00040003604068231D984201D1200070BD48
:10650C0005680C2105F026F92800F4E710C30008F3
:10651C0010B50400FFF7EAFF2000242105F01AF95A
:10652C00200010BD426830B5138884891D1B8D4234
:10653C0002DD5B1A138030BD1480037D002BFAD072
:10654C0005490B780133DBB20B70022BF3D1438975
:10655C00138000230B70EEE70105002070B50C4D85
:10656C0004002B78062B02D0037C002B05D1A17BD9
:10657C00002902D02000FFF7D5FF2B780A2B02D080
:10658C00A37B002B03D12000E17BFFF7CBFF70BD79
:10659C00EC040020426830B5438914881D1B8D42E1
:1065AC0002DD0919118030BD1380037D002BFAD058
:1065BC0005490B780133DBB20B70022BF3D18389C5
:1065CC00138000230B70EEE70005002070B50C4D16
:1065DC0004002B78032B02D0037C002B05D1A17B6C
:1065EC00002902D02000FFF7D5FF2B78052B02D015
:1065FC00A37B002B03D12000E17BFFF7CBFF70BD09
:10660C00EC040020F8B50700114B040008C7002368
:10661C000E00C36043610D684B680E4A5B1BDB10B8
:10662C005343421C87604760D37773689D4203D104
:10663C00636820006361F8BD0C2005F09FF83900F9
:10664C00856005F0ADF8E36828350133E360ECE7CD
:10665C0010C30008CDCCCCCC03781A000A431942E5
:10666C0001D08B431A00027070470000F0B5002473
:10667C00170085B0032201900E0003A821001D0015
:10668C00029405F00EFA3A000D4902A805F09EF9A5
:10669C0002AB1B5D202B11D10134072CF8D1002447
:1066AC0006231B1BDBB2EB1A02AAE41AA3180199EE
:1066BC003200044801F056FD05B0F0BDE4B2EFE73E
:1066CC00F8C2000844050020F0B54F4F85B0050016
:1066DC000C001600110038000393022A0DD001F0B3
:1066EC0035FE1023002138000093A2B2303301F0A4
:1066FC002CFA714271413800C9B20D3401F026FEFA
:10670C00E3B202936B6864B2002B0DD03E4F3F494D
:10671C00380001F079FD380001F068FD01213800E6
:10672C006B68A2B201F026FDAB68002B02D1AB69FD
:10673C00002B5FD0039B002B09D16868F9F7DCFCB8
:10674C000321F9F7FFFC0D2343430E2B52D82E4F98
:10675C0031003800A4B201F0F9FD220010230D3AEB
:10676C0092B20F2138000093303301F0EEF97342EE
:10677C005E413800F1B201F0E9FDAB6824495A8959
:10678C00012A02D19B89002B02D0AB69002B14D0BB
:10679C00380001F039FD380001F028FDAB69002B01
:1067AC002AD1AB685B681B88002B29D022002F21D3
:1067BC00184B380001F0D6FC1CE0380001F024FD29
:1067CC00380001F013FDEB680A21002B05D02C31A9
:1067DC002200380001F0C6FC0F210620AA684042B6
:1067EC00137A526858434030401A12880299C0B24A
:1067FC00FFF73CFF05B0F0BD1B782A7F1A42D5D1BC
:10680C0022002721044BD4E744050020A5CC000826
:10681C0023C30008FCC20008FFC20008F0B589B011
:10682C0003910021354C07006368406959560122D9
:10683C00039B8068FFF748FF237B304C6268158808
:10684C00AB421ADB00256268638916889A1B954255
:10685C0035DB2B4E327893420DDA1027294D00216F
:10686C00280001F073FDA47A3378A3423CD80121AF
:10687C00280001F06BFD09B0F0BDA67BF2185BB2ED
:10688C00D2B205937B691000310004920693F9F79C
:10689C0059FCC3B20793A0893100281AF9F7DCFC24
:1068AC00079B00221D1A28235D43069B283D9868F0
:1068BC000599039B4019FFF707FF049BBDE7A17BDC
:1068CC004D19EDB2AE1973B228000493F9F73AFCE6
:1068DC002823C0B258437E690022B3680499181863
:1068EC00039BFFF7F1FEAEE71034E4B24023220025
:1068FC0000212800009701F028F9B5E77009002065
:10690C006E0900204405002070B5FAF7C9FC0C4E46
:10691C000400300004F022FF0A4D002805D0FAF7DD
:10692C00BFFC2860300004F026FFFA222B68002000
:10693C00E31A5200934201D92C60013070BDC0465D
:10694C00F8040020FC04002070B5FAF7A9FC0B4EEB
:10695C000400300004F002FF094D002805D0FAF7BE
:10696C009FFC2860300004F006FF2B680020E31A1F
:10697C00FA2B01D92C60013070BDC046F004002008
:10698C00F4040020F7B5836804000193FAF788FC3F
:10699C0063680090002B6BD0661DF37F012B3BD1FD
:1069AC00236A984764E0002D0ED1A069002803D01B
:1069BC00217FFFF751FE02E00198FFF7CFFDF37F37
:1069CC00022B01D1236A984700212A4B20005B68D7
:1069DC001F88595601231A00FFF776FE264D002119
:1069EC0028000C3701F0B2FC244B1221BAB228005B
:1069FC0001F0B8FB280001F000F9FAF751FC009BFC
:106A0C00C01AFA23DB0098422FD81D4B1B780C2B95
:106A1C002BD00020FAF74AFCFFF716FB184F387002
:106A2C000A2802D00125052804D1FFF78DFF012388
:106A3C005840C5B23B78002B02D0FAF731FC0090DD
:106A4C003878104B187003380728BDD8F9F75CFB61
:106A5C0006BC04ADBCBCBCAB002DB5D1A0690028F4
:106A6C00A6D10198FFF7B2FDA9E7F37F032B97D0CE
:106A7C00F7BDC046700900204405002003C3000880
:106A8C00D3040020EC0400200C4B0D4A1B68516809
:106A9C0000280ED0187C013308800A49DB7F097866
:106AAC00994203D3013B1B0153817047064B1B7862
:106ABC00FAE75A685A610880F7E7C04640000020A0
:106ACC00700900206D0900206E09002070B50D00C2
:106ADC0004000C2004F052FE2B682100836004F0AB
:106AEC005FFEA3680133A36070BD0000F0B5754C68
:106AFC00754E85B021003000FFF7E8FF734D744BE5
:106B0C006A891A70734B1F780193FFF79DFA019BEA
:106B1C001870B84207D120680021FFF77FFE6E483D
:106B2C0001F06BF8F1E7012302936A686B4B128852
:106B3C001A70FFF789FA019B18700A2802D00123FA
:106B4C00052804D1FFF700FF01235840C3B2019A76
:106B5C0010780338092818D8F9F7E0FA07170570E8
:106B6C001717176E178A002B0FD123685A6999686B
:106B7C0090688968884259D100275A685A61584BE5
:106B8C001B780393039BBB424AD8FFF7BDFE00283A
:106B9C001BD0019B1B78192B17D16A6823681288AC
:106BAC0077681A743268BB6892682360934209D084
:106BBC00B3683800013BB36004F0F8FD0C213800D9
:106BCC0004F0C8FD0120FFF75FFF019B20681B78D4
:106BDC00092B02D00021142B00D10121FFF71EFE3E
:106BEC003D4801F00AF80020FAF760FB33689A6818
:106BFC0023689A4299D1FFF787FE002895D0019B14
:106C0C001B78192B91D1374A1378013BDBB21370E7
:106C1C00002B8AD10133137002F064FD05B0F0BD76
:106C2C0028000137FFF79AFCFFB2ABE71268280087
:106C3C005A61FFF7CBFCA8E7002BA6D123685A6951
:106C4C0059688A420ED100279A685A61244B1B78E6
:106C5C000393039BBB4298D928000137FFF7B6FC7E
:106C6C00FFB2F6E7526828005A61FFF777FC8CE711
:106C7C0023685B6998680369002B14D0029B002B76
:106C8C0003D121003000FFF721FF6A6823681288C6
:106C9C0001201A745B699B681B692360FFF7F4FE83
:106CAC000023029371E7036A002B07D08268002A45
:106CBC0004D18269002A01D1984766E7FFF762FE8A
:106CCC0063E7C046400000208C09002070090020BA
:106CDC006E090020D3040020440500206C0900201C
:106CEC006D0900200D00002010B5FFF7FFFE10BD50
:106CFC0037B56B461500D9710400DA1D01790123F3
:106D0C000068FFF751FA2A0060710123217920688D
:106D1C00FFF75FFA63790340637137BD13B56B46B8
:106D2C005A71197104000179022301AA0068FFF756
:106D3C003BFA607113BDF7B51F006B461600DA1DE8
:106D4C0004000D00FFF7D4FF6B46DB791A00B24349
:106D5C00002F01D032001A436B4629002000DA7153
:106D6C00FFF7DCFFF7BD10B5040008001300217914
:106D7C0002002068FFF718FA607110BDF0B5A2216F
:106D8C00040087B00068FFF7C2F96071002802D1D7
:106D9C00002007B0F0BD162701256423204E6F4458
:106DAC000022A221029330002B0001950097FBF7E3
:106DBC0097FF431E9841642360710022A221029325
:106DCC0030002B0001950097FBF78AFF431E98417A
:106DDC0000236071190008222000FFF7ACFF6379D3
:106DEC00002BD5D017236B441A000E212000FFF77F
:106DFC007FFF6B467C22DB7D0E211340793A1A43D0
:106E0C006B462000DA75FFF789FF6379002BBFD042
:106E1C00200000222900FFF781FF6079B9E7C04606
:106E2C00C0010020F7B500236A465371023313707A
:106E3C004F790D0006000A213800F9F783F9062472
:106E4C006B4660433F185F702F790A213800F9F7C1
:106E5C0079F96B4660433F189F70EF780A21380030
:106E6C00F9F770F96B4660433F18DF70AF780A2171
:106E7C003800F9F767F96B4660433F181F716F785C
:106E8C000A213800F9F75EF96B4660432D783F18FC
:106E9C009F710A212800F9F755F96B4644430822E3
:106EAC0030002D196946DD71FFF75DFFF7BDF0B5B8
:106EBC000E00022389B006AC21000590012230009F
:106ECC002370FFF750FF2200317907233068FFF75A
:106EDC0080F91F233F25707162797F271A40E37870
:106EEC00A6782B40180984463540667806203E402B
:106EFC00674640424743BC46170947436344BC4678
:106F0C00A17962440F094743BC46FA2724786144AF
:106F1C00FF00C9B2C91927094743BC467F276444FF
:106F2C003C4002943409444336192C096043281818
:106F3C00F6B2C0B20090DBB20598D2B2019600F066
:106F4C00D1F8059809B0F0BD0023F0B585B0140058
:106F5C0002AA13710933137001900F790E003800D7
:106F6C000A21F9F7EFF80625684338187F27A301A3
:106F7C00BB43184302AB5870F3780A2118000093F6
:106F8C00F9F7E0F86843009B0A2118186301BB432A
:106F9C00184302AB9870B37818000093F9F7D2F845
:106FAC006843009B18182301BB43184302ABD870ED
:106FBC00300000F0BCF80A210600F9F7C3F845438D
:106FCC00E40002AB7619BC43190001980522264354
:106FDC001E71FFF7C8FE019B587905B0F0BD10B5C6
:106FEC0004004B0002220121DBB2FFF7A4FE607902
:106FFC0010BD10B50400002308220121FFF79BFEF1
:10700C00607910BD012330B504000D488B4210D3BC
:10701C00022903D9A30701D1013292B26E20FF30AD
:10702C006043E31C9BB29B1001381818101880B2F7
:10703C0030BD05780133521992B2DBB20130E5E76D
:10704C0018C30008F8B5244B0400CD1828003C21C7
:10705C00F9F7FEF8280061713C21F9F773F83C212F
:10706C000500F9F7F5F8280021713C21F9F76AF8C9
:10707C0018210500F9F7ECF82800E1701821F9F750
:10708C0061F803260022154D83B2100030404742B0
:10709C004741F9B26E37FF37BB4216D2227001223C
:1070AC000F4DA95C002803D1022A01D10131C9B2CC
:1070BC00994205D801325B1AD2B29BB20C2AF0D19C
:1070CC00013320006270A370F8BD691A5B1801329D
:1070DC009BB2D2B2D9E7C04680BC92C793FEFFFFE9
:1070EC0017C30008F0B5FA2705AC267806AC25784E
:1070FC0007AC2478FF00B94202D3054FC91989B2F5
:10710C00C67005710170427083704471F0BDC04649
:10711C0030F8FFFF0B7803704B7843708B788370DB
:10712C00CB78C3700B7903714B794371704710B5F1
:10713C00827841780078FFF765FF07210630F9F770
:10714C0071F9C8B210BD000010B504008278417806
:10715C000078FFF757FF182343433C20E2789B1835
:10716C00434322799B185843024A63799B18C018F1
:10717C0010BDC04680436D3870B515000400080082
:10718C00FFF7E2FF296841182000FFF75BFF2000A2
:10719C0070BD01607047000030B5002503AC655729
:1071AC00054C4C43E121090151433C225A436418DC
:1071BC00A4186419046030BD80510100F0B5154D60
:1071CC000700B0201E002B7885B00093002350439D
:1071DC0003240391FF2219000012FEF78FFE7C435B
:1071EC002B780D4FFF22385500930023039819007C
:1071FC00FEF784FE3C196070F0202B7870430093EE
:10720C000023FF2219000012FEF778FEA07005B0D3
:10721C00F0BDC0460E00002038050020F0B5234C10
:10722C002348236885B0002B03D1224AD27F012A40
:10723C000AD00021302204F034FC00211E482160C9
:10724C00FDF7AAFB05B0F0BD1C4A052511780A26EE
:10725C000191517802919278802103920200019F52
:10726C00AC469F400F4200D0B44667461770029F51
:10727C00AC469F400F4200D0B44667461772039F3E
:10728C00AC469F400F4200D0B4466746013317749A
:10729C000132082BE3D1084D0200283300212800CD
:1072AC00FDF7F6FA02232360CCE7C0460405002064
:1072BC0008050020C60200201C0300203805002011
:1072CC00F7B51D4B02689A422BD11C4D2C68002C33
:1072DC0028D11B4B05211A780A2000925A7801926A
:1072EC0080229F78174B009E8C46A640164200D0F9
:1072FC00844666461E70019E8C46A640164200D0FF
:10730C00844666461E723E00A6408C46164200D04D
:10731C008446664601341E740133082CE3D10123E4
:10732C002B60F7BD022CFCD8182200210548013433
:10733C0004F0B7FB2C60F4E7002C0140040500209E
:10734C003805002008050020F7B5204B02689A424A
:10735C002BD11F4D2C68002C28D11E4B05211A78DF
:10736C000A2000925A78019280229F781A4B009E34
:10737C008C46A640164200D0844666461E70019E7E
:10738C008C46A640164200D0844666461E723E00CD
:10739C00A6408C46164200D08446664601341E74C4
:1073AC000133082CE3D101232B60F7BD022C07D845
:1073BC00182200210848013404F073FB2C60F4E718
:1073CC00002106482960FDF7E7FAEEE7002C0140A2
:1073DC000405002038050020200500201C03002097
:1073EC00F0B5040085B0101E5ED0531C03A80380BA
:1073FC006B4655B20733002D35DB00884000414306
:10740C000912C9B21970062161430E2468466C44F6
:10741C00218021888025C9B2817181790A200131AE
:10742C006844018026886D0002A92E4221D105886E
:10743C001878684309250012C0B2087018786D449A
:10744C004008121AD2B22A706E466A462088053657
:10745C00D41C000A01AA04283FD80027F8F75EFEC6
:10746C000D262B313800058880206D008000401BD4
:10747C00C5E706881878AD1BDBE71B78DBB22370F9
:10748C000B78DBB213700023337020782E781378CE
:10749C006A462C7805321278801929781B19000459
:1074AC001B0218435218104305B0F0BD0978C9B23D
:1074BC0021701B78E5E727701B78DBB213700B7813
:1074CC0004E027700978C9B211701B78DBB2DBE7D6
:1074DC000978C9B221700021F6E71B78DBB2237062
:1074EC000023EBE702004069137F0840D840D379B2
:1074FC001843C0B2704710B56423C17902220068EA
:10750C00FBF7A8FC43425841C0B210BDF0B51E00B9
:10751C00234B89B005921A7805000F00012A3CD044
:10752C0001221A70F9F7BCFE0790AC7938002100E3
:10753C00F8F78EFE641AA4B2B44200D9B4B22B6828
:10754C00390028000693FFF7CDFF0100A868AA694F
:10755C002B8A029005983A40009092B206980194BA
:10756C00FBF70CFB002815D10A30F9F79FFE059BA1
:10757C00361B1B1905933F19002E04D10120084B13
:10758C001E7009B0F0BDF9F78BFE079BC01AAB68F3
:10759C009842CAD30022024B1A700020F1E7C04671
:1075AC003B05002010B50123FFF7B0FF10BD000014
:1075BC00F0B5144E89B00793337804000F0006928F
:1075CC00012B1CD00125036835700593FFF78AFF4A
:1075DC000100A068A269238A02906846808B3A4019
:1075EC000190069892B200900598FBF779FB002861
:1075FC0003D13070280009B0F0BD00233370002097
:10760C00F9E7C0463B05002010B50123FFF7D0FF7A
:10761C0010BD0000F0B585B00400FFF76CFF00282A
:10762C0057D008232F4AAA21A2610122A371F73354
:10763C0063610023228203AA117002AA55392377B1
:10764C00517101930A238025009302AB9A1D2900E6
:10765C002000FFF7D9FF02AB5F1D3A002900200084
:10766C00FFF7A0FF02ABDA1D00212000FFF7CCFFD3
:10767C0002ABDE793B7803AFF61A3A002900200002
:10768C00FFF790FF73425E4102ABDA1D0021200030
:10769C00FFF7BAFF02AB3A78DB79F6B29B1A5A4283
:1076AC005341F61802ABDA1D29002000FFF7ACFF9E
:1076BC0002AB290020009A1DFFF774FF022E09D09F
:1076CC00009B6D00013B0093002BBED1019B012B55
:1076DC0003D10025280005B0F0BD02232382013B15
:1076EC00AFE7C046FFFF010070B50400FFF792FF43
:1076FC008023C5099B009D420CD1267BFF3BFF3BA1
:10770C00334320002373FFF785FFA84201D1802566
:10771C00ED0026732800A58070BD10B5838802008B
:10772C00022B12D9102083420DD90018402B0AD9F4
:10773C008021203049008B4205D980244030A400A0
:10774C00A34200D90800907110BD591E8B41D8007E
:10775C00F9E7000010B50400002904D0FFF7C4FFBE
:10776C002000FFF7DAFFA3885A1E012A14D9042B34
:10777C0016D0082B18D0102B19D08022D20093428F
:10778C0018D01F2B1CD8002318000F49012263614D
:10779C002077A161228210BD00231800FF21F5E79C
:1077AC0080235B000720F9E7C0239B00FAE7E02366
:1077BC00DB00F7E780230F205B0202220249E6E799
:1077CC0000231800F9E7C046FFFF010010B50400C4
:1077DC0088B01422002103A804F063F92268114B2D
:1077EC0012689A421BD102220F4C1048636B03A9FA
:1077FC0013436363636B13400193019BC023039397
:10780C00AE3B04930C3B0793FAF70CFD8022E36B21
:10781C0092031343E363E36B13400293029B08B0A0
:10782C0010BDC0460054004000100240000400503F
:10783C000268094B126810B59A420CD1074A0849E4
:10784C00D36B08480B40D3634021FAF79DFD802190
:10785C000448FAF799FD10BD005400400010024096
:10786C00FFFFDFFF0004005010B5040008001438BF
:10787C0019000C2827D8F8F751FC1D262607141FD1
:10788C002626262626260F0064231048FCF7B1F97D
:10789C0043425841C0B20EE04A21200001F03CF8AE
:1078AC0008E02368200049211A7801F035F80120FE
:1078BC00F9F7FCFC012010BD0120F9F7F7FC236857
:1078CC0049215A78E9E70020F5E7C0460C02002070
:1078DC0010B54A2913D005D8292907D0492909D030
:1078EC00012010BD4B29FBD1202105E01000F9F738
:1078FC00DDFCF5E780210902A020C00501E0102184
:10790C000148FAF7B9FDEBE70004005010B50D4C37
:10791C00200000F0E5FF200000F0B4F92000012168
:10792C0000F0E5FF2000084900F034FE20000121A2
:10793C0000F00CFD0021200000F026F8200000F0E3
:10794C004FF910BD44050020D4CB0008084B094A60
:10795C0010B51A600022084C983320001A6000F011
:10796C006DFE2000054B064A064900F09FF910BD3C
:10797C0040050020B585000844050020DD7800088E
:10798C0075780008D4CB0008913001707047F0B5C1
:10799C0017000200CB1887B09BB292321278049376
:1079AC007B1C9BB2039200933A00049B04000D00D5
:1079BC0000F0E1FC00280BD0039A8026534253417F
:1079CC00DBB20593049BAB4204D1039B923423702E
:1079DC0007B0F0BD0C9B1B78334214D02300039AE4
:1079EC0092331A70002300933A00290020000133CF
:1079FC0000F021FC0135ADB27608E3D10C9B80364A
:107A0C0001330C93DEE7230091331B78002BF1D16B
:107A1C002200059992321170E5E7F0B51E001400B2
:107A2C0085B00AAB1B88F20092B2E3189FB25318D0
:107A3C0002929BB2220000970D00039000F09BFC79
:107A4C0000280ED105B0F0BD0B9B2200009329003D
:107A5C00029B0398FFF79BFF0B9B01349B190B9325
:107A6C00A4B2A742F0D1EDE7F0B517000200CB1895
:107A7C0087B09BB29232127804937B1C9BB2039218
:107A8C0000933A00049B04000D0000F074FC0028E5
:107A9C000BD0039A012653425341DBB20593049B4E
:107AAC00AB4204D1039B9234237007B0F0BD0C9B06
:107ABC001B78334216D02300039A92331A7000239A
:107ACC0000933A0029002000013300F0B4FB76004B
:107ADC000135F6B2ADB2002EE1D10C9B013601336B
:107AEC000C93DCE7230091331B78002BEFD12200A1
:107AFC00059992321170E3E7F0B51E0085B00AAB20
:107B0C001B880D00D3189FB273189BB200971400FA
:107B1C00029000F030FC002805D0F31D9BB2DB086E
:107B2C000393A74201D105B0F0BD0B9B220000933B
:107B3C00290033000298FFF797FF039A0B9B94469A
:107B4C00013463440B93A4B2EBE7F0B51F0085B08E
:107B5C000AAB1D88CB195519ADB29BB200950E001E
:107B6C001400039000F007FC00280BD105B0F0BD09
:107B7C0000232200009331003B00039800F05BFBD4
:107B8C000134A4B2A542F3D1F0E70300F0B53833C9
:107B9C001B7885B0029303000400002639331F784C
:107BAC0003685B7C039331002368606B1B7CF5B22C
:107BBC005943C90089B240187A190090002120005D
:107BCC00D2B200F079FE0135029BEDB2AB4205D981
:107BDC000136BB19039ADBB29A42E4D805B0F0BD6A
:107BEC00020010B5036838321B7C127800215A430E
:107BFC00406BD20003F055FF10BD10B50400FFF729
:107C0C00C4FF200000F081FE10BD030010B504007D
:107C1C0039331970036B1B689847236B20005B6822
:107C2C00984710BD030010B593331B780400002B4C
:107C3C0001D0FFF7D5FF00212000FFF7E6FF10BDB4
:107C4C0070B50400FFF7A1FF230039331D78013B09
:107C5C001B78ED182368EDB25B7CAB4204D8200096
:107C6C0000F053FE002070BD230093331B78002BD3
:107C7C0002D02000FFF7B4FF20002900FFF7C5FF5A
:107C8C000120F0E710B50400FFF7CCFF2000FFF750
:107C9C00D7FF011EFAD12000FFF7B7FF10BD00007F
:107CAC000623037000487047DC0500207FB50400F4
:107CBC000F260A480D006E44094900931300020078
:107CCC00200000F045FE3000FFF7EAFF327801009B
:107CDC0000952000034B00F03DFC7FBD2187000880
:107CEC006D870008B5830008435C4018407800029B
:107CFC00184340BA80B270470020704770B50B78BB
:107D0C000D0003704B78040043708B788370CB7834
:107D1C00C3700B7903714B7943718B798371CB7978
:107D2C00C3710B7A03724B7A43728B7A8372CB7A60
:107D3C00C3720B7B03734B7B43738B7B8373CB7B48
:107D4C00C3730B7C112103742800FFF7CDFF1321A3
:107D5C0060822800FFF7C8FF1521A0822800FFF7DA
:107D6C00C3FFE08270BD70B50368067B1D78721886
:107D7C003541D2B20400E8B2072A0AD9581C206057
:107D8C00587808239B1BDBB29840083A2843C0B2B2
:107D9C00D2B201235B428B402273984370BD70B505
:107DAC0005000023603501662B7303000400783353
:107DBC0028001978FFF7D7FF2300A8727933280021
:107DCC001978FFF7D0FF9234E8722378AB735A42DC
:107DDC005341EB7370BD10B50C00FFF7C4FF0123CA
:107DEC00013CE4B2A340C01A40B210BD012B06D036
:107DFC00022B06D0002B06D1801880B27047401899
:107E0C00FBE7801AF9E7401AF7E7012B06D0022BA3
:107E1C0006D0002B06D1401880B27047801AFBE7C1
:107E2C00401AF9E78018F7E70300F0B504000E00DC
:107E3C008DB00B9260331F7A5B7A0493250060350A
:107E4C00AB7A0893DB1BDBB20593059A331C964285
:107E5C0001D96B461B7DDBB20793EB88A8880A938C
:107E6C006B461B7C79B25BB203932B7C039A029317
:107E7C000691FFF7CAFF029B039A099006990A988C
:107E8C00FFF7B4FF0B9B0200002B18D0A97B23003B
:107E9C0092331970029B200000930999079B00F004
:107EAC00CAF9059AF319DBB296420DD3089A00274A
:107EBC009B1ADEB2049B0133DBB20493BEE76B7BEF
:107ECC00002BEED1E97BE2E760342372039B6372F3
:107EDC000DB0F0BDF0B5040089B00700FFF75FFFEF
:107EEC0023006B331B7860375BB2029323007A3329
:107EFC0019783800FFF76FFF230006907B33197851
:107F0C003800FFF768FF23007C3319780500380030
:107F1C00FFF761FF0A230790FB560393002B59DDF3
:107F2C00029B06995D196D426BB205933E7CB88835
:107F3C003300059AFFF769FF049005003300059A9A
:107F4C000699B880F888FFF751FF2B00010002005A
:107F5C00F880032E0AD83000F8F7E0F8023F4A57B1
:107F6C00039B0298EB1808189BB280B200900499FE
:107F7C00200000F000FA00282CD02300002201255C
:107F8C0068331A802300763319783800FFF7EBFE3C
:107F9C0023007733060019783800FFF7E4FE0390CE
:107FAC00002231002000FFF73FFF200003992A0038
:107FBC00FFF73AFF29003800FFF7D5FE0028EFD174
:107FCC002300092260339A5602998A42DADB9B7BA2
:107FDC0092342370079809B0F0BD029B0398EE1AF7
:107FEC00081801350136ABB280B2B1B20491BDE7CD
:107FFC000122039B0298D61AAE19AD18121A8A18D0
:10800C000131ABB288B292B2EFE7039A029B8A1AA3
:10801C00ED1801320131ABB288B292B2A6E7F8B5D5
:10802C00846D0D001734FF2912D860290AD98830C5
:10803C000388E4186078002803D02378AB4205D17C
:10804C00A01CF8BD4029F5D98630F1E72418F1E7DA
:10805C008A3003880227E418260000213000FFF73D
:10806C0043FE390024183000FFF73EFE04368542EB
:10807C00F3D8607823780002184343BA9BB20028E7
:10808C00DFD09D4201D1E01CDBE7A378E418F0E7D8
:10809C00F8B51F0003007033040018780E001500AB
:1080AC00032808D8E36DF8F739F802171C202000D4
:1080BC0098472D18ADB223006433390020001E8080
:1080CC005D80FFF7ACFF01000020814203D020004F
:1080DC00FFF700FF80B2F8BD20009847361AB6B201
:1080EC00E9E7200098472D1AE4E720009847361856
:1080FC00F5E70000F7B506000C001500019300270A
:10810C0000F09CFA019B3000197873689847134A69
:10811C000300904220D0019A01320192104A904201
:10812C00F0D02A0021003000FFF7B2FF320070328D
:10813C0003001078032805D8F7F7F0FF02070A0CA4
:10814C00E418A4B2FF18BFB2DCE7ED18ADB2F9E742
:10815C00E41AF6E7ED1AF9E73800FEBDFFFF000060
:10816C00FEFF000010B5024C4460FFF7C3FF10BDCA
:10817C00B585000810B5024C4460FFF7BBFF10BD7D
:10818C00C9850008836D70B5002B1FD00300002239
:10819C0005000124010081339A568E352A701C5734
:1081AC008F310C700C331B78002B0FD0012B0ED1A0
:1081BC00030083331B781E1C5BB2934200DA161C3F
:1081CC0084232E70C3569C4200DD0B7070BD0300DF
:1081DC0080307E331B7800785BB240B21B189A4219
:1081EC0000DA2B708442F1DD0870EFE70300002207
:1081FC0010B58D331A70FFF7C5FF10BD014BC36569
:10820C007047C046057D0008836D10B504008B4295
:10821C0006D081657430FFF771FD2000FFF7B2FFC7
:10822C0010BD37B5C58F06AC2478521B009492B2A2
:10823C00C46AA04737BDF7B505008C352D7808AC5E
:10824C002478002D3ED0002B3CD0012B04D0022CE6
:10825C002FD10131C91A89B2012526002E402C429A
:10826C0031D104004C34248894422BD804004E3471
:10827C002488944226D90400CB1848342788658872
:10828C009CB28C421CD28D4219D96C1EA4B2A7424E
:10829C0018D23B1C8F4200D20B1C99B22B1CA5424E
:1082AC0000D9231C5B1A046B0096A4689BB2A047F0
:1082BC0008E0032CD0D10132D21A92B2CCE73900AB
:1082CC008D42E4D8F7BD0400483424888C42F9D898
:1082DC0004004A3424888C42F4D90400D3184C345A
:1082EC0025889BB202342488934211D294420ED931
:1082FC00631E9BB29D42E5D22F1C954200D2171CE7
:10830C00BAB2251C9C4200D91D1CAB1ACBE72A0023
:10831C009442EFD8D6E7030007B54C331B88934241
:10832C0013D803004E331B8893420ED903004833F5
:10833C001B888B4209D803004A331B888B4204D913
:10834C00002300930133FFF776FF07BD022900D904
:10835C00012192300170704710B504008A4206D298
:10836C000120A34202D893429B41584210BD834244
:10837C00F9D80020FAE770B50D00010004001E00CA
:10838C004E3104AB4C301B8809880088FFF7E4FFA2
:10839C00002808D0230048344A3319882A003300B7
:1083AC002088FFF7D9FF70BDF7B508AC150027780A
:1083BC00072425400195012506000093019B923668
:1083CC009D403378EDB20026012B03D82E00012BF3
:1083DC0000D10025A243944663460468426B247C7A
:1083EC005C43A4B264181419002F1FD092239C462E
:1083FC00072101278444227832436A402270019A73
:10840C00013213000B400193009B013B9BB2009384
:10841C000A4217D16346428FA4181A78012A19D838
:10842C003E00012A12D001252E000FE0009BE3181C
:10843C009BB2227832436A4022700134A2B29A4233
:10844C00F7D1F7BD76006D00F6B2EDB2009B002BB4
:10845C00D1D1F6E73D00F9E7030070B538331B784E
:10846C000168DA0082870A7CD20042870200393226
:10847C001578EA00C2874C7C5E19A64201DD641BAC
:10848C00A3B2841CDB00E287D218031DDA878A8A28
:10849C00831DDA87CB8A0830C38770BD10B5FFF710
:1084AC00DBFF10BD13B504AC24780094FFF7B9FEC4
:1084BC0013BDF0B5060005000700040085B056306A
:1084CC0052365435503733882A88398803900088BF
:1084DC0000902000FFF74FFF23008C33002802D1BF
:1084EC00187005B0F0BD01221A70230048333A8889
:1084FC001988914200D21A8023004A333288198895
:10850C00914200D91A8023004C332A881988914251
:10851C0000D21A80039B4E341B8822889A42E0D9E1
:10852C002380DEE70300002210B548331A80821D39
:10853C00D28F5A80036CC364FFF7BBFF10BD0000E1
:10854C00034B10B503654365036B5B68984710BD1F
:10855C000000FFFF70B50400E362230000253833F0
:10856C006163A5651A7002225D7035331D7024336A
:10857C001D700498FF3201331A80036820632000B9
:10858C0098472000FFF7DCFF20007034FFF736FE21
:10859C00257070BD10B504000B6801639847236B00
:1085AC0020005B68984710BD081E02D00A2900D035
:1085BC0070470148FCE7C046FFFF0000020010B501
:1085CC00002934D00A2932D0C41DE37F002B21D1DD
:1085DC00FB2906D901330B400521E177138415489B
:1085EC0010BDF72903D903230B400421F5E7EF292C
:1085FC0003D907230B400321EFE7DF2903D90F230E
:10860C000B400221E9E70800BF29E9D91F230B40E1
:10861C000121E2E7013BDBB2E3773F24008C2140F0
:10862C008001084380B21084002BD9D0D7E70248D0
:10863C00D6E7C046FEFF0000FFFF00000023073016
:10864C00C377704710B50A00002320210469A047A6
:10865C0010BD10B513000A0004691721A04710BD06
:10866C0007B56B46DA1D11700121FFF7F2FF0EBD45
:10867C0010B50A0000231521C468A04710BD10B521
:10868C000A0000231621C468A04710BD10B51300C2
:10869C000A00C4681721A04710BD002310B51A00AA
:1086AC001821C468A04710BD002310B51A00192169
:1086BC00C468A04710BD73B505000C0021781929BA
:1086CC000DD8172917D80DD014290AD96B46627802
:1086DC002800DA71EE680023B0470234EEE7FE2979
:1086EC0010D073BD6B46DA1D63780121280013701E
:1086FC00FFF7CCFFF1E7002328001A00EE680134E5
:10870C00B047DBE76B46627829212800DA7100F06C
:10871C0003F9E2E7F7B501930B00143B04000D00DD
:10872C0016000020052B0ED81800F7F7F7FC1103E4
:10873C00030D111100212000FFF784FF31002000F0
:10874C00FFF78EFF0120FEBD01212000FFF77AFF0D
:10875C003200290020002769019BB847F3E700008D
:10876C00F8B5040015001F00092904D1324900F0A6
:10877C006FF80120F8BD0A2906D100F06EF82F49D8
:10878C002000FFF798FFF4E70B390800042950D8B4
:10879C00F7F7C4FC034F081A29002949002AEFD027
:1087AC002849EDE7E61C002A07D120002649FFF7EF
:1087BC0082FF23689B7CF377DBE720002349FFF7DC
:1087CC007AFF2368DB7CF6E72000FFF766FF812148
:1087DC002000FFF74DFF29002000FFF750FF20007D
:1087EC00FFF762FFC5E72000FFF757FF10217E79E6
:1087FC00E31CDB7FF600F618F6B2330919432000B0
:10880C00FFF736FF0F2120003140FFF731FFB02377
:10881C00B97920001943FFF72BFF3979013DC900C5
:10882C0020003A68C9B2EDB2FFF730FF002DF4D149
:10883C00D5E700209EE7C046E0CB000810CC00082E
:10884C000BCC000806CC0008FFCB0008F8CB0008C6
:10885C0001608B7C0330C3777047002370B51A001E
:10886C00282145690400A8470023E5681A00142153
:10887C002000A847200001224B2100F04DF823686E
:10888C0020001A79292100F047F8200000224B2102
:10889C0000F042F8236820001A79292100F03CF8F6
:1088AC00200001224B2100F037F8236829212000F9
:1088BC005A7900F031F870BD13B56C462371049BE6
:1088CC006171A271009301226B460F218468A0474D
:1088DC0016BD002310B51A0009218468A04710BDED
:1088EC00002310B51A000A218468A04710BD10B5EA
:1088FC000A0000230B218468A04710BD10B50A00A4
:10890C0000230E218468A04710BD002310B51A0067
:10891C0010218468A04710BD10B500234469A047FE
:10892C0010BD0020704700000023084A03608260DD
:10893C00C26002614261021DD377C21DD37783618D
:10894C00421DFF332830D377037070472F890008FE
:10895C00F8B504000F0016001D00FFF7E5FF069B9D
:10896C00A760E660256120006361FFF7B2FFF8BDE8
:10897C0010B5FA24A40002F045F800F08BF92000A1
:10898C00F8F794FC02F0D4F82000F8F78FFC02F012
:10899C004BF90348FFF724F900F0DAFB10BDC04691
:1089AC004405002070B504000D00F8F779FC22682E
:1089BC000300821A0020AA4201D92360013070BD45
:1089CC0010B50348FDF7A0FB0248FDF79DFB10BD59
:1089DC00E4040020DC04002070B5012600F02AFB22
:1089EC00FFF7EEFF0C4C0D4D20682E70F8F794F845
:1089FC002000FEF7EBFEF8F721F931002000FEF71E
:108A0C00A9FE002320002B70FEF712FF2068F8F758
:108A1C000BF8F8F713F970BDD80800203C050020BE
:108A2C00F0B505008BB0002800D17DE00122016873
:108A3C000B6893430B6011230693002308933B4B65
:108A4C000792984258D1A02480278023E4057F0107
:108A5C001B010193019B200005A90593F9F7E2FB8B
:108A6C006B469B880122190020000093F9F704FD46
:108A7C00200005A90597F9F7D5FBBBB21900012217
:108A8C0020000393F9F7F8FC652302932000039967
:108A9C00F9F7ECFC0600012833D1122306930023CE
:108AAC000893019B079005A920000593F9F7BAFBE1
:108ABC0005A91F480597F9F7B5FB3200200000996E
:108ACC00F9F7DAFC320003992000F9F7D5FC802382
:108ADC002A681B0211680B431360C0462A681549AB
:108AEC0013680B401360C0462B6828001A681643A5
:108AFC001E60F9F7B9FE17E0802380270C4C5B0051
:108B0C00A7E7002220000099F9F7B6FCC046C04642
:108B1C00C046C046012220000099F9F7ADFC029B2B
:108B2C00013B0293002BB1D10BB0F0BD74010020BE
:108B3C0000040050FF7FFFFF10B5064C2000F9F732
:108B4C00ABF80028F9D1102220000349F8F77CFF7C
:108B5C0010BDC046100100205C070020102300202F
:108B6C00054A1188013BDBB240180232002BF8D1C8
:108B7C00000980B27047C0465C07002010B502485F
:108B8C00F9F74CF810BDC04610010020704710B525
:108B9C000400182102F0DEFD200010BD70B50C4D54
:108BAC0004002B78062B02D0037C002B05D1A17B73
:108BBC00002902D02000FDF7B5FC2B780A2B02D03F
:108BCC00A37B002B03D12000E17BFDF7ABFC70BD38
:108BDC00EC04002070B50C4D04002B78032B02D054
:108BEC00037C002B05D1A17B002902D02000FDF7CE
:108BFC00D1FC2B78052B02D0A37B002B03D12000BA
:108C0C00E17BFDF7C7FC70BDEC040020074B07B5FA
:108C1C005B6864221888FF23009300231900FDF77A
:108C2C006DF9C1B20248FFF769FE07BD9C07002031
:108C3C004405002070B5134D280002F08FFD124C36
:108C4C00002805D0F8F72CFB2060280002F093FDDB
:108C5C0032212000FFF7A6FE0028ECD00B4C2000A0
:108C6C00FFF79CFFFFF7D2FF094D2800FEF7C5FF69
:108C7C0063681A88A3899A42DDD128000121FFF785
:108C8C0036FE70BD94070020980700209C0700203A
:108C9C004405002070B5134D00212800FFF727FE76
:108CAC00114E300002F05AFD104C002805D0F8F798
:108CBC00F7FA2060300002F05EFD32212000FFF751
:108CCC0071FE0028ECD00A4C2000FFF783FFFFF761
:108CDC009DFF2800FEF791FF63681A8863899A420A
:108CEC00DED170BD440500208C07002090070020C9
:108CFC009C070020002210B5044B1A80044A054B37
:108D0C00528D5A81FFF782FF10BDC046B407002078
:108D1C00040900209C07002010B5044B044A5B8D0D
:108D2C00538152681380FFF771FF10BD04090020B6
:108D3C009C070020F8B52F4D04002B78002B0AD08F
:108D4C002D4B5A6859891288914202D09B899342C3
:108D5C0001D100232B7000F0D1F900282CD0274F23
:108D6C00380002F0FBFC264E002805D0F8F798FAE4
:108D7C003060380002F0FFFC30003221FFF712FEA9
:108D8C001D4E002804D03000FFF708FFFFF73EFF10
:108D9C0073681C481E88002E27D10121FFF7A7FD00
:108DAC00A020012332004021C0052B70F9F764FB91
:108DBC00002C00D0A047F8BD134D280002F0CEFCCB
:108DCC00124C002805D0F8F76BFA2060280002F04E
:108DDC00D2FC32212000FFF7E5FD0028EBD006483D
:108DEC00FFF7F8FEFFF712FF06480021FFF77FFDA3
:108DFC00E1E7C046100000209C07002084070020FB
:108E0C0088070020440500207C07002080070020F4
:108E1C00074B084A1A60084A5A6003221A726132D8
:108E2C005A81064ADA6000221A741A757047C046D5
:108E3C009C07002050CC0008B4070020000005055A
:108E4C001FB580242143FA24A4000193009201232E
:108E5C000A0002943221F9F743FF002004B010BD40
:108E6C001FB580242143FA24A4000193009201230E
:108E7C000A0002943221F9F781FE002004B010BDE3
:108E8C0007B5074B6422988D7F23009300231900AC
:108E9C00FDF734F8C1B20348FDF76EFA07BDC046C2
:108EAC0004090020B807002030B5274C85B00121FB
:108EBC002000FDF791FA01212000FDF713FA02A919
:108ECC002000FDF7A8FA6B461A7A402313436A4632
:108EDC0002A920001372FDF797FA03A92000FDF7F1
:108EEC00A8FA6B4602256A461B7B03A92B4320007C
:108EFC001373FDF797FA00212000FDF70DFAFFF729
:108F0C00BFFF00212000FDF74FFA0F21200069441C
:108F1C00FDF71DFA01A92000FDF727FA6B461A7917
:108F2C0055231A402B3B13436A4601A920001371A9
:108F3C00FDF714FA29002000FDF77CF9032120002D
:108F4C00FDF7B7F905B030BDB8070020054B064A50
:108F5C0010B51A60054A5A60054A9A60FFF7A4FFDB
:108F6C0010BDC046B80700206D8E00084D8E00085D
:108F7C0074010020F0B5A027032487B000F04EF94F
:108F8C000C22002103A802F08CFDFF05224B3800B7
:108F9C0001A9002501930294F9F744F911230294D5
:108FAC001E4C01A9200001930395F9F73BF9C0234E
:108FBC00022638005B0101A9019302950396F9F78B
:108FCC0031F9C02320005B0001A90193029503969F
:108FDC00F9F728F920230193842301A99B0320008E
:108FEC00013502930395F9F71DF90D48F8F7C0FD0B
:108FFC000C48F9F78FFC0C48F9F78CFC0B48FAF786
:10900C00E1FD0B48FBF75CFE80202900C001FAF75C
:10901C0003F807B0F0BDC0463281000000040050D8
:10902C0010010020C0010020740100200C0200205F
:10903C0020040020A02010B501224021C005F9F722
:10904C001BFA10BD10B5F7F79BFDF7F7EBFBF8F724
:10905C0031F8F7F7C1FBF7F701FEF7F7B7FCF7F7B5
:10906C0087FCF7F7FBFAF7F7ABFFFFF7A9FCFFF765
:10907C00E1FFC820F8F71AF900F0D0FB10BD000092
:10908C0070B505001A482900FFF78CFC194C002814
:10909C0026D102211848F9F7E9F900281AD12268DB
:1090AC0063686420002112184B412260636063687E
:1090BC00002B03DC12D12368AB420FD9FFF7BAFDAA
:1090CC00A0200022C0054021F9F7D6F9FFF752FF86
:1090DC00012004E00022002322606360002070BDA8
:1090EC00A02001224021C005F9F7C6F9DFE7C046F0
:1090FC00D0070020C80700200004005070B5104BAA
:10910C00104D1B789B0701D4002070BD0E4C0F4EE8
:10911C00236832681343F7D0F8F7C2F82368FA24AF
:10912C00C01AEB8DA40063439842EDD9F8F7B8F858
:10913C003368C01AEB8D5C43844280414042E4E7C3
:10914C003409002004090020C4070020D8040020A2
:10915C0010B5F8F7A5F8064C064BE28D801A18608E
:10916C00F8F79EF8E28D044B801A186010BDC046CB
:10917C0004090020D8040020C407002010B5F8F71B
:10918C008FF8064B002118600020054B18605960C1
:10919C00FFF750FFFFF7DCFF10BDC046D0070020E3
:1091AC00C8070020FA2010B5C000FFF769FF00289F
:1091BC0002D10248FFF7BEFD10BDC046818F0008EA
:1091CC0010B540210348F9F751F943425841C0B258
:1091DC0010BDC0460008005070B5FFF7F1FF0E4DF2
:1091EC00041E13D07F22FF212878FEF7F9F8C3B2B2
:1091FC00020A000CC1B2D2B20020FDF7DFFF2C78BE
:10920C000134E4B22C70FEF709F870BD03000200C3
:10921C000100FDF7D3FFF5E7D5070020002310B5BB
:10922C001A0019001800FDF7C9FF0022024B1A7032
:10923C00FDF7F4FF10BDC046D5070020004870476D
:10924C00D6070020014B58797047C046D60700203E
:10925C00084B10B51B78002B0BD1074C2000FDF7E9
:10926C008DFD011E05D12000FDF7B9FE2000FDF794
:10927C00C0FE10BDD4070020DC07002030B589B03B
:10928C0000F012F9184C002815D000F013F9FA254B
:10929C000188ED004919857A037982780295057A5F
:1092AC0089B201958079009006A8FDF71BFF20007C
:1092BC0006A9FDF7B7FD0625210006A8FDF7F7FD69
:1092CC000A4C2A0006A9200002F07AFC1E230C226C
:1092DC000721009505A8FDF75FFF210005AA06A848
:1092EC00FDF74AFF09B030BDDC070020D60700208F
:1092FC0070B5C28803000020172A35D81A893B2A7A
:10930C0032D85A893B2A2FD81A88632A2CD89978B4
:10931C004C1E0B2C28D89C88013CE4B20B2927D876
:10932C000123A5258B402D012B4219D102291FD1D8
:10933C00FA23DB00D21895B2920706D164212800DB
:10934C00F6F786FF89B2002907D1C8212800490009
:10935C00F6F77EFF89B2002907D100201C2300E01C
:10936C001D23A3424041C0B270BD00201B23F8E76F
:10937C0000201E23F5E70000054B064A10B51A60C5
:10938C00A222054805499A80FDF75CFE10BDC04637
:10939C00DC070020E4040020D607002080436D3851
:1093AC005822074B10B51A70DE22064B92001A8019
:1093BC000022054B05481A70FCF782FD10BDC04613
:1093CC00E5070020E6070020E4070020E80700205E
:1093DC0070B5094D2800FCF733FD041E09D0280098
:1093EC00FCF7A2FC054B18802800FCF79FFC044BF3
:1093FC001870044B1C7070BDE8070020E6070020B5
:10940C00E5070020E4070020014B18787047C046A0
:10941C00E4070020014B0020185E7047E60700208F
:10942C00014B18787047C046E507002010B502497B
:10943C000248FCF73EFC10BDE4040020E8070020C5
:10944C000FB413B5094C04AB04CB4021200001939D
:10945C0002F008FBFA2382B221009B000448FCF7BF
:10946C0071FA13BC08BC04B01847C046450800206C
:10947C002004002070B503000A00022400290AD041
:10948C00074801210578ECB2002D06D101701900B6
:10949C000448FBF735FC200070BD0C00FBE7C04610
:1094AC000308002020040020014B18787047C046A8
:1094BC00D408002000487047C8080020002210B5CE
:1094CC00034B04491A7004480132FCF7B3FB10BD7E
:1094DC00D4080020C508002020040020F8B5164D43
:1094EC0000210C22280002F0DCFA00230A261900C5
:1094FC00124CE75C303F092F13D901310133112B8A
:10950C00F7D15B1A2800DCB2FFF7F2FE00280ED070
:10951C000C2C0CD10A48FFF793FF0122094B1A704F
:10952C00F8BD48002A5A7243D2192A52E6E72100A4
:10953C000548FFF785FFF3E7C80800200508002061
:10954C0058CC0008D40800206ACC00080022F8B5DA
:10955C001B4B1C4D1A702B781B4C934214D00123BF
:10956C002B702378DEB2002B19D1184F18483A789B
:10957C001849D2B202F024FB3B78DBB22370164BB5
:10958C003E701E702E700AE0134B1B78002B06D019
:10959C00F7F786FE114B1B68C01A0228DFD8237818
:1095AC00002B0CD00E4B1B78DDB2002B07D1FFF734
:1095BC0095FF21780648C9B2FFF75CFF2570F8BD0E
:1095CC00D408002002080020040800200008002015
:1095DC00050800208508002001080020FC07002059
:1095EC00030800200022014B1A707047030800206A
:1095FC00114B026870B59A421CD1104D104C2B784F
:10960C00002B12D101260F4B1E70F7F749FE0E4BA3
:10961C0018600E4B207819788A19D2B21A701B7800
:10962C000B4A5054402B00D92E70012221000948BE
:10963C00FCF700FB70BDC04600440040020800204F
:10964C00C508002001080020FC07002000080020AD
:10965C00850800202004002010B50400A020402123
:10966C00C005F8F703FF01280BD1202C02D10A4BBF
:10967C00187010BD012CFCD1F7F712FE074B1860C7
:10968C00F7E7FFF7DFFC0122054B1A70202CF0D115
:10969C00014B1A70EDE7C046D5080020C407002026
:1096AC00D407002010B501220400054B00681A7085
:1096BC00F7F732FA2000FEF789F8F7F7BFFA10BD7A
:1096CC003C05002010B500220400054B1A70FEF773
:1096DC00AFF82068F7F7A8F9F7F7B0FA10BDC04655
:1096EC003C05002010B5074C2000FFF7DBFF3823AA
:1096FC000021054A2000FDF709FF2000FFF7E2FFDB
:10970C0010BDC046D808002004090020034B58881F
:10971C00013843425841C0B27047C046040900208A
:10972C0080210022064B4902596106491A80996131
:10973C0005491A629A84D961063231331A7070471E
:10974C000409002001001600010001000222012181
:10975C000E4B10B59A8006329A710D4A1620518024
:10976C009180598000211080D18011815181322249
:10977C005A85084A1038DA621A0030329960D9607A
:10978C0019611070D986FFF7CBFF10BD04090020BA
:10979C00F80800200A000A0070B50E4C2000FFF7F4
:1097AC0081FF3823002120000B4AFDF701FF050043
:1097BC002000FFF787FF002D03D0FFF7A7FF00283D
:1097CC0006D1FFF7C3FFFFF78DFF0020A080A0712B
:1097DC0070BDC046D808002004090020034B044A81
:1097EC001A60044A5A6064229A607047D8080020B4
:1097FC00C0010020000280A010B5FFF7E9FD064C67
:10980C002378002B07D0FFF7FFFD002803D000239F
:10981C00237000F0A9F810BDD508002070B5FFF733
:10982C00ADFCFFF7FBFCFFF7B7FF0400FEF76EF88B
:10983C00FFF760FA00F056F8FFF740FEFFF708FD5F
:10984C00FFF7AEFDFFF782FB124D2B78002B01D1F9
:10985C00002C01D1FFF78CF800230F4C2B70142235
:10986C0020000E490133FCF706FE01236422200080
:10987C000B49FCF700FE0123C82220000949FCF724
:10988C00FAFDFA220123200007499200FCF7F3FDB0
:10989C0070BDC0460F0000203C090020199B000839
:1098AC0089920008059800085995000810B5F7F73B
:1098BC00F7FC034B01001800FCF7FDFDF7E7C04671
:1098CC003C09002010B500210148FCF7B9FD10BD82
:1098DC003C09002010B50248FCF7B7FD10BDC0468E
:1098EC003C09002037B501240022174B1C70174B84
:1098FC001A70FFF7A7FC164B1870164B1C70F7F775
:10990C00CFFC154B1860FFF7F5F9144B1B7823426D
:10991C0003D1134B1B78002B15D001F049F8114CD7
:10992C00DE252000FEF769F9FFF7B4F9F7F7B8FC6C
:10993C00AD000190290001A8FFF734F80028F9D0F8
:10994C002000FEF74DF937BD6209002061090020A7
:10995C0060090020500900204C0900203409002027
:10996C000F00002044050020F0B5434A434D137806
:10997C0087B07F2B77D92B88A98A01339BB22B8098
:10998C008B4200D971E03E4C00212000FDF727FBF3
:10999C002000FDF72EFB04A800F0B2FC2000FDF720
:1099AC0028FB1822200004A9FDF7CEFA0121200083
:1099BC00FDF715FB0A24FFF72DFD604380B200F084
:1099CC0002FA0190FFF72CFD6423584380B200F09B
:1099DC00FAF90290FFF71EFD0600FFF721FD294B57
:1099EC00310001AF02001800FFF72AFD3B787A78AE
:1099FC00634303AE9B183370BB78FA7863439B18B0
:109A0C0073706B466A461B7A527A63439B18B37029
:109A1C006B469B7A1C4F5C436B46DB7AE418012344
:109A2C00F4701A4C3B702068F7F776F82000FDF7BD
:109A3C00CDFEF7F703F9298804230D313200890094
:109A4C002000FDF763FD2A00002102232000FDF712
:109A5C005DFD002320003B70FDF7EAFE2068F6F761
:109A6C00E3FFF7F7EBF807B0F0BD7F201378298000
:109A7C0003401370F7E7C0463509002004090020A5
:109A8C00DC07002075D900083C050020D808002010
:109A9C0073B505000A211948FEF784FF00282CD065
:109AAC00174C00212000FEF751FC164E164A337855
:109ABC0030215B019B180193102318220093200086
:109ACC00FEF71AF8307805210130F6F7ABFC2000D0
:109ADC0031700121FEF73AFC022300212000009393
:109AEC0017223E33FEF731F801212000FEF72EFC41
:109AFC00002D02D12000FEF780F873BD4C09002028
:109B0C0044050020610900208AD90008F0B58BB00B
:109B1C00FFF748FB9C4C9D4D2378002B06D09C4BAB
:109B2C002A781B789A4201D000232370FCF78CFA18
:109B3C0023782870974D002B05D10A2800D1FAE024
:109B4C000C2800D101E1FFF75FFC934B002806D1F4
:109B5C001A78002A03D12278002A00D189E0002249
:109B6C00012128001A70FEF7F1FBFFF753FC0500EA
:109B7C00FFF756FC2378002B00D0EFE0ADB203903A
:109B8C0028006421F6F764FB28008BB2642104934F
:109B9C00F6F7D8FA2C25162780B268437F4E7D4CF9
:109BAC008019022300220521019000972000FDF767
:109BBC0034FF0A210498F6F7C5FA80B2684380197D
:109BCC00022300221521019000972000FDF725FFAC
:109BDC0002231422242120000093FDF7B6FF6A4BC8
:109BEC0018780593FFF754FF04980A21F6F730FB19
:109BFC0089B2694389190223002220000191009740
:109C0C002821FDF70AFF664B002201930E23382111
:109C1C00200000930D3BFDF700FF059B1878FFF724
:109C2C0037FF0A210398F6F78DFA80B26843801942
:109C3C0002231A220521019000972000FDF7EDFE6A
:109C4C0003980A21F6F704FB89B24D43AD190223A0
:109C5C001A221521200001950097FDF7DEFE514BCD
:109C6C001A2201930A23252100932000093BFDF7BA
:109C7C00D4FE454B08AC1878FFF70AFFFFF7DEFA65
:109C8C0001002000FDF746FA474B484D1A786379DE
:109C9C00404C9A4267D0F7F703FB002628606E60B1
:109CAC0008AF414B7A79424920001A70FEF7ACFAA2
:109CBC002000FEF79BFA012120000796FEF746FBD9
:109CCC003C4DFA78290007A801F080FE07AB302242
:109CDC0025212000FEF746FA07A8F6F70DFA310009
:109CEC00020007A801F0DDFE29003A7907A801F06F
:109CFC006DFE07AB302235212000FEF733FA2E4DD6
:109D0C0020002978FEF722FB2A2232212000FEF7C0
:109D1C0002FB2E2232212000FEF7FDFA01232A78C5
:109D2C0053402B7001212000FEF710FB2000FDF7A3
:109D3C0064FF0BB0F0BD164B187000F073F82800E0
:109D4C00FDF74EFF01232370FDE6114B187000F058
:109D5C00D3FE00F0D9FEFCF7C7FFF0E75823DE2551
:109D6C000393AD000CE7F7F79BFA2A686B680600C3
:109D7C000027B61A9F41002F00D08CE7FA235B0016
:109D8C009E4200D387E7CDE749090020D304002089
:109D9C0048090020440500206209002042DA00082E
:109DAC002ADA000838DA0008600900205809002077
:109DBC001CC800085CDC00085009002010B50430F9
:109DCC00FEF7D8F910BDF7B5002405000A2700945A
:109DDC00032301261B1BDBB2002B1ED1B6B23100B4
:109DEC002800F6F7AFF96B46310018552800F6F746
:109DFC002FFA01348DB2042CEAD1009BFB341800ED
:109E0C00190A1A0C2140204009022240120408436E
:109E1C001B0E1B0610431843FEBD013B7E43DBB2F9
:109E2C00DAE70000F0B59DB03022002110A801F057
:109E3C0038FEF7F735FA0B90F7F732FA844B0C90A3
:109E4C001B7800270893FEF777FE01230493023B4F
:109E5C00059702970393FEF781FE790010AA8B5A9F
:109E6C00059C8852E31A1B181421781C0593F6F7ED
:109E7C00D9FA049B764CCFB2002B06D0089A2378E3
:109E8C009B1A5A425341DBB20493FCF7DDF8049B56
:109E9C002070002B09D10C2807D86E4B0122C3402F
:109EAC001340039A013B1A40039214210CA8FEF7AD
:109EBC0079FD002801D0FFF78FF9FA210BA8490092
:109ECC00FEF770FD0028C6D014210598F6F7C4F9EA
:109EDC00A52483B2A4005C435F4E60493000069316
:109EEC00230C1C000793FEF78FF93000FDF778FE6A
:109EFC005B4B042201930823110030000093053BB7
:109F0C00FDF78BFD574D1D222800574B0121FFF704
:109F1C0055FF300000265549FEF776F9544B2800C2
:109F2C002D225449FFF74AFF062231000EA80D9648
:109F3C0001F0B7FD64212000F6F78AF920008BB2FE
:109F4C0064210993F6F7FEF84B4982B2099B0DA8E0
:109F5C0001F03CFD0DAB0D2218212800FFF72EFF60
:109F6C000DA8F6F7C9F8310002000DA801F099FD13
:109F7C008C23079A5B001D009A4206D38833251C5C
:109F8C009C4201D33D4B1D88ADB22B006420193B84
:109F9C00FF3B58438721F6F75FF9394902000DA8BA
:109FAC0001F014FD2F4C0DAB1D2220212000FFF7DA
:109FBC0005FF0DA8F6F7A0F8002102000DA801F08E
:109FCC0070FD3049069A0DA801F000FD20002D22ED
:109FDC0019210DABFFF7F2FE0023A0228C212800E3
:109FEC000093FF3204334900FBF788FF0400C5B22D
:109FFC00FFF7E6F8002829D00298E1B20130C0B290
:10A00C000131F6F70FFACBB2ED1A0293EDB2124C06
:10A01C0000212000FEF79AF90422032308216B4348
:10A02C00200000920232FDF790FD01212000FEF786
:10A03C008DF92000FDF7E1FD039B013300D10AE708
:10A04C00FEF79CFDFFF7EAF81DB0F0BD0290DEE7CD
:10A05C00D30400204810000044050020A5CC0008C3
:10A06C000DDE00084005002026DC000823C3000894
:10A07C002DDC0008FFFF000031DC000842DC00088A
:10A08C003CDC0008A2DD000870B51E4C2000FDF77A
:10A09C00A7FD2000FDF7B1FD20001B49FEF7B4F829
:10A0AC001A4B1B4D1B6828005B690D229B68012114
:10A0BC005B68FFF783FE28001D220121154BFFF77B
:10A0CC007DFE2D222800144B0121FFF777FE200086
:10A0DC001249FEF799F8124D04232A881D211E20DF
:10A0EC00FCF7C4FA2B88AA8A2D21D21A92B2042327
:10A0FC001E20FCF7BBFA2000FDF77FFD0220FBF7CA
:10A10C00D1FF70BD44050020A5CC00084000002004
:10A11C004005002044DC00084BDC000823C3000889
:10A12C000409002030B50500FA200C000B798A7860
:10A13C000988C0000918A07A85B00290207A89B2EB
:10A14C000190A07900902800FCF7CCFF280005B006
:10A15C0030BD0000F8B5174B18780338072816D80F
:10A16C00F5F7DCFF16151604151515040026012746
:10A17C00114D2C8BB4202100C000F6F769F8230098
:10A18C00013CA4B2002913D1002E00D02B83F8BDC2
:10A19C0000260127084D2C8BB4202100C000F6F7B7
:10A1AC0057F823000134A4B20029EDD03E00F3E7A8
:10A1BC003E00DFE7D30400200409002070B5064DF3
:10A1CC002800FFF76FFAAC882800E401383CFFF751
:10A1DC0079FA200070BDC046D808002010B5FFF7F2
:10A1EC00EDFF0E4B40081B780D4C99075A07D20F08
:10A1FC00C90F89181A07D20F8918DA06D20F8918D5
:10A20C009A06D20F5B06DB0F8918C918F5F79AFF6F
:10A21C00A38A834200D9A08210BDC0463509002014
:10A22C000409002070B504000E00002186B00B223A
:10A23C0003A8029101F035FCA078637822782149BB
:10A24C00009002A801F0C2FB1F4D01212800FEF76F
:10A25C007DF82800FDF7C4FC2800FDF7CEFC280093
:10A26C001A49FDF7D1FF002E05D033000D22012134
:10A27C001748FFF7A3FD28001649FDF7C5FF144E3C
:10A28C0002AB1D2201213000FFF798FD02A8F5F763
:10A29C0033FF0021020002A801F003FC0020237907
:10A2AC00E2780D49009002A801F090FB2D220121CB
:10A2BC00300002ABFFF782FD2800FDF79EFC06B0D4
:10A2CC0070BDC04652DC000844050020A5CC000837
:10A2DC004005002023C3000861DC000807B50649CF
:10A2EC006846FFF71FFF68460449FFF79BFF0220F3
:10A2FC00FBF7D8FE07BDC0461E09002070DC000825
:10A30C0030B50E4985B00400FFF70CFF0C4D0D481D
:10A31C00298BF5F717FF2988414301A8FCF739FF72
:10A32C00210001AA02A8FCF727FF0622200002A99F
:10A33C0001F046FC200005B030BDC0461E090020CF
:10A34C00040900208051010013B50C4C00212000A1
:10A35C00FCF745FE2000FCF74CFE0022084B68463B
:10A36C001A70FFF7CDFF182269462000FCF7ECFDB0
:10A37C0001212000FCF733FE13BDC046DC07002092
:10A38C00D508002007B56846FFF7BAFF054B6846AD
:10A39C001B685B699B685968FFF744FF0220FBF759
:10A3AC0081FE07BD4000002010B586B002A81249FE
:10A3BC00FFF7B8FE114C1248218BF5F7C3FEA18AAA
:10A3CC00414301A8FCF7E5FE01AA02A904A8FCF789
:10A3DC00D3FE062204A902A801F0F2FB094B02A845
:10A3EC001B685B699B685968FFF71CFF0220FBF731
:10A3FC0059FE06B010BDC0461E09002004090020FD
:10A40C008051010040000020F0B587B004930CABE4
:10A41C00160004CB304C1B7803900F002000012158
:10A42C0001920593FDF792FF2C4B2000190002932B
:10A43C00FDF7EAFE2000FDF7D3FB2000FDF7DDFB66
:10A44C00039B274D002B43D0002E06D1254B1B68B8
:10A45C005B699B685B680D2211E033000D220121C2
:10A46C002800FFF7ABFC019B002B0CD0059B002BAD
:10A47C0003D120001C49FDF7C7FE1D22019B0121C1
:10A48C002800FFF79BFC20001749FDF7BDFE012FAC
:10A49C0016D120000299FDF7B7FE1148049B060067
:10A4AC001D011D35114BEDB22A0039001B68FFF759
:10A4BC0085FC0F4B2A00252130001B68FFF77EFC22
:10A4CC002000FDF79AFB3800FBF7ECFD07B0F0BD60
:10A4DC00084B1B68BFE7C04644050020A5CC00080C
:10A4EC00400500204000002023C300083C00002051
:10A4FC003800002034000020F0B56E4F01243B885A
:10A50C0093B0002B00D1CEE06B4B210000932000C8
:10A51C0023006A4A0194FFF777FF002800D1C0E0BE
:10A52C00F6F7BEFE664E09903000FDF759FB300081
:10A53C006449FDF769FE644D21000D222800634B30
:10A54C00FFF73CFC21001D222800614BFFF736FC75
:10A55C00210000245F4B2D222800FFF72FFC5E49C1
:10A56C003000FDF751FE5D48FEF76AFF5C490DA80F
:10A57C00FFF7D8FD5B48FFF795F83B889C4231D23A
:10A58C00210000230BAF0E313A000B9389000433EA
:10A59C005448FDF70DF8474B5348198BF5F7D2FD8E
:10A5AC0001000FAD61430CA8FCF7F3FD28000CAAC9
:10A5BC000DA9FCF7E1FDFA20FE782978AB786A78D2
:10A5CC000696BE78C00005967E78091804963F78EA
:10A5DC00464803976F7902972F790197ED7800958C
:10A5EC00FEF72EFF0A212000F5F732FE89B2314F1B
:10A5FC00002902D03B88A34221D1314D00212800F3
:10A60C00FDF7A4FE202300221A2128000093DB185A
:10A61C00FDF79BFA01212800FDF798FE0423220088
:10A62C000D211E20FCF722F83A881E20121B042351
:10A63C001D2192B2FCF71AF82800FDF7DEFA01345E
:10A64C003B88A4B2A34299D22648FFF73BF8F6F711
:10A65C0027FE1B4C099B1B49C51A2000FDF7D4FD96
:10A66C00234B2D2201211848FFF7A8FB20000024C2
:10A67C00FDF7C3FA0220FBF715FD0FAE06222100F1
:10A68C0010A80F9401F00DFA2A001A49300001F0BD
:10A69C009DF9012302211800174A01940096FFF737
:10A6AC00B3FE13B0F0BD0093022123002000134A27
:10A6BC000194F4E7040900208ADC00087DDC000822
:10A6CC0044050020A5CC0008400500209ADC0008B9
:10A6DC00A1DC0008A8DC000823C30008B5DC0008D6
:10A6EC001E090020D808002080510100D9DC000888
:10A6FC000FDD00081FDD000825DD000835DD000832
:10A70C0007B5012000220300010001900092FFF721
:10A71C007BFE002801D0FFF703F807BD73B50120BD
:10A72C00002503002A00010001900095FFF76CFE44
:10A73C00A84213D00A4E3000FEF7B4FF094C022396
:10A74C002200290030002580FCF7E0FE3000FEF7E7
:10A75C00B9FF7F22313423781340237073BDC04678
:10A76C00D8080020040900201FB5174C02A82100AE
:10A77C00FFF7D8FC154B02A81B685B699B685968EE
:10A78C00FFF750FD0220FBF78DFC2000FEF7B0FD1B
:10A79C0003000120002B0ED00D4B010000930D4A3D
:10A7AC0003000190FFF730FE002803D00A4802A9ED
:10A7BC00FCF738FB1FBD009302210300074A0190F0
:10A7CC00FFF722FEF6E7C046F80800204000002004
:10A7DC0055DD000845DD0008DC07002065DD0008BC
:10A7EC0007B5012300200221020001930090FFF71E
:10A7FC000BFE07BD10B5FFF7F3FF10BD704710B58A
:10A80C00FEF78AFA10BD10B5FEF73AFB10BD07B57E
:10A81C00012000220300010001900092FFF7F4FDDB
:10A82C00002803D0FEF792FFFEF75CFF07BD000087
:10A83C00F0B5002401258BB008AB1C7122002B0055
:10A84C0029002800019500940894FFF7DDFDA04233
:10A85C0000D181E049494A48FDF7D6FC0394012315
:10A86C005B420593FBF7F0FB464B18700C2806D89F
:10A87C00454B059AC3402B40013B1A400592434E71
:10A88C00300000F06BFF424C002805D0F6F708FDB5
:10A89C002060300000F06FFF20003E49FEF782F888
:10A8AC000028DFD0364C2000FDF79AF9039B012BD2
:10A8BC0054D0022B58D00023374A002620003700F2
:10A8CC0034000692354A9B009B5800210D22FDF75F
:10A8DC0049FC049671000A232A00069889B2F8F7FD
:10A8EC00B9FA079000281DD132002D4908A801F0B3
:10A8FC006DF8220108AB04991D322148FDF732FC9A
:10A90C000522079908A801F0CCF80134049B013703
:10A91C002C40FFB223432CD0002C03D1049B212BC1
:10A92C0000D104940136802ED4D1154C002F05D1C2
:10A93C001D22390020001B4BFDF714FC2000FDF7F5
:10A94C005CF9039803210130C0B2F5F76BFDCBB273
:10A95C000393059B002B82D10BB0F0BD1248FEF780
:10A96C00B1FE2B00114AA8E70F48FEF79BFE039B94
:10A97C00F8E71C0021230493D4E7C04623C3000846
:10A98C0044050020D3040020481000006409002076
:10A99C0068090020DC05000074010020280000205C
:10A9AC007EDD000875DD0008D8080020C0010020FD
:10A9BC0007B5054B112201930C230021009303488A
:10A9CC00043BFDF72AF807BD25DE000844050020EE
:10A9DC0007B5012000220300010001900092FFF74F
:10A9EC0013FD002808D0BFF34F8F044B044ADA60E4
:10A9FC00BFF34F8FC046FDE707BDC04600ED00E03A
:10AA0C000400FA05F0B500241C4D87B02800FDF7B2
:10AA1C00E7F801212800FDF799FC28001849FDF7FB
:10AA2C00F3FB26003219174B0132A100D2005B5800
:10AA3C002800002192B20134FDF794FB052C04D1BF
:10AA4C002800FDF7DAF807B0F0BD012CEAD1002799
:10AA5C001022390002A8019701F023F80A4A0B4989
:10AA6C00D37801A8927800F0B1FF102239002800A9
:10AA7C0001ABFDF777FB0136D4E7C0464405002057
:10AA8C001CC80008140000200409002085DD000803
:10AA9C0010B50A4C2000FDF7A3F8FFF789FF200042
:10AAAC00FDF7ABF80220FBF7FDFA002804D0FFF706
:10AABC00A9FF0220FBF7F6FA10BDC04644050020A2
:10AACC0013B50400FEF7BAFB01006846FCF722FB45
:10AADC006B461B7823806B465B7863806B469B7858
:10AAEC00A3806B46DB78E3806B461B7923816B4636
:10AAFC005B79638113BD000010B50248FFF7E0FFDE
:10AB0C0010BDC046F808002010B5064A064B127856
:10AB1C007F2A05D81B88002B02D10448FFF7D0FFF1
:10AB2C0010BDC04635090020040900201E09002074
:10AB3C00F0B50026254D85B02800FDF751F828000A
:10AB4C000121FDF703FC28002149FDF75DFB3100D5
:10AB5C000B2201A8009600F0A4FF1E4F6846BA888D
:10AB6C001D4900F033FF1D4C6B460D2201212000C6
:10AB7C00FFF724F96846F5F7BFFA31000200684682
:10AB8C0000F08FFFBA8868461549D20100F01EFF0D
:10AB9C006B461D2201212000FFF710F96846F5F7DE
:10ABAC00ABFA31000200684600F07BFFBA796846C8
:10ABBC000C4900F00BFF6B462D2201212000FFF702
:10ABCC00FDF82800FDF719F805B0F0BD440500208C
:10ABDC0023C30008D80800208FDD000840050020A2
:10ABEC0097DD00089FDD000837B501240022230003
:10ABFC002100200001940092FFF706FC00280FD0E2
:10AC0C00084D2800FEF74EFD21002800FCF7A2FDA0
:10AC1C002800FEF757FDFFF78BFF0220FBF742FAE7
:10AC2C0037BDC046D80800207047704710B50400E7
:10AC3C00282100F08FFD200010BD0000F0B585B07C
:10AC4C001D000AAB1F880BAB1B88160001930CABC5
:10AC5C001B78416002930DAB1B780E99039310ABDC
:10AC6C001A78114B04000360002383600361436175
:10AC7C0083610F9BC1600362431DDA77182000F0DB
:10AC8C007DFD0A4B46600360019B05728381029B2C
:10AC9C0047818373039BA060C37301230374037503
:10ACAC00200005B0F0BDC04688E0000850CC00087C
:10ACBC00F0B52825060000205543204B85B00C002C
:10ACCC000291039230607060B0604F199D4202D9BE
:10ACDC001B4800F070FD002D02D0280000F04EFD46
:10ACEC004319B3600300174A30600192A7420BD19D
:10ACFC002822154BED086B43DB00DB085343C018CF
:10AD0C007060300005B0F0BD6168019A5960A168AF
:10AD1C001A609960E168621DD9602169D27F19615E
:10AD2C0061695961A1699961217F1977216A283478
:10AD3C001962591DCA772833D8E7C046F8FFFF7F40
:10AD4C0085DE000888E00008CDCCCC0C70B5040082
:10AD5C0005684668AE4208D12068002803D0A16877
:10AD6C00091A00F0F7FC200070BD2B6828001B6846
:10AD7C0098472835EEE70000F0B50500E9B001284A
:10AD8C0068D0204C2068A04201D000F066FC1E4820
:10AD9C00FBF7ACFB1D48FFF7D9FF1D48FFF7D6FFAB
:10ADAC001C48FBF7A3FB1C48FBF7A0FB1B48FBF75D
:10ADBC009DFB1B48FBF79AFB1A48FBF797FB1A48BD
:10ADCC00FFF7C4FF1948FFF7C1FF1948FFF7BEFF93
:10ADDC001848FFF7BBFF1848FFF7B8FF1748FBF7F9
:10ADEC0085FB1748FFF7B2FF1648FBF77FFB1648A9
:10ADFC00FFF7ACFF1548FBF779FB1548FFF7A6FFEB
:10AE0C0000F029FC8C09002098090020BC090020C6
:10AE1C00C8090020D4090020F80900201C0A0020D1
:10AE2C00400A0020640A0020880A0020940A0020AE
:10AE3C00A00A0020AC0A0020B80A0020C40A002096
:10AE4C00E80A0020F40A0020180B0020240B002034
:10AE5C00480B0020F84B22AE2293F84B0024736071
:10AE6C00F74B04AA33627D239B18B460F460346101
:10AE7C007461B4610A27D8776323F24AF2490694C5
:10AE8C00059404940290019400930397613B2CA8C1
:10AE9C00FFF7D4FE0C23ED4AED4906940594049477
:10AEAC0002950195009303970A3B36A8FFF7C6FE5F
:10AEBC001F23E84AE84906940594049402950195E9
:10AECC00009303971D3B40A8FFF7B8FE1723E34AF6
:10AEDC00E349069405940494029501940093039716
:10AEEC00153B4AA8FFF7AAFE3B23DE4ADE4906942F
:10AEFC00059404940295019400930397393B54A84C
:10AF0C00FFF79CFE0622D94D310028001EAB20967F
:10AF1C002192FFF7CDFE5EAC283C236820001B6815
:10AF2C009847B442F8D1D24B290018000993FBF78B
:10AF3C0069FB9C2100250220CE4ABF4E239204AF10
:10AF4C00CD4A7F1822AB24952595269527952892D6
:10AF5C00229618772A953D700427C849329233AA55
:10AF6C002D912E952F95309531952C961770C44FA9
:10AF7C0035AB2100020034951F901D7038001CABBE
:10AF8C001E94FFF795FEA36A2CAA10001B68984725
:10AF9C00BC4B390018001F00FBF734FB9C21BA4B4B
:10AFAC002296636004AB5B18A560E5602761656160
:10AFBC00A56125621D700A23012703935933B34AF7
:10AFCC00B3490695059504950297019700932CA813
:10AFDC00613BFFF733FEAF4B022005930A2303932B
:10AFEC0087239B01AC4AAD490690049502970197C3
:10AFFC00009336A80423FFF721FEA94B02200593EA
:10B00C000A230393A74BA84AA849069004950297D4
:10B01C000197009340A80423FFF710FEA44B4C9516
:10B02C004B93099B4D954E9353AB4F955095529521
:10B03C004A961D709F4B569555939F4B57955C9315
:10B04C005DAB589559955A9554961F709B4B04AA15
:10B05C005F939B4B609566937823FF339B18072275
:10B06C0061956295639564955E965F75954F210029
:10B07C0038001AAB1C941D92FFF71AFE68AD283DE0
:10B08C002B6828001B689847A542F8D18E4D3900D3
:10B09C002800FBF7B7FA8D4B9C21229663600023A6
:10B0AC0004AA5218A360E3606361A3612362256163
:10B0BC001370874AA662E262864A2363A26435AAA9
:10B0CC006363A363E36323641370834A1C3962656F
:10B0DC00694A2665A2663DAAA365E3652366636695
:10B0EC0011707E4A7D3922673FAA11707C4AA6678F
:10B0FC00E2677C4A4293489249AA4393449345930E
:10B10C0046931370784A4A964B92784A4C935292D3
:10B11C0053AA4D934E934F9350931370744A549675
:10B12C005592744A56935793589359935A935C92E9
:10B13C005DAA1370062221006F4818AB1A941B925B
:10B14C00FFF7B6FD5EAE283E336830001B689847AB
:10B15C00A642F8D1002401250A276323674A3A49FD
:10B16C00069405940494019400933000613B03977A
:10B17C000295FFF763FD0C23614A3549069405944B
:10B18C000494009303970A3B029501952CA8FFF7B2
:10B19C0055FD1F235B4A3049069405940494009393
:10B1AC0003971D3B0295019536A8FFF747FD172322
:10B1BC00554A2B49069405940494019400930397E3
:10B1CC00153B029540A8FFF739FD3B234F4A264912
:10B1DC00069405940494019400930397393B0295CB
:10B1EC004AA8FFF72BFD3B23494A4A49069405948C
:10B1FC000494019400930397393B029554A8FFF7EC
:10B20C001DFD0D4B04AA5E93434B60945F93434B1F
:10B21C00619466937823FF339B180722629463949E
:10B22C00649431005D753E4816AB18961992FFF781
:10B23C003FFD68AC76E0C04688E00008B6DE00084A
:10B24C00E9A200081E090020BDDE0008200900202C
:10B25C00C1DE000822090020C5DE000824090020F8
:10B26C00C9DE000826090020CDDE0008480B0020AE
:10B27C00240B0020D1DE000835090020D8DE0008A0
:10B28C00180B0020F40A0020DFDE00081A09002049
:10B29C00ECDE000861A100081C090020F6DE0008A5
:10B2AC00E9A100080F2700001809002003DF00089F
:10B2BC0070DC00080DDF000891A300081ADF0008FD
:10B2CC00B5A30008E80A0020C40A002027DF000804
:10B2DC0034DF000895A0000841DF000855A30008E2
:10B2EC004EDF00080DA700085BDF000829A7000847
:10B2FC0068DF000805A50008B80A0020F80800203F
:10B30C00FA080020FC080020FE080020000900209C
:10B31C000209002075DF000879DF000875A7000816
:10B32C00AC0A0020283C236820001B68984722ABFD
:10B33C009C42F7D1CC480223012764250990049044
:10B34C000A200693C94BCA4ACA49059303900323A2
:10B35C000095200002970197FFF770FCC64A002564
:10B36C0022640A92BC22C54EC54B04A98918E3621B
:10B37C0025636563A563E563A6620F70C421022390
:10B38C0004AA5218A564157014AA21001793BD487D
:10B39C00130002221694FFF78BFCA36A2CA81B68DF
:10B3AC009847B94B03200593099B0690049364239B
:10B3BC000730B64AB649039000932000613B0297D0
:10B3CC000197FFF73BFC0A9AB24B2264BC22E36262
:10B3DC00022304A98A1825636563A563E563A66245
:10B3EC0013700B00C4215B18A5641D70AA4B0A20B6
:10B3FC000493E1239B00A94AA9490695059503905E
:10B40C00019500930297032336A8FFF717FC03203E
:10B41C00210015900322A34812AB1494FFF748FCAB
:10B42C0040AD283D2B6828001B689847A542F8D1F1
:10B43C009D4B9E4A7D21229663602262002301224D
:10B44C0004A80918A360E36023616361A361CA7750
:10B45C0097492363E16297496363A1640100C420A7
:10B46C000918A363E3632364A6620A709249A36577
:10B47C0061659249E36521673FA923666366A3660C
:10B48C0026650A708E49A667E1678E4942934891FA
:10B49C0049A943934493459346930B708A494C9323
:10B4AC004B918A494D93529153A94E934F9350937C
:10B4BC004A960A7056935793589359935A93844BC0
:10B4CC0084495C935DAB5591549621001A700532FA
:10B4DC00814810AB12941392FFF7EAFB5EAD283D46
:10B4EC002B6828001B689847A542F8D17B4F7C49F4
:10B4FC003800FBF787F87B4E7B493000FBF782F86E
:10B50C007A4B604918000993FBF77CF8784B654936
:10B51C0018000A93FBF776F8764B6F4918000B93DB
:10B52C00FBF770F8744B7D2223930023534C04A932
:10B53C00521824932593279328932A932294269781
:10B54C00D3776E4A2E932D9235AA2F933096319342
:10B55C00329334932C941370694A38933792099A26
:10B56C0039933A923FAA3B933C933E933694137093
:10B57C004094644A429341920A9A4393449249AA52
:10B58C0045934693489313705F4A4C934B920B9A96
:10B59C004D934E9253AA4F93509352934A941370D7
:10B5AC005A4A569355925A4A57935C925DAA5893AD
:10B5BC0059935A93549413700622109529005548A8
:10B5CC000EAB1192FFF774FB5EAE283E3368300071
:10B5DC001B689847AE42F8D14F4B7D212294002531
:10B5EC00736001234D4A04A809183262B560F560F6
:10B5FC0035617561B561CB77B46202244849B26498
:10B60C0035AAF162356331007563B563F563356452
:10B61C004448137022000DAB0E960F94FFF748FBB5
:10B62C00B36A2CA81B6898473A493F48FAF7EAFFD7
:10B63C003E4B3F4A1B609D605B603E4B1A603E4A2E
:10B64C001C725A6020225A8180225203DA601D74C7
:10B65C001D753A4B1C7069B0F0BD05680C2100F0EB
:10B66C0079F82800FFF78FFB40DC00080BA80008D6
:10B67C002E09002086DF00083409002088E000082D
:10B68C0093DF0008A00A002013A80008300900204E
:10B69C00A0DF0008ADDF0008C7DF0008320900207A
:10B6AC00BADF0008940A0020C9DF00083DA8000892
:10B6BC00D6DF0008F5AB0008E3DF0008319E000878
:10B6CC00EADF000801A80008F7DF0008DDA9000880
:10B6DC001BA80008FEDF0008880A0020640A00206E
:10B6EC00B80A0020400A0020AC0A00201C0A0020E6
:10B6FC00F8090020D40900200BE0000818E000082D
:10B70C0025E0000832E000083FE000084CE00008AB
:10B71C009DAA0008C809002059E0000809A80008E3
:10B72C006FE00008BC090020980900208C0900205B
:10B73C0050CC000870090020880900206D090020F9
:10B74C0010B50120FFF718FB10BD10B50020FFF756
:10B75C0013FB10BD10B500F031F810BD01230268C9
:10B76C001A4206D14278002A00D0FFDE437018003E
:10B77C0070470020FCE701230360704710B5041EDE
:10B78C0000D10134200000F02BF8002800D010BDAF
:10B79C0000F018F8002801D100F01AF88047F1E702
:10B7AC004B680160436018604860704703684268EA
:10B7BC0013605A60704710B500F00AF810B500F02D
:10B7CC0019F810BD014B18687047C046540B002087
:10B7DC00062010B500F096F90120F5F76BFB000080
:10B7EC0010B5034B0100186800F030F810BDC046CE
:10B7FC004400002010B5034B0100186800F0EAF972
:10B80C0010BDC0464400002070B50F4E0D003168CD
:10B81C000400002902D100F095F9306029002000C5
:10B82C0000F090F9431C03D101256D42280070BD36
:10B83C000323C51C9D43A842F8D0291A200000F010
:10B84C0081F90130F2D1EFE7580B0020F7B5032254
:10B85C00CB1C9343083305001F000C2B34D20C2750
:10B86C00B94233D8280000F071F8374E33681C0009
:10B87C00002C2FD139002800FFF7C6FF0400431C11
:10B88C005FD134680094009B002B4AD1002C52D01D
:10B89C0023682800E3180099019300F053F9019BE9
:10B8AC00834248D123682800FF1A3900FFF7ACFF08
:10B8BC00013040D02368DB19236033685A68002AB2
:10B8CC0033D1009B336019E0002BC9DA0C232B60B9
:10B8DC000020FEBD2168C91B20D40B290AD9E2190E
:10B8EC002760A34204D1326063681160536005E0A5
:10B8FC005A60F9E76268A3420ED13260280000F06A
:10B90C002DF8200007220B30231D9043C21A9842B9
:10B91C00DFD01B1AA350DCE75A60EFE72300646802
:10B92C00A6E7009C63680093ADE71A005B68A3422E
:10B93C00FBD10023DAE70C2328002B6000F00EF873
:10B94C00C6E70760DAE7C0465C0B002010B502487A
:10B95C0000F034F910BDC0469C0C002010B5024814
:10B96C0000F02DF910BDC0469C0C0020F7B5060068
:10B97C000C001500002905D11100FFF767FF04002A
:10B98C002000FEBD002A03D100F024F90024F7E7C3
:10B99C0000F06AF90700854202D84308AB42EFD3A6
:10B9AC0029003000FFF752FF01900028EED02A004A
:10B9BC00BD4200D93A002100019800F001F92100A4
:10B9CC00300000F007F9019CDAE700000EB400B576
:10B9DC000B499CB01DAB029006900791049109484D
:10B9EC00094904CB0591006802A9019300F0A4F960
:10B9FC000022029B1A701CB008BC03B01847C0464A
:10BA0C00FFFFFF7F440000200802FFFF30B5140049
:10BA1C0005001A009BB0002C05DA8B230360012073
:10BA2C0040421BB030BD822368469B0083810023BB
:10BA3C00009104919C4200D0631E02930593012354
:10BA4C0069465B42CB8128001E9B00F075F9431CB4
:10BA5C0001DA8B232B60002CE3D00022009B1A70A0
:10BA6C00DFE7000013B5044C009313000A0001003B
:10BA7C002068FFF7CBFF16BD4400002010B58842AC
:10BA8C0006D800239A4208D0CC5CC4540133F9E7A1
:10BA9C008B189842F5D2013A00D210BD8B5C8354BE
:10BAAC00F9E703008218934200D1704719700133F3
:10BABC00F9E770B504000D001F2904D916230360A3
:10BACC000120404270BDC36B002B04D08A009B1830
:10BADC001A68002A08D1200000F030F82A00010072
:10BAEC00200000F019F8EDE7012A09D0511C03D110
:10BAFC00162303600120E5E7002128001960904718
:10BB0C000020DFE710B5034B01001868FFF7D1FFE9
:10BB1C0010BDC04644000020002370B5064D040043
:10BB2C00080011002B60F5F7BDF9431C03D12B68FD
:10BB3C00002B00D0236070BD980C002010B5F5F7D9
:10BB4C00AFF910BD002370B5064D040008002B6042
:10BB5C00F5F7B6F9431C03D12B68002B00D02360FA
:10BB6C0070BDC046980C0020014B18687047C04649
:10BB7C004400002070B500260C4C0D4D641BA41025
:10BB8C00A64209D1002600F05FFB0A4C0A4D641B4B
:10BB9C00A410A64205D170BDB300EB5898470136EE
:10BBAC00EEE7B300EB5898470136F2E7CCE000081B
:10BBBC00CCE00008F0E00008CCE0000870477047CB
:10BBCC00002310B59A4200D110BDCC5CC454013393
:10BBDC00F8E7000070B505000C1E10D0043C23687B
:10BBEC00002B00DAE4182800FFF7B0FE1D4A13689A
:10BBFC00002B05D1636014602800FFF7AFFE70BD09
:10BC0C00A34208D9206821188B42F3D119685B68CC
:10BC1C0009182160EEE71A005B68002B01D0A342E3
:10BC2C00F9D911685018A0420BD120680918501886
:10BC3C0011608342E0D118685B6841181160536051
:10BC4C00DAE7A04202D90C232B60D5E72068211833
:10BC5C008B4203D119685B680918216063605460DA
:10BC6C00CAE7C0465C0B00200B1F1B68181F002B7B
:10BC7C0001DA0B58C0187047F0B58E6885B01F00FC
:10BC8C000C000B6802900392BE4230D80C21625E0D
:10BC9C009021C9000A4228D0032021695B1A019324
:10BCAC00636943430198DD0FED187B1C1B186D1065
:10BCBC00AB4200D91D00520528D529000298FFF788
:10BCCC00C5FD061E2CD0019A2169FFF779FFA289C8
:10BCDC00184B1A4080231343A381019B2661F6184D
:10BCEC0026603E006561ED1AA560BE4200D93E009B
:10BCFC00320003992068FFF7C1FE0020A3689B1B4C
:10BD0C00A36023689B19236005B0F0BD2A0002983C
:10BD1C00FFF72CFE061EE0D121690298FFF75AFFAF
:10BD2C000C230120029A40421360A289343313433E
:10BD3C00A381E9E77FFBFFFFF0B5A1B003901D00E5
:10BD4C008B890F0016001B0611D50B69002B0ED129
:10BD5C004021FFF77BFD38603861002805D10C23AA
:10BD6C00039A136001204042CFE040237B61002303
:10BD7C0008AC6361203363761033A37607953500E6
:10BD8C002B78002B01D0252B48D1AB1B0593B5424A
:10BD9C000BD0320039000398FFF76EFF013000D151
:10BDAC00AEE06369059A9B1863612B78002B00D178
:10BDBC00A6E0012200235242626004A954325218B8
:10BDCC006E1C2360E360A3601370A365544B0522C3
:10BDDC0018003178059300F02BFA751C00281FD140
:10BDEC002268D30604D5532304A95B1820211970AB
:10BDFC00130704D5532304A95B182B21197033782E
:10BE0C002A2B16D0350000210A20E3682A786E1CF4
:10BE1C00303A092A50D9002911D117E00135AFE782
:10BE2C00059B2268C01A0123834013432E00236014
:10BE3C00CCE7079B191D1B680791002B01DB0B93AB
:10BE4C0004E05B42E3600223134323602B782E2B28
:10BE5C000CD16B782A2B34D1079B02351A1D1B6829
:10BE6C000792002B01DA01235B4209932D4E03222A
:10BE7C003000297800F0DCF9002806D04023801B24
:10BE8C008340226801351343236029780622264813
:10BE9C006E1C217600F0CCF9002838D0234B002BF7
:10BEAC0022D10722079B0733934308330793636917
:10BEBC00049A9B18636162E74343350001219B1888
:10BECC00A4E700230A201900013563602A786E1C50
:10BEDC00303A092A03D9002BC8D00991C6E741434F
:10BEEC00350001238918F1E707AA009221003A00D6
:10BEFC000F4B039800E000BF0490049B0133D6D194
:10BF0C00BB890D985B0600D52CE721B0F0BD07AAC4
:10BF1C00009221003A00064B039800F07BF8EBE707
:10BF2C0090E0000896E000089AE00008000000008D
:10BF3C0085BC0008F7B5160001938A680B690C00E4
:10BF4C000090934200DA13002200336043321278DF
:10BF5C00002A01D00133336023689B0602D5336875
:10BF6C00023333602268062315001D401A4227D085
:10BF7C00230043331B785A1E93412268920630D417
:10BF8C00220001990098089D4332A847013025D022
:10BF9C000622236800251340042B05D13368E5687D
:10BFAC00ED1AEB43DB171D40A3682269934201DDB8
:10BFBC009B1AED180026B54220D1002010E0013567
:10BFCC00E36832689B1AAB42D2DD2200012301994F
:10BFDC000098089F1932B8470130F0D10120404237
:10BFEC00FEBD3020E1184331087021005A1C453148
:10BFFC000978A218433202331170C1E722000123E1
:10C00C0001990098089F1A32B8470130E6D00136E2
:10C01C00D1E70000F0B58BB006920A0043320793CB
:10C02C00059003920A7E0C00109B782A09D8622A8C
:10C03C000BD8002A00D1BCE07B490491582A00D1CE
:10C04C0090E0250042352A7022E010006338152854
:10C05C00F7D8F4F76DF816001F00F6FFF6FFF6FFA1
:10C06C00F6FF1F00F6FFF6FFF6FFF6FFA100360005
:10C07C008000F6FFF6FFB200F6FF3600F6FFF6FF83
:10C08C00840025001A684235111D196013682B7045
:10C09C000123A0E018680968021D0D060BD506687F
:10C0AC001A60002E03DA2D23039A764213705E4B2E
:10C0BC000A27049318E006681A604906F1D536B2CF
:10C0CC00EFE70868196840C9050602D4400600D598
:10C0DC00B6B21960544B0A2704936F2A00D1023F61
:10C0EC002300002243331A706368A360002B03DB28
:10C0FC00042122688A432260002E02D1039D002B6A
:10C10C000CD0039D30003900F4F7A2F8049B013DDC
:10C11C005B5C2B70330006009F42F3D9082F09D1CA
:10C12C002368DB0706D5626823699A4202DC302358
:10C13C00013D2B70039B5B1B2361079B210000932C
:10C14C000598069B09AAFFF7F5FE013048D101209E
:10C15C0040420BB0F0BD202209680A4322607822CD
:10C16C0032490491210045310A701968226840C98E
:10C17C00100602D4500600D5B6B21960D30702D50A
:10C18C00202313432360002E01D01027A8E7202280
:10C19C00236893432360F8E71A680D68101D4969FA
:10C1AC00186013682E0601D5196002E06D06FBD5E8
:10C1BC0019800023039D2361BFE71A68111D1960C4
:10C1CC00156800212800626800F032F8002801D0C0
:10C1DC00401B6060636823610023039A1370ACE713
:10C1EC002A00236906990598079DA8470130AED00F
:10C1FC0023689B0715D4099BE0689842A9DA1800BC
:10C20C00A7E72200012306990598079E1932B0472B
:10C21C0001309CD00135E368099A9B1AAB42F0DCE3
:10C22C00E9E70025F7E7C046A1E00008B2E0000806
:10C23C00C9B28218904201D10020704703788B421A
:10C24C00FBD00130F6E70000F8B5C046F8BC08BCDE
:10C25C009E467047F8B5C046F8BC08BC9E46704771
:10C26C0000000000000000000000000000000000C2
:10C27C0001000000020000000300000004000000A8
:10C28C0000000000000000000000000000000000A2
:10C29C000000000000000000000000000000000092
:10C2AC000100000002000000030000000400000078
:10C2BC000600000007000000080000000900000054
:10C2CC00010002000400060008000A000C00100027
:10C2DC002000400080000001427574746F6E53742E
:10C2EC0061747465203D2025640D0A0025366400B8
:10C2FC004F4E004F4646002A000000000000000090
:10C30C0000000000F96400081D6500081F1C1F1EBA
:10C31C001F1E1F1F1E1F1E600003020505040506BD
:10C32C00101000FE0AFE0BFF019B033404DC2006F8
:10C33C0000A0470121084131447148042208852896
:10C34C004691B905230F462544D5D3302451CB3023
:10C35C00443D012412472544170E4A1449E13C463A
:10C36C0052651033002514472544A3494929899463
:10C37C00344E1329899292A6002612472544B5956E
:10C38C00B24A282691968849264D012707813046C6
:10C39C003104280C83ED43954449D45B9405290D55
:10C3AC0083E943914559D44B9444002A0DE76444E6
:10C3BC0057AAB46D49532D032B0CE7644417D78649
:10C3CC00218B6B002C0982AC43A1240A002D07247D
:10C3DC00284531042E07422C4431042F0C462544A9
:10C3EC005BAC8669584D013012462544A54549A8D9
:10C3FC004D89126D6212651200310B452944954925
:10C40C0049D8A741320F4625443324A198665A587F
:10C41C004D870133104625443324A19846732A8A4C
:10C42C00C990003410462544196A4954C9922C19F4
:10C43C00C6B402350F4625447148AB839CA66232C4
:10C44C002400360F4625443585693A28A1633224E9
:10C45C0000370B462544712DA6C5B4093810462566
:10C46C00443324A1311992D031191200390E4625CA
:10C47C00443324A13119D4C668023A09E26C443120
:10C48C00C443003B0A22ED4331C44AA2003C0925B7
:10C49C0029449975ED003D09A6A44471270E033E6D
:10C4AC00092525449176EB083F0F4625443324A1FA
:10C4BC009886D51C4C23004012462544356552A263
:10C4CC00244BA4444A242DF110410E462544A54585
:10C4DC002DA1380CA26300420E4625443128A171CF
:10C4EC005842C76101430E4625443324A1B5A39895
:10C4FC000C0900440E46254431445912FA2D1922D8
:10C50C0000450D4625447148AB8392B60E03460C8C
:10C51C004625447148AB83927605470E4625443335
:10C52C0024A1B53484366509480B462544113A0ECE
:10C53C0083E831490B4529443148613F0D024A0ECD
:10C54C004725443588714F5994651B004B1146257E
:10C55C0044116A4954C94431C9A25A12064C0946BD
:10C56C00254491F6D7614D0D462544118AD3102DE3
:10C57C001E1D034E10462544116E9B1229919448A2
:10C58C0089760C4F0C4625443324A13F2643025098
:10C59C000D4625443128A17158D2AE00511767E5DC
:10C5AC00433344611226611226611226899248D2C5
:10C5BC0090030252104625443128A17158A25A9278
:10C5CC0025A118530D4625443324A1D9514C86047A
:10C5DC00540A47254471C8E2FE06550B4625441102
:10C5EC00FAC76448005611472544915A932CCAA2A5
:10C5FC00AC1226699C01570D462544117A71998617
:10C60C00681403580F462544118A49D4266A514BA5
:10C61C002806590E47254491AA4916659534EE060D
:10C62C005A0B462544712DF69A0E035B0A83F1438F
:10C63C003144FDD3005C0C46254491C6D5388DABF6
:10C64C00015D0A83E54331F54F43005E096664469C
:10C65C00A54549185F0727E4437108600763A8469E
:10C66C009115610E0625443324619A0CA34D590291
:10C67C00620E66254491B62C9AE8B8290B00630D1E
:10C68C000625443324A1DA31191200640C662544C2
:10C69C00DBB268A3376509650F0625443324A1383E
:10C6AC000C6A31191200660C6525442785A5410AD0
:10C6BC007B02671366A5439B2C5A922559B4A5435C
:10C6CC00128AC99000680C66254491B62C9AE863CE
:10C6DC0000690B65294415E688D8A7416A0CA5A505
:10C6EC00435947C43E4A91046B1166254491B625C3
:10C6FC00512513932CAA2561006C0A65294423F655
:10C70C004F83006D12072544B1285124455224450E
:10C71C0052244552016E0B062544912C9AE8630075
:10C72C006F0C0625443324A18FC99000700E46A5CA
:10C73C0043912C9AE8B8294B9A02710C46A543B345
:10C74C0068A33765490B720B062544912C9AA87681
:10C75C0005730D0625443324A1EC980C0900740BC9
:10C76C0045254415960629EC2A750A06254411FA26
:10C77C004D5902760C062544111A93A837510277AD
:10C78C0011072544914A9114499114499154B100CF
:10C79C00780F062544118A4994895A948462007949
:10C7AC000E46A543117A4C224B5A1912007A0A06EE
:10C7BC002544710D7B1D067B0EA4A943A56461164F
:10C7CC00156B51160A7C07C1B143F1417D0FA4A929
:10C7DC004321665116966A619648007E0A67244684
:10C7EC00A34991A6007F2310A28391F43B49E7A4AF
:10C7FC00930E493625611A2543924D49984E433282
:10C80C00EC9C744E3A29E90700000004FFFF00007D
:10C81C005F00030204030304050807000007000778
:10C82C000001330271039B2005006205210771236F
:10C83C00C5A0042207A37645A204230B55A24D657F
:10C84C00502A835201240A75A25536A8072D0225B9
:10C85C000A75A28534659D2601260E75A24D964457
:10C86C0049A648491429012706A1F684002808F393
:10C87C00625552AA152909F3624556AA94002A0A50
:10C88C0055AA4552D9B2A5012B0A55A655180D52D9
:10C89C0018012C07B22285A2002D0615AEC5202E3C
:10C8AC000691E244002F0875A265AD6308300C7543
:10C8BC00A2CD92494B3269C902310975A25526762F
:10C8CC001A04320A75A2CD928559DB20330C75A25D
:10C8DC00CD9285C9AA250B00340C75A25D2625A521
:10C8EC0064D0C204350B75A2C5311C522D590036CB
:10C8FC000C75A2959485439269C902370A75A2C535
:10C90C0020D68A2500380C75A2CD9269C99269C9C6
:10C91C0002390C75A2CD9269C9106691043A0631A0
:10C92C002745123B06C2224D363C0855A69D22A532
:10C93C00063D0835AAC5A00E023E0955A685AA4695
:10C94C008A063F0C75A2CD92859196431100400C3E
:10C95C0075A2CD9229C92159B221410B75A25596C8
:10C96C00D48621B305420D75A2C59064DAA064DAB1
:10C97C00A000430A75A2CD92896DC902440A75A222
:10C98C00C59064DE0605450B75A2C5311C92301CA2
:10C99C0004460A75A2C5311C92B008470C75A2CD8D
:10C9AC009289D1A6254300480A75A245661B86CC00
:10C9BC0016490A75A2C520859D06014A0975A2650E
:10C9CC00472D59004B0D75A2452625252D892A5931
:10C9DC00004C0875A245D8E3204D0C75A245B62C29
:10C9EC00899268B6004E0B75A245362989B4D902D6
:10C9FC004F0A75A2CD92794B1600500C75A2C590BA
:10CA0C0064DAA0844500510B75A2CD92B924923200
:10CA1C0004520C75A2C59064DAA064B600530B7571
:10CA2C00A2CD92A9AB962C00540975A2C520853DC8
:10CA3C0001550975A245E65BB200560A75A245E69A
:10CA4C002DA94500570A75A245E69228C92D580B09
:10CA5C0075A245A625B54A4D0B590A75A245664BDC
:10CA6C006A61095A0A75A2C520661D07015B07F2A7
:10CA7C0022C5D2455C0875A24598760C5D07F2225A
:10CA8C0085D2655E093872569C8459145F0615A2CE
:10CA9C00C5206006B3724556610B55A2C59026831E
:10CAAC00960C01620C75A245180E49661B140063A6
:10CABC000A55A2CD928959B200640A75A26565D057
:10CACC006CC910650A55A2CD920D433A04660B75DC
:10CADC00A29D144683149600670B55A2CDA0254346
:10CAEC00382800680A75A245180E49E616690A75B9
:10CAFC00A2550E8C4D83006A0B75A2650E85A1960E
:10CB0C002C006B0B75A245589392A992056C087377
:10CB1C00A345D49B006D0B55A285D2A2244AA21426
:10CB2C006E0955A24562D26C016F0955A2CD92D9FE
:10CB3C009205700B55A2C59064831286007109553D
:10CB4C00A2CDA0254358720955A24562128B0073E1
:10CB5C000955A2CDA01E1400740A75A255180D52C9
:10CB6C005815750955A245E6A42801760A55A24523
:10CB7C00664B6A1100770A55A245A6244A720B78B7
:10CB8C000A55A24596D42AB500790B55A245A6257F
:10CB9C00433828007A0955A2C5A0B50D027B0A734B
:10CBAC00228D12255914097C06F1E2C4217D0A73E9
:10CBBC002285544BA244017E0935B24D96D4120005
:10CBCC0000000004FFFF0000A98400083185000864
:10CBDC00B18400080001140A6464323200127A0035
:10CBEC000004289608062020400030001815A015D7
:10CBFC00C019FF1815A115C819FF1815AE19FF1883
:10CC0C0015AF19FF1815AE15D5168015A8162F15CA
:10CC1C00D316001540158D16141520160015A115E8
:10CC2C00C815DA1612158116CF15D9162215DB1672
:10CC3C0000152E15A415A619FF0000000000000019
:10CC4C0000000000998B00089B8B0008496E7075E2
:10CC5C00742069732076616C6964210D0A00496E39
:10CC6C0076616C696420696E70757421204E756DE7
:10CC7C00626572733A2025642C2074686520726595
:10CC8C00717569726564207175616E74697479204F
:10CC9C0069732031322E0D0A00770003020404035D
:10CCAC0002050B0C01FF0AFE0AFF00000000000247
:10CCBC0000000004FFFF4E0B18BBADE341CCB11CD0
:10CCCC004B7224CA812C0ED330CDB11C8B014E3249
:10CCDC0017CBAD371E4E59292B0DE774780CC57048
:10CCEC007808AB29004EAE18CBAD371D0E3A3C0C74
:10CCFC00611A0E430E0FEF5034AC61340F4EFB1B18
:10CD0C00CBAD2FC7422D5AC350CC92304D86210A41
:10CD1C00D3300DD3308D06054F111CCBADAF9CA578
:10CD2C00619A0C4322664936666394D4A2A4964455
:10CD3C008D6998014F5C1CCBAD2FC9913A100D53E6
:10CD4C0052D5C2241BB27216678394C5599C8500B8
:10CD5C004FE11DCBAD2B8BC3CA302839240D538E1C
:10CD6C0045C39463D13015A368988A0900503C1FC1
:10CD7C00CBAD2B8B936148C2341A16298CA2612A35
:10CD8C0046D13015A368988A51320C02505C1ECBE8
:10CD9C00ADAF3C0C528E458324654969D0722C1979
:10CDAC00862849A368D0C234D30050A822CBAD2B1F
:10CDBC004CC34AB45493644886A51626D1102589D1
:10CDCC005489862851A24A3444619400517318CB7B
:10CDDC00AD2BADE594E19C63E970507328C9812CAF
:10CDEC002DE9800051FA17CBAD37CE4A59292B0DBE
:10CDFC00E71C4BC3500CC57078C70252061ACBAD5A
:10CE0C00AF9CA5C534CB8124198624CCE22C0DD340
:10CE1C00B09A651B0052201CCBAD1F1B924DE9A292
:10CE2C007451BA0C8744E9A27451BA286D4A5B223A
:10CE3C0019529F1ACBAD3BC7C24189A361CA4A594B
:10CE4C00292B65A521DCC26A162A0052A11ACBAD8A
:10CE5C002F8786214BB21C9835490AC51C38A8610E
:10CE6C001A56B3500352A81DCBAD1F08B71CCBA14B
:10CE7C00E1103546491A25B5488BA261C9E22C8DC3
:10CE8C00140052A91FCBAD1F0887288C8A51322859
:10CE9C004354895AA29621AA442DC9900D59355252
:10CEAC0000535518CBAD2BAD85C3292B0DA7AC3436
:10CEBC009CD3E1A0E6588EA500538218BBAD673811
:10CECC00243996633996633996633996633994633A
:10CEDC0000538B1ABBAD6738243916A6611AA6C944
:10CEEC003044611A265918152BC30153D61EBBADFD
:10CEFC00E31C2543D4120D5112B5444394442D51D7
:10CF0C002445831647499A640153E314A9B6E321D7
:10CF1C00077440077440077440071E7420542F1A7E
:10CF2C00CBAD3707E3E19403510E44C329C7869375
:10CF3C009C94936438C501546820CBAD6B38E540A4
:10CF4C009495924189B2D270CA8128199428C992B9
:10CF5C002819943AA2030355241DCBAD379D86287E
:10CF6C00A94589564986A553D229E9940C2F51928B
:10CF7C0003599A0A56FE19CBADE35B2A0D92A245D2
:10CF8C00DA411B3451CD2455D486871C0A57281AF4
:10CF9C00CBAD33C7E2E1A0E558350CC52C89062D85
:10CFAC004CC3344C93610859071DCBAD2F87862198
:10CFBC004BB21C98354907A46108A3E23084517127
:10CFCC0018C23402590D1CCBAD6BB8E450320C5A5C
:10CFDC009C0D831667C320E6D0304849180FE10139
:10CFEC00592917BBAD6738E7588EA5C341CDA1248D
:10CFFC0047EA409696744059CB22CBAD2B4CC334A8
:10D00C000B87248B926458CA496550A2248B925A80
:10D01C00298B926450A2244B005B581CCBAD33C7B8
:10D02C00E2E1A0E550346869266649320C519886D5
:10D03C006998661A005B8C15CBAD371DDEA11C1EE2
:10D04C00869C6D3868E52C0DA3795B9E1ACBAD37A9
:10D05C001DDEA12CCA9172960351381CD41C8A4433
:10D06C0035D191005BF91ECBAD1FCAB16410D364EE
:10D07C00102B591825514B966461122569544CB2EA
:10D08C0068015BFC19CBAD6738E540349C722C47CA
:10D09C00A2E14E8D868394167364025C4F21CBAD56
:10D0AC0067382439920C87240AA32CCA926150B297
:10D0BC00282B65C321C9A22CCAA262045DF218BA3E
:10D0CC00AEE31DCAA12407921C48864B0EE5508E78
:10D0DC00E848321C5E5519CBADAF361CB4E270CAB1
:10D0EC004AC331071EA4B6E152AA4415095E74184E
:10D0FC00CBAD2BC7726CB884D57818B472160E07EA
:10D10C0039C7722C045EA61DCBAD3B1D0E49946530
:10D11C00C32189B2D2A0E558320C5131CAA22CD409
:10D12C00A2035F0017BBAD67386671166771960D69
:10D13C0007AD9CA5611A5633005F551BCBAD671824
:10D14C00742C1C861C8B86831A672D4B9A54A392C5
:10D15C0096892A005F851DCBADAF1AD60625CAD29B
:10D16C00641812354A926188D2302A66499886D959
:10D17C00045FD719CBAD37C7D2E1A0E6583CDC69C8
:10D18C007112B544991426E12001603B1BCBAD2BE9
:10D19C00AD85C32907A21C8872201AEEB452126501
:10D1AC004931D10609606220CBADAB0E4439900CED
:10D1BC0083A2A449D4125594162D694CB23089928D
:10D1CC004CAA456100606F1BCBAD33079E72201AD1
:10D1DC004E39100DA71C888673256A09136D5002F1
:10D1EC0062101CCBAD3BC991281A0E499886E99068
:10D1FC00442D514B2D6A49946ED99606626B1ECB09
:10D20C00AD2BC7A261CA816B9403513648EB9003D6
:10D21C00510E44391045C3A20301636E1ECBAD2BD6
:10D22C00C7A2612A0ECA303546C3A444D1618AB460
:10D23C0028A945493228531663CF21CBADAB5619DB
:10D24C0086A8960C39940C439444A5291A926188AB
:10D25C0092A8256A1986444903653920CBAD3B1C3D
:10D26C00A21C8872201AB4244B06254AD228499352
:10D27C00A856C99248AB64690065481CCBAD2B8C91
:10D28C00B36C58726C48A224AA25CD49964449D84F
:10D29C0092B5B4660165701FCBADAF983467D9B049
:10D2AC000C91D42225A5A42D4C92414AA25AA82512
:10D2BC008994640165E018BBAD6738E7588EA5C347
:10D2CC00414C72A40E4471560933790865E515B9C1
:10D2DC00AEE321077440071E7440077440071E74A8
:10D2EC002065F621CBAD1F4A863489D2244A86218B
:10D2FC004A93214DA296284B4A59920C6912A53992
:10D30C00B200663E1ABBAD6738E540349C72201AF9
:10D31C008E59298B925A9259B36C3808668220CB5D
:10D32C00AD2B5506454CA27448062DAA0C4A142662
:10D33C0059360C611A0E439886C3100166F418BB5B
:10D34C00ADE3418D8753561A4E596938653910E54E
:10D35C00883C0D03670819BAAD6B18A4388AA36111
:10D36C0090E2288E86418A931C4872401E67091CE5
:10D37C00CBAD33C7E2E1A0E5D0304872920C8316F6
:10D38C0067C3A0C5599CA50A00671F22CBAD27CA4D
:10D39C0081281A0E4994442D43342451CB1055A2A4
:10D3AC00683824510E444954122501672A18CBAD14
:10D3BC0037C7E2E19C63E970107720A946252D530D
:10D3CC00732C05672C1ACBAD37C7D2E1A0E6D00E73
:10D3DC0024E5A41AD55A926148D21C4B01673A1E17
:10D3EC00CBAD2BC7A2218C4A431285516D89324596
:10D3FC00AA44C5A81855A2244B2255675F19CBAD7A
:10D40C00371D0E6A3C9CB252561AAE3B9054A392F6
:10D41C0096A9290068071ECBAD2BC7A241CB912141
:10D42C0087926148C470AB44492D4AA24AD498668D
:10D43C001A0068371BCBADABD61226C3414BC35079
:10D44C001AA4AD12A6C93044611AA6610668C020A0
:10D45C00CBAD2B4CC3344BA221C92A69220DD20E61
:10D46C0024599425519245492D2A26C3106B211914
:10D47C00CBADB71867C398864914463916474998F7
:10D48C0025596B2D07026B6218CBAD3BC7722CCEA6
:10D49C00E26CC8CA599CC5599CC559381C046B63AD
:10D4AC001BBBAD6738E7588EE5409403D1A04539D6
:10D4BC0010E5409403513A1C046BCF1DCBAD2BC728
:10D4CC00864B0E25C3A0455953321C94288CB2D2DE
:10D4DC0070C8A11C98006C141ACBAD2BC7864B0ED0
:10D4EC0025C3A0C3C3A0633996633996E4908E0517
:10D4FC006C601ECBAD3B4C2B5122464A984849A43C
:10D50C0044D1548C8A5122255118C5E130046CA1A8
:10D51C001ACBAD271AC4248BB334DDC16418D230B6
:10D52C00CDC22809DB1451156D4B1DCBAD1F530615
:10D53C002DD19252D22969517A513A259D929E52FF
:10D54C002909A32C126D881DCBAD1F08A35EEA48D8
:10D55C00960D4312A5E1308469940C4312A55A1A16
:10D56C0086026E051DCBAD3B4C864B9803871C0881
:10D57C0093E1520D87214CA3641892280D43056E3C
:10D58C00291BCBAD7390B2A641CEE241CAC164183F
:10D59C00C2A44D694A7A4ADA86036E7F20CBAD234A
:10D5AC0007936108D3701892288D92618893344A3E
:10D5BC00A22C69CA922C4CD2E10071671EBBAD63E0
:10D5CC00488621AA49B5418994488E926188927007
:10D5DC0050861D4DA24A1615724820CBAD2F552AE8
:10D5EC0043969493F27048B2244AB2244A96A6A465
:10D5FC005352CA122929D50273B01FBBAD6348061A
:10D60C002DCA4A492D4A2A43D21625B528A9554276
:10D61C002989B428094301752817BAAD67B86495F0
:10D62C00AC325CB24A56192E5925AB64993C75350F
:10D63C0019CBAD33C7E2E19495B2D270CA4A59699D
:10D64C0038656998A6C300772024CBAD6348862142
:10D65C004A422909076518A2246A89A22119862839
:10D66C00895AA26848A2444A24350C786E1DCBAD69
:10D67C003B1CA2218BB26A960DCB525A9261E99453
:10D68C0054866529259DC250793A17BBAD6B18722B
:10D69C00B6E1A0E6580E44C5288BB2502CAA0079EE
:10D6AC00D21DCBADAF36A6619245493428A596283C
:10D6BC0051A2708B94384BC34C4D54007ED31DCB70
:10D6CC00AD2B4CC3D230485936A6D120E5D0900CA6
:10D6DC0072962959A20D7296007F6E1ACBAD6738DF
:10D6EC0055A26838A7C341CD81439886691815A304
:10D6FC00D2701080FD23CBAD2B8B5A4A83A2435999
:10D70C0032444312E5C090A451124543528B122966
:10D71C0089922C49A42181EA16C9AE3307D2E19033
:10D72C00033AF0A0033AF0A0033AF010884C1CCB5B
:10D73C00AD2F87A241CAA13A940C43A246491AA61E
:10D74C00611AA6611A66130089C81CCBAD2F0AA3F7
:10D75C0068982A51250B736438E5409495B26A1287
:10D76C004BD93A048BA419CBAD272DE6588E6563A3
:10D77C001AA65912664998342A59294B0B8BB01C9E
:10D78C00CBAD2707A341C7722C99B368D0A21C88D4
:10D79C007220D101258C8AF1208BBE1DCBAD271BAD
:10D7AC00C2A80E443910454B28E558326C51D6129C
:10D7BC006A6996C49A008C611BCBAD2F878631CDDC
:10D7CC008643949586A318495545949454890649E3
:10D7DC00048F851FCBAD274DA2341A926148D22CF1
:10D7EC004986412945C35312958697A8256A090590
:10D7FC008FC71BCBAD2707B238C7D2E1106751D604
:10D80C009495B2380BA72407B261088FD01CCBAD0E
:10D81C002707A341675A86210AD32C8EB2CA3044FB
:10D82C003990D4816C18028FDB1BCBAD278BC2A82F
:10D83C003CCC513415A3E2706A8C8A4956C9816C70
:10D84C001802901A1FCBAD231AB6528EC8C390285B
:10D85C0051CB304449D4320C5112B544899443C94C
:10D86C0070919221CBAD63500629CB866558DA9422
:10D87C00CA30245A9425A5411936A9960C872CCA6E
:10D88C00924191C71ACBAD7B88061DCA81AC350776
:10D89C00D2E120EE40528D4A5AA6A60091CD19CB6A
:10D8AC00AD7B88061D4B878392958653561ACEF115
:10D8BC00704E87830091CF1ACBAD673865A5304A7F
:10D8CC00868392958653561ACEF1704E87830095B7
:10D8DC00F41ECAAE231A86240772481916254C94D6
:10D8EC00305186450913254C9461D1117996081F46
:10D8FC00CBAD231A06254CCA99320C899A294BA612
:10D90C007451BA288BA425154B62CB06966420CB98
:10D91C00AD1FC8B6244AA22C69DD0645CD92641809
:10D92C0094304BA2A42295A42C52350096C619CB48
:10D93C00AD2F8A878B1626C3A09587412B0FD774E2
:10D94C0038484D5A26FF010992BFE3211C02FF1AE9
:10D95C000962BF63088700FF1F10B6B64B8B1269B4
:10D96C008834A31D132500000043203D202564436B
:10D97C002C205248203D20256425250D0A00FFFF50
:10D98C00FFFF3FFF1FFF1FFF3FFF7FE73FC201C0AD
:10D99C0021FE73FF7FFE7FFC7FFC7FFEFFFFFFFFFE
:10D9AC00FFFFDFFF8FFF8FFF8FE39FC13FE03FFE45
:10D9BC0003FEC1FCE3F8FFF8FFF8FFFDFFFFFFFFDC
:10D9CC00FFFFFFFFEFFFC7F387E18FF13FF83FFE4B
:10D9DC000FFEC7F8C3F0E7F1FFFBFFFFFFFFFFFFF0
:10D9EC00FFFFFFFFFFF9F7F0E3F8C3FC07FE3FFE74
:10D9FC003FF09FE18FE387F7CFFFFFFFFFFFFFFFB4
:10DA0C00FFFFFFFC7FFC7FFC7FFEF1FE01FE23E2AB
:10DA1C003FC0BFC73FFF1FFF1FFF9FFFFFFF60906F
:10DA2C009060000E112020202020110EE0A1E204B5
:10DA3C000810204785071FC03FE05FD0E038E03872
:10DA4C00E038E038E038E038E038401000004010B2
:10DA5C00E038E038E038E038E038E0385FD03FE0DC
:10DA6C001FC00000000000100038003800380038DB
:10DA7C000038003800380010000000100038003862
:10DA8C0000380038003800380010000000001FC0BB
:10DA9C003FE01FD00038003800380038003800381C
:10DAAC0000381FD03FE05FC0E000E000E000E00085
:10DABC00E000E0005FC03FE01FC01FC03FE01FD090
:10DACC0000380038003800380038003800381FD0D3
:10DADC003FE01FD0003800380038003800380038DC
:10DAEC001FD03FE01FC0000000004010E038E038BD
:10DAFC00E038E038E038E038E0385FD03FE01FD065
:10DB0C0000380038003800380038003800100000A9
:10DB1C0000001FC03FE05FC0E000E000E000E0005C
:10DB2C00E000E000E0005FC03FE01FD000380038AC
:10DB3C0000380038003800381FD03FE01FC01FC02D
:10DB4C003FE05FC0E000E000E000E000E000E0004B
:10DB5C00E0005FC03FE05FD0E038E038E038E0380C
:10DB6C00E038E0385FD03FE01FC01FC03FE01FD05F
:10DB7C000038003800380038003800380038001001
:10DB8C000000001000380038003800380038003829
:10DB9C000010000000001FC03FE05FD0E038E0380C
:10DBAC00E038E038E038E038E0385FD03FE05FD074
:10DBBC00E038E038E038E038E038E0385FD03FE07B
:10DBCC001FC01FC03FE05FD0E038E038E038E038DD
:10DBDC00E038E038E0385FD03FE01FD00038003844
:10DBEC0000380038003800381FD03FE01FC000005C
:10DBFC000000000000000000000000000000000019
:10DC0C0000001FC03FE01FC000000000000000002B
:10DC1C0000000000000000000000E794B5E9878FC9
:10DC2C000041444300253031642E253032645600C7
:10DC3C002533642525009F01E5B7B2E9878700E508
:10DC4C00BE85E9878700253032642F253032642F5A
:10DC5C002530326400253032643A253032643A255E
:10DC6C0030326400E5BC80E5A78BE697B6E997B443
:10DC7C0000E9809AE8BF87E4B8B2E58FA300E5AF6E
:10DC8C00BCE587BAE695B0E68DAEEFBC9F00E5B774
:10DC9C00B2E5AFBC00E5BE85E5AFBC00E6ADA3E5E3
:10DCAC009CA8E5AFBCE587BA0044617465202620CA
:10DCBC0054696D6520202020202020202C20542801
:10DCCC004329202C2048282525290D0A00253034ED
:10DCDC00642F253032642F25303264202530326495
:10DCEC003A253032643A253032642C2025303264A7
:10DCFC002E25303264202C253032642E25303264AF
:10DD0C000D0A00E5AFBCE587BAE5AE8CE68890EF6E
:10DD1C00BC8100256C646D7300E5AFBCE587BAE788
:10DD2C0094A8E697B6EFBC9A00E6B2A1E69C89E609
:10DD3C0095B0E68DAEEFBC8100E697B6E997B4E6F8
:10DD4C009C89E69588EFBC8100E69BB4E694B9E625
:10DD5C0097B6E997B4EFBC9F00E697B6E997B4E69F
:10DD6C0097A0E69588EFBC81004E6F7468696E676A
:10DD7C002100307825303258003C413E7625642E07
:10DD8C002564003234432530326400423A20253574
:10DD9C006C6400503A20253564005341552D4730B2
:10DDAC00333100536570203330203230323400313F
:10DDBC00373A33333A3136006769746875622E63CB
:10DDCC006F6D2F006F6C646765726D616E00493208
:10DDDC0043323A00493243313A004932433120450B
:10DDEC00583A00E69A82E69CAAE5AE9EE78EB0EF22
:10DDFC00BC8100E58F96E6B68800E7A1AEE8AEA43C
:10DE0C00003FFF80200080EDB680ADB680ADB680BF
:10DE1C00EDB6802000803FFF800FC7C306001F01B6
:10DE2C00F01FCFE306003F83F83FDFF306007FC708
:10DE3C00FC381C73060071C71C3C183306006006C6
:10DE4C000C1F1BF3067E67C60C0F9BF3067E67C682
:10DE5C000C03D833060060C60C01D8338E0071C792
:10DE6C001C3FD833FE007FC7FC3F9831FC003F833A
:10DE7C00F83F1830F8001F01F063616E6E6F74206C
:10DE8C00637265617465207374643A3A7665637481
:10DE9C006F72206C6172676572207468616E206DA0
:10DEAC0061785F73697A65282900E680BBE8A788EA
:10DEBC0000E5B9B400E69C8800E697A500E697B6A5
:10DECC0000E5888600E6B8A9E5BAA600E6B9BFE584
:10DEDC00BAA600E98787E99B86E5AFB9E8B1A1004E
:10DEEC00E6A0B7E69CACE695B000E6AF8FE5A4A93A
:10DEFC00E6ACA1E695B000E680BBE6ACA1E695B039
:10DF0C0000E4B88BE6ACA1E697B6E997B400E7BBA2
:10DF1C0093E69D9FE697B6E997B400E4BBBBE58A10
:10DF2C00A1E8AEBEE7BDAE00E4BBBBE58AA1E8BF8D
:10DF3C009BE5BAA600E4BBBBE58AA1E5BC80E58500
:10DF4C00B300E588A0E999A4E4BBBBE58AA100E68F
:10DF5C00B885E999A4E8AEB0E5BD9500E5AFBCE5A0
:10DF6C0087BAE695B0E68DAE00E7A79200E69BB4C3
:10DF7C00E694B9E697B6E997B400E5B18FE5B995A3
:10DF8C00E4BAAEE5BAA600E5BC80E69CBAE59BBE59
:10DF9C00E6A08700E58AA8E4BD9CE99888E580BCEA
:10DFAC0000E887AAE58AA8E4BC91E79CA000E69764
:10DFBC00B6E997B4E99888E580BC005300E689ABD4
:10DFCC00E68F8FE8AEBEE5A48700E6A380E6B58BAE
:10DFDC00E582A8E5AD9800E794B5E6B1A000E8BFEE
:10DFEC0090E8A18CE697B6E997B400E9878DE590A7
:10DFFC00AF00E681A2E5A48DE587BAE58E8200E646
:10E00C0095B0E68DAEE98787E99B8600E697A5E695
:10E01C009C9FE697B6E997B400E698BEE7A4BAE8E9
:10E02C00AEBEE7BDAE00E4BC91E79CA0E594A4E9CC
:10E03C00869200E8BE85E58AA9E58A9FE883BD0043
:10E04C00E78988E69CACE4BFA1E681AF004F44476A
:10E05C0049524F4E2D4669726D776172652D76313E
:10E06C002E300042793A204F6C644765726D616EB8
:10E07C0000000000000000000000000037AC0008A9
:10E08C0039AC0008232D302B2000686C4C006566E1
:10E09C0067454647003031323334353637383941ED
:10E0AC004243444546003031323334353637383903
:08E0BC00616263646566000007
:08E0C400B823FF7F01000000FA
:10E0CC00E500000809620008597900081D8E000857
:10E0DC008593000839940008E9970008D198000846
:04E0EC004DB7000824
:0CE0F000BD000008E198000857B70008C8
:10E0FC000024F400010000000400000001011E01D6
:10E10C0001000000A6DD0008AFDD0008BBDD000843
:10E11C00C4DD0008D0DD0008DADD0008E0DD000811
:10E12C00E6DD0008EFDD0008FFDD000806DE000874
:10E13C00980900204800002000000000600B00201F
:10E14C00C80B0020300C0020000000000000000074
:10E15C0000000000000000000000000000000000B3
:10E16C0000000000000000000000000000000000A3
:10E17C000000000000000000000000000000000093
:04E18C00000000008F
:0400000508001219C4
:00000001FF
